event,fastlio_time_us,gpr_time_us,pos_x,pos_y,pos_z,gpr_position,gpr_velocity,left_position,right_position
KEY_PRESS_START,1760550064560597,1760550064568323,-0.007952,-0.036403,-0.015764,74.493729,-0.248903,0.000000,0.000000
ARDUINO_START,1760550064560597,1760550064568323,-0.007189,-0.037352,-0.017147,74.493729,-0.248903,0.000000,0.000000
PRE_MOTOR,1760550065759723,1760550066627187,-0.006452,-0.038560,-0.018538,74.494598,0.029540,386.909760,88.941040
PRE_MOTOR,1760550065859627,1760550066637265,-0.005431,-0.040317,-0.020967,74.496544,0.484972,386.909760,88.941040
PRE_MOTOR,1760550065959626,1760550066647369,-0.004653,-0.041895,-0.024062,74.494492,0.282740,386.909760,88.941040
PRE_MOTOR,1760550066059633,1760550066667296,-0.004596,-0.042907,-0.025785,74.494125,-0.219302,386.909760,88.941040
PRE_MOTOR,1760550066159070,1760550066677296,-0.005117,-0.042726,-0.025958,74.493126,-0.393005,386.909760,88.941040
PRE_MOTOR,1760550066260657,1760550066687342,-0.006152,-0.041286,-0.024719,74.492935,-0.202754,386.909760,88.941040
PRE_MOTOR,1760550066359709,1760550066697496,-0.007442,-0.039276,-0.022186,74.493362,-0.170314,386.909760,88.941048
PRE_MOTOR,1760550066459748,1760550066707438,-0.008550,-0.037389,-0.018351,74.493279,0.028825,386.909760,88.941040
PRE_MOTOR,1760550066559771,1760550066717470,-0.009142,-0.036186,-0.016302,74.493568,0.419213,386.909760,88.941040
PRE_MOTOR,1760550066659605,1760550066727516,-0.010123,-0.034967,-0.012817,74.493317,-0.216389,386.909760,88.941040
PRE_MOTOR,0,1760550066767146,-0.010123,-0.034967,-0.012817,74.494110,0.027103,386.909760,88.941040
PRE_MOTOR,1760550066759645,1760550066787380,-0.010887,-0.034458,-0.009600,74.493698,-0.252651,386.909760,88.941040
PRE_MOTOR,0,1760550066797444,-0.010887,-0.034458,-0.009600,74.493729,0.245606,386.909760,88.941040
PRE_MOTOR,0,1760550066807480,-0.010887,-0.034458,-0.009600,74.493523,-0.166262,386.909760,88.941040
PRE_MOTOR,0,1760550066817510,-0.010887,-0.034458,-0.009600,74.493675,-0.112640,386.909760,88.941040
PRE_MOTOR,0,1760550066857231,-0.010887,-0.034458,-0.009600,74.494095,-0.184642,386.909760,88.941040
PRE_MOTOR,0,1760550066867203,-0.010887,-0.034458,-0.009600,74.494469,0.167450,386.909760,88.941040
PRE_MOTOR,1760550066860676,1760550066897456,-0.010633,-0.033929,-0.006871,74.495392,0.058157,386.909760,88.941040
PRE_MOTOR,0,1760550066907482,-0.010633,-0.033929,-0.006871,74.494324,0.123305,386.909760,88.941040
PRE_MOTOR,0,1760550066917459,-0.010633,-0.033929,-0.006871,74.493942,-0.079462,386.909760,88.941040
PRE_MOTOR,0,1760550066947174,-0.010633,-0.033929,-0.006871,74.494850,0.247812,386.909760,88.941040
PRE_MOTOR,0,1760550066957252,-0.010633,-0.033929,-0.006871,74.494133,0.047384,386.909760,88.941040
PRE_MOTOR,1760550066959792,1760550066996462,-0.009691,-0.033579,-0.006098,74.494728,0.201358,386.909760,88.941040
PRE_MOTOR,0,1760550067006529,-0.009691,-0.033579,-0.006098,74.494591,0.338918,386.909760,88.941040
PRE_MOTOR,0,1760550067026189,-0.009691,-0.033579,-0.006098,74.495300,0.321893,386.909760,88.941040
PRE_MOTOR,0,1760550067066335,-0.009691,-0.033579,-0.006098,74.493843,-0.581155,386.909760,88.941040
PRE_MOTOR,1760550067059683,1760550067096516,-0.007495,-0.032884,-0.006479,74.495399,0.592602,386.909760,88.941040
PRE_MOTOR,0,1760550067116170,-0.007495,-0.032884,-0.006479,74.494461,0.004170,386.909760,88.941040
PRE_MOTOR,0,1760550067146533,-0.007495,-0.032884,-0.006479,74.495720,0.459431,386.909760,88.941040
PRE_MOTOR,0,1760550067156572,-0.007495,-0.032884,-0.006479,74.494232,0.042869,386.909760,88.941040
PRE_MOTOR,1760550067159466,1760550067196224,-0.006059,-0.031866,-0.008875,74.494118,0.049403,386.909760,88.941040
PRE_MOTOR,0,1760550067206334,-0.006059,-0.031866,-0.008875,74.493248,-0.578204,386.909760,88.941040
PRE_MOTOR,0,1760550067216348,-0.006059,-0.031866,-0.008875,74.494087,0.176830,386.909760,88.941040
PRE_MOTOR,0,1760550067246246,-0.006059,-0.031866,-0.008875,74.493652,-0.137294,386.909760,88.941048
GPR_MOTOR_START,1760550067259725,1760550067296512,-0.004379,-0.031167,-0.013391,74.458160,-3.679412,386.909760,88.941040
SCANNING,0,1760550067306567,-0.004379,-0.031167,-0.013391,74.439583,-2.664881,386.909760,88.941040
SCANNING,0,1760550067346408,-0.004379,-0.031167,-0.013391,74.454338,2.386903,386.909760,88.941040
SCANNING,0,1760550067366376,-0.004379,-0.031167,-0.013391,74.510117,3.716555,386.909760,88.941040
SCANNING,1760550067359742,1760550067396170,-0.003035,-0.031516,-0.019020,74.589485,2.371204,386.909760,88.941040
SCANNING,0,1760550067406239,-0.003035,-0.031516,-0.019020,74.609749,1.366367,386.909760,88.941040
SCANNING,0,1760550067416323,-0.003035,-0.031516,-0.019020,74.634483,0.304623,386.909760,88.941048
SCANNING,0,1760550067456334,-0.003035,-0.031516,-0.019020,74.746788,3.021559,386.909760,88.941040
SCANNING,0,1760550067466447,-0.003035,-0.031516,-0.019020,74.770638,3.712019,386.909760,88.941040
SCANNING,1760550067460530,1760550067496213,-0.002636,-0.032877,-0.026511,74.850052,3.619442,386.909760,88.941040
SCANNING,0,1760550067506265,-0.002636,-0.032877,-0.026511,74.875702,4.248610,386.909760,88.941040
SCANNING,0,1760550067516303,-0.002636,-0.032877,-0.026511,74.900391,3.580238,386.909760,88.941040
SCANNING,0,1760550067525457,-0.002636,-0.032877,-0.026511,74.932045,4.507752,386.909760,88.941040
SCANNING,0,1760550067566538,-0.002636,-0.032877,-0.026511,75.029610,1.631758,386.909760,88.941040
SCANNING,1760550067559675,1760550067596308,-0.003762,-0.034751,-0.032129,75.113533,1.220273,386.909760,88.941040
SCANNING,0,1760550067606370,-0.003762,-0.034751,-0.032129,75.142296,2.185056,386.909760,88.941040
SCANNING,0,1760550067616585,-0.003762,-0.034751,-0.032129,75.166145,2.152210,386.909760,88.941040
SCANNING,0,1760550067646365,-0.003762,-0.034751,-0.032129,75.247131,1.871700,386.909760,88.941040
SCANNING,1760550067659533,1760550067696514,-0.004767,-0.036355,-0.036090,75.383667,3.859010,386.909760,88.941040
SCANNING,0,1760550067706521,-0.004767,-0.036355,-0.036090,75.408920,3.322457,386.909760,88.941040
SCANNING,0,1760550067726189,-0.004767,-0.036355,-0.036090,75.465515,5.376955,386.909760,88.941040
SCANNING,0,1760550067746340,-0.004767,-0.036355,-0.036090,75.514374,4.296293,386.909760,88.941040
SCANNING,0,1760550067766249,-0.004767,-0.036355,-0.036090,75.570702,4.002784,386.909760,88.941040
SCANNING,1760550067760648,1760550067796551,-0.004480,-0.038205,-0.038521,75.645134,3.617603,386.909760,88.941040
SCANNING,0,1760550067816214,-0.004480,-0.038205,-0.038521,75.696968,1.256320,386.909760,88.941048
SCANNING,0,1760550067846526,-0.004480,-0.038205,-0.038521,75.776848,2.480063,386.909760,88.941040
SCANNING,0,1760550067866228,-0.004480,-0.038205,-0.038521,75.832886,3.311332,386.909760,88.941040
SCANNING,1760550067859784,1760550067876260,-0.004638,-0.039733,-0.039525,75.857399,2.978101,386.909760,88.941040
SCANNING,0,1760550067906218,-0.004638,-0.039733,-0.039525,75.938019,3.468649,386.909760,88.941040
SCANNING,0,1760550067916267,-0.004638,-0.039733,-0.039525,75.969437,4.065291,386.909760,88.941040
SCANNING,0,1760550067946451,-0.004638,-0.039733,-0.039525,76.037010,3.332200,386.909760,88.941040
SCANNING,0,1760550067966510,-0.004638,-0.039733,-0.039525,76.089973,1.281583,386.909760,88.941040
SCANNING,1760550067959755,1760550068006181,-0.004256,-0.040668,-0.037805,76.194458,0.896152,386.909760,88.941040
SCANNING,0,1760550068016241,-0.004256,-0.040668,-0.037805,76.222328,1.081307,386.909760,88.941048
SCANNING,0,1760550068046455,-0.004256,-0.040668,-0.037805,76.302513,1.144773,386.909760,88.941040
SCANNING,0,1760550068066408,-0.004256,-0.040668,-0.037805,76.361267,2.754359,386.909760,88.941040
SCANNING,1760550068059557,1760550068106245,-0.003296,-0.041793,-0.037666,76.471741,3.612898,386.909760,88.941040
SCANNING,0,1760550068116228,-0.003296,-0.041793,-0.037666,76.494667,3.212073,386.909760,88.941040
SCANNING,0,1760550068156368,-0.003296,-0.041793,-0.037666,76.602669,3.997500,386.909760,88.941040
SCANNING,0,1760550068166365,-0.003296,-0.041793,-0.037666,76.626396,4.296507,386.909760,88.941040
SCANNING,1760550068159685,1760550068206238,-0.002316,-0.043373,-0.035377,76.729645,2.259615,386.909760,88.941040
SCANNING,0,1760550068216431,-0.002316,-0.043373,-0.035377,76.753052,1.197259,386.909760,88.941040
SCANNING,0,1760550068256424,-0.002316,-0.043373,-0.035377,76.859764,1.329317,386.909760,88.941032
SCANNING,1760550068259690,1760550068295354,-0.002705,-0.045054,-0.033937,76.967873,0.289409,386.909760,88.941040
SCANNING,0,1760550068305403,-0.002705,-0.045054,-0.033937,76.996216,1.367132,386.909760,88.941040
SCANNING,0,1760550068315502,-0.002705,-0.045054,-0.033937,77.025093,2.777583,386.909760,88.941040
SCANNING,0,1760550068325556,-0.002705,-0.045054,-0.033937,77.052330,4.381990,386.909760,88.941040
SCANNING,0,1760550068345205,-0.003962,-0.045791,-0.032628,77.100990,3.113951,386.909760,88.941048
SCANNING,1760550068359369,1760550068375254,-0.003962,-0.045791,-0.032628,77.178452,2.989328,386.909760,88.941048
SCANNING,0,1760550068395410,-0.005010,-0.044244,-0.033079,77.235947,3.491938,386.909760,88.941040
SCANNING,0,1760550068405469,-0.005010,-0.044244,-0.033079,77.260178,3.380325,386.909760,88.941040
SCANNING,0,1760550068415607,-0.005010,-0.044244,-0.033079,77.289230,4.454826,386.909760,88.941040
SCANNING,0,1760550068445365,-0.005010,-0.044244,-0.033079,77.364456,2.189007,386.909760,88.941040
SCANNING,0,1760550068465224,-0.005010,-0.044244,-0.033079,77.418175,2.221872,386.909760,88.941040
SCANNING,0,1760550068475347,-0.005010,-0.044244,-0.033079,77.444633,1.043623,386.909760,88.941040
SCANNING,1760550068459684,1760550068495531,-0.005010,-0.044244,-0.033079,77.497406,1.319429,386.909760,88.941040
SCANNING,0,1760550068515240,-0.005010,-0.044244,-0.033079,77.550034,0.986597,386.909760,88.941040
SCANNING,0,1760550068525380,-0.005010,-0.044244,-0.033079,77.579475,1.394195,386.909760,88.941040
SCANNING,0,1760550068545480,-0.005010,-0.044244,-0.033079,77.634995,2.367890,386.909760,88.941040
SCANNING,0,1760550068555564,-0.005010,-0.044244,-0.033079,77.661263,1.903563,386.909760,88.941040
SCANNING,1760550068559587,1760550068594679,-0.004927,-0.044563,-0.034409,77.762283,2.952893,386.909760,88.941040
SCANNING,0,1760550068605255,-0.004927,-0.044563,-0.034409,77.790192,3.784728,386.909760,88.941040
SCANNING,0,1760550068615328,-0.004927,-0.044563,-0.034409,77.817741,3.897527,386.909760,88.941040
SCANNING,0,1760550068625393,-0.004927,-0.044563,-0.034409,77.843758,2.861058,386.909760,88.941032
SCANNING,0,1760550068645629,-0.004927,-0.044563,-0.034409,77.893784,2.554623,386.909760,88.941040
SCANNING,0,1760550068664530,-0.004927,-0.044563,-0.034409,77.949211,3.380057,386.909760,88.941040
SCANNING,0,1760550068674571,-0.004927,-0.044563,-0.034409,77.975975,2.788941,386.909760,88.941040
SCANNING,1760550068659713,1760550068695259,-0.004000,-0.044180,-0.036333,78.026573,0.917557,386.909760,88.941040
SCANNING,0,1760550068705351,-0.004000,-0.044180,-0.036333,78.055740,2.440094,386.909760,88.941040
SCANNING,0,1760550068715443,-0.004000,-0.044180,-0.036333,78.086121,2.280636,386.909760,88.941040
SCANNING,0,1760550068725509,-0.004000,-0.044180,-0.036333,78.113235,3.738156,386.909760,88.941040
SCANNING,0,1760550068745356,-0.004000,-0.044180,-0.036333,78.164421,3.346055,386.909760,88.941040
SCANNING,0,1760550068765213,-0.004000,-0.044180,-0.036333,78.217194,3.479829,386.909760,88.941040
SCANNING,1760550068759658,1760550068795490,-0.002662,-0.044103,-0.035902,78.303078,4.025833,386.909760,88.941040
SCANNING,0,1760550068805598,-0.002662,-0.044103,-0.035902,78.327049,4.489387,386.909760,88.941040
SCANNING,0,1760550068825246,-0.002662,-0.044103,-0.035902,78.375603,3.690029,386.909760,88.941040
SCANNING,0,1760550068855244,-0.002662,-0.044103,-0.035902,78.451973,3.475401,386.909760,88.941048
SCANNING,0,1760550068865292,-0.002662,-0.044103,-0.035902,78.477531,2.945330,386.909760,88.941040
SCANNING,0,1760550068875365,-0.002662,-0.044103,-0.035902,78.503723,2.832640,386.909760,88.941032
SCANNING,1760550068859650,1760550068895594,-0.002639,-0.043143,-0.035317,78.560570,3.302066,386.909760,88.941040
SCANNING,0,1760550068915170,-0.002639,-0.043143,-0.035317,78.607101,0.690780,386.909760,88.941040
SCANNING,0,1760550068925251,-0.002639,-0.043143,-0.035317,78.635246,0.749857,386.909760,88.941040
SCANNING,0,1760550068945359,-0.002639,-0.043143,-0.035317,78.694199,1.453714,386.909760,88.941040
SCANNING,0,1760550068955466,-0.002639,-0.043143,-0.035317,78.721581,1.667494,386.909760,88.941040
SCANNING,1760550068959741,1760550068975365,-0.004100,-0.043451,-0.034079,78.772469,3.472872,386.909760,88.941040
SCANNING,0,1760550068995495,-0.004100,-0.043451,-0.034079,78.830856,4.053060,386.909760,88.941040
SCANNING,0,1760550069005562,-0.004100,-0.043451,-0.034079,78.853096,3.164770,386.909760,88.941040
SCANNING,0,1760550069025191,-0.004100,-0.043451,-0.034079,78.904198,3.415378,386.909760,88.941040
SCANNING,0,1760550069065364,-0.004100,-0.043451,-0.034079,79.009499,4.157219,386.909760,88.941040
SCANNING,1760550069059243,1760550069075465,-0.006120,-0.042122,-0.030203,79.027733,1.198262,386.909760,88.941040
SCANNING,0,1760550069105215,-0.006120,-0.042122,-0.030203,79.113197,1.667139,386.909760,88.941040
SCANNING,0,1760550069115276,-0.006120,-0.042122,-0.030203,79.140129,1.620311,386.909760,88.941040
SCANNING,0,1760550069125372,-0.006120,-0.042122,-0.030203,79.166130,2.008206,386.909760,88.941040
SCANNING,0,1760550069165556,-0.006120,-0.042122,-0.030203,79.272476,2.638109,386.909760,88.941040
SCANNING,1760550069159594,1760550069195307,-0.008210,-0.041158,-0.027445,79.357590,4.063094,386.909760,88.941040
SCANNING,0,1760550069205374,-0.008210,-0.041158,-0.027445,79.384567,4.293212,386.909760,88.941040
SCANNING,0,1760550069215430,-0.008210,-0.041158,-0.027445,79.408112,3.613698,386.909760,88.941040
SCANNING,0,1760550069225506,-0.008210,-0.041158,-0.027445,79.439865,4.921402,386.909760,88.941040
SCANNING,0,1760550069245501,-0.008210,-0.041158,-0.027445,79.487862,4.526684,386.909760,88.941040
SCANNING,0,1760550069255314,-0.008210,-0.041158,-0.027445,79.511703,3.912481,386.909760,88.941040
SCANNING,1760550069259553,1760550069295374,-0.009570,-0.040449,-0.025907,79.615273,2.842516,386.909760,88.941048
SCANNING,0,1760550069305490,-0.008936,-0.040774,-0.025024,79.642899,2.743559,386.909760,88.941040
SCANNING,0,1760550069315528,-0.008936,-0.040774,-0.025024,79.670799,2.511534,386.909760,88.941040
SCANNING,0,1760550069345352,-0.008936,-0.040774,-0.025024,79.751282,2.286288,386.909760,88.941040
SCANNING,0,1760550069365262,-0.008936,-0.040774,-0.025024,79.806854,2.352118,386.909760,88.941040
SCANNING,1760550069359668,1760550069375315,-0.008936,-0.040774,-0.025024,79.832954,2.275114,386.909760,88.941040
SCANNING,0,1760550069395544,-0.008936,-0.040774,-0.025024,79.883423,2.364531,386.909760,88.941040
SCANNING,0,1760550069415207,-0.008936,-0.040774,-0.025024,79.938637,2.190767,386.909760,88.941040
SCANNING,0,1760550069425327,-0.008936,-0.040774,-0.025024,79.968994,2.332432,386.909760,88.941040
SCANNING,0,1760550069445433,-0.008936,-0.040774,-0.025024,80.019608,3.843357,386.909760,88.941040
SCANNING,0,1760550069455513,-0.008936,-0.040774,-0.025024,80.040680,3.519540,386.909760,88.941040
SCANNING,0,1760550069465537,-0.008936,-0.040774,-0.025024,80.068253,3.675426,386.909760,88.941040
SCANNING,1760550069459569,1760550069505246,-0.007637,-0.041634,-0.022355,80.171692,2.215720,386.909760,88.941040
SCANNING,0,1760550069515274,-0.007637,-0.041634,-0.022355,80.197502,2.091996,386.909760,88.941040
SCANNING,0,1760550069525382,-0.007637,-0.041634,-0.022355,80.227234,2.570576,386.909760,88.941040
SCANNING,0,1760550069545601,-0.007637,-0.041634,-0.022355,80.277298,1.896304,386.909760,88.941040
SCANNING,1760550069559555,1760550069594459,-0.006877,-0.040802,-0.020645,80.415886,2.519027,386.909760,88.941040
SCANNING,0,1760550069604454,-0.006877,-0.040802,-0.020645,80.442673,1.147046,386.909760,88.941040
SCANNING,0,1760550069614561,-0.006877,-0.040802,-0.020645,80.469429,1.129621,386.909760,88.941040
SCANNING,0,1760550069664320,-0.006877,-0.040802,-0.020645,80.604179,2.371612,386.909760,88.941040
SCANNING,0,1760550069674413,-0.006877,-0.040802,-0.020645,80.634392,4.892845,386.909760,88.941040
SCANNING,1760550069659659,1760550069704323,-0.006028,-0.041731,-0.019054,80.707672,3.662897,386.909760,88.941040
SCANNING,0,1760550069714365,-0.006028,-0.041731,-0.019054,80.731903,2.108481,386.909760,88.941040
SCANNING,0,1760550069724509,-0.006028,-0.041731,-0.019054,80.756081,2.037109,386.909760,88.941040
SCANNING,0,1760550069763706,-0.006028,-0.041731,-0.019054,80.861687,1.384244,386.909760,88.941040
SCANNING,0,1760550069774290,-0.006028,-0.041731,-0.019054,80.888641,1.974571,386.909760,88.941040
SCANNING,1760550069759699,1760550069794481,-0.005492,-0.041298,-0.018062,80.940117,1.031497,386.909760,88.941040
SCANNING,0,1760550069804641,-0.005492,-0.041298,-0.018062,80.970284,1.005868,386.909760,88.941040
SCANNING,0,1760550069824277,-0.005492,-0.041298,-0.018062,81.024323,1.526364,386.909760,88.941040
SCANNING,0,1760550069844548,-0.005492,-0.041298,-0.018062,81.083359,3.874481,386.909760,88.941040
SCANNING,0,1760550069864396,-0.005492,-0.041298,-0.018062,81.133377,4.878086,386.909760,88.941040
SCANNING,1760550069857368,1760550069874478,-0.004974,-0.041373,-0.015463,81.157181,3.489045,386.909760,88.941040
SCANNING,0,1760550069904308,-0.004974,-0.041373,-0.015463,81.238808,3.517381,386.909760,88.941040
SCANNING,0,1760550069914344,-0.004974,-0.041373,-0.015463,81.263901,3.556054,386.909760,88.941040
SCANNING,0,1760550069924425,-0.004974,-0.041373,-0.015463,81.294891,5.212804,386.909760,88.941040
SCANNING,0,1760550069944589,-0.004974,-0.041373,-0.015463,81.341408,2.940169,386.909760,88.941040
SCANNING,0,1760550069963583,-0.004974,-0.041373,-0.015463,81.394089,1.793881,386.909760,88.941040
SCANNING,0,1760550069973660,-0.004974,-0.041373,-0.015463,81.421028,2.517736,386.909760,88.941040
SCANNING,1760550069956694,1760550069994338,-0.004830,-0.040242,-0.015093,81.471596,0.844018,386.909760,88.941040
SCANNING,0,1760550070004399,-0.004830,-0.040242,-0.015093,81.497543,0.996934,386.909760,88.941040
SCANNING,0,1760550070014522,-0.004830,-0.040242,-0.015093,81.524979,1.137258,386.909760,88.941040
SCANNING,0,1760550070024677,-0.004830,-0.040242,-0.015093,81.553040,2.381931,386.909760,88.941040
SCANNING,0,1760550070064229,-0.004830,-0.040242,-0.015093,81.662857,2.970216,386.909760,88.941032
SCANNING,1760550070056407,1760550070094560,-0.003656,-0.042060,-0.016084,81.739067,2.706253,386.909760,88.941040
SCANNING,0,1760550070104603,-0.003656,-0.042060,-0.016084,81.760918,2.563000,386.909760,88.941040
SCANNING,0,1760550070124296,-0.003656,-0.042060,-0.016084,81.819458,4.308763,386.909760,88.941040
SCANNING,0,1760550070144472,-0.003656,-0.042060,-0.016084,81.867851,2.507415,386.909760,88.941040
SCANNING,0,1760550070164467,-0.003656,-0.042060,-0.016084,81.924133,3.634200,386.909760,88.941040
SCANNING,1760550070158681,1760550070174522,-0.003071,-0.040872,-0.017242,81.952759,4.340576,386.909760,88.941048
SCANNING,0,1760550070204288,-0.003524,-0.041197,-0.018810,82.025276,0.864523,386.909760,88.941032
SCANNING,0,1760550070214391,-0.003524,-0.041197,-0.018810,82.055855,1.889023,386.909760,88.941040
SCANNING,0,1760550070224458,-0.003524,-0.041197,-0.018810,82.086449,2.066644,386.909760,88.941040
SCANNING,0,1760550070244588,-0.003524,-0.041197,-0.018810,82.140999,3.276819,386.909760,88.941040
SCANNING,1760550070258882,1760550070274549,-0.003524,-0.041197,-0.018810,82.219093,2.870169,386.909760,88.941040
SCANNING,0,1760550070294295,-0.003524,-0.041197,-0.018810,82.273170,3.262595,386.909760,88.941040
SCANNING,0,1760550070304293,-0.003524,-0.041197,-0.018810,82.302002,2.683034,386.909760,88.941040
SCANNING,0,1760550070314346,-0.003524,-0.041197,-0.018810,82.328880,2.902551,386.909760,88.941040
SCANNING,0,1760550070324384,-0.003524,-0.041197,-0.018810,82.356216,3.729990,386.909760,88.941040
SCANNING,0,1760550070344520,-0.003524,-0.041197,-0.018810,82.406029,2.873179,386.909760,88.941040
SCANNING,0,1760550070354656,-0.003524,-0.041197,-0.018810,82.436211,4.222904,386.909760,88.941040
SCANNING,0,1760550070374564,-0.003524,-0.041197,-0.018810,82.485580,3.453675,386.909760,88.941040
SCANNING,1760550070359621,1760550070394250,-0.004662,-0.040216,-0.021766,82.540237,4.403705,386.909760,88.941040
SCANNING,0,1760550070404292,-0.004662,-0.040216,-0.021766,82.568024,4.021023,386.909760,88.941032
SCANNING,0,1760550070414415,-0.004662,-0.040216,-0.021766,82.592796,2.929617,386.909760,88.941040
SCANNING,0,1760550070424465,-0.004662,-0.040216,-0.021766,82.614960,2.693880,386.909760,88.941040
SCANNING,0,1760550070454283,-0.004662,-0.040216,-0.021766,82.694214,0.831683,386.909760,88.941040
SCANNING,0,1760550070464304,-0.004662,-0.040216,-0.021766,82.723526,2.350403,386.909760,88.941040
SCANNING,0,1760550070474443,-0.004662,-0.040216,-0.021766,82.748245,2.444368,386.909760,88.941040
SCANNING,1760550070459744,1760550070504577,-0.003761,-0.040873,-0.025444,82.831802,4.264616,386.909760,88.941040
SCANNING,0,1760550070524225,-0.003761,-0.040873,-0.025444,82.880013,3.558317,386.909760,88.941040
SCANNING,0,1760550070544486,-0.003761,-0.040873,-0.025444,82.936836,4.038527,386.909760,88.941040
SCANNING,0,1760550070564446,-0.003761,-0.040873,-0.025444,82.990974,3.806068,386.909760,88.941040
SCANNING,0,1760550070574518,-0.003761,-0.040873,-0.025444,83.013107,4.146283,386.909760,88.941040
SCANNING,1760550070559737,1760550070594621,-0.004264,-0.039767,-0.027804,83.061470,2.586652,386.909760,88.941040
SCANNING,0,1760550070614409,-0.004264,-0.039767,-0.027804,83.112198,0.314083,386.909760,88.941040
SCANNING,0,1760550070624343,-0.004264,-0.039767,-0.027804,83.142029,1.561707,386.909760,88.941040
SCANNING,0,1760550070644499,-0.004264,-0.039767,-0.027804,83.193840,1.449214,386.909760,88.941040
SCANNING,0,1760550070664392,-0.004264,-0.039767,-0.027804,83.247536,1.181792,386.909760,88.941048
SCANNING,0,1760550070674424,-0.004264,-0.039767,-0.027804,83.275276,2.190318,386.909760,88.941040
SCANNING,1760550070659683,1760550070704259,-0.005211,-0.041656,-0.030607,83.358543,2.326902,386.909760,88.941040
SCANNING,0,1760550070714321,-0.005211,-0.041656,-0.030607,83.387947,3.049184,386.909760,88.941040
SCANNING,0,1760550070724393,-0.005211,-0.041656,-0.030607,83.412117,3.056605,386.909760,88.941040
SCANNING,0,1760550070754372,-0.005211,-0.041656,-0.030607,83.492310,3.655633,386.909760,88.941040
SCANNING,0,1760550070764381,-0.005211,-0.041656,-0.030607,83.519623,4.126323,386.909760,88.941040
SCANNING,1760550070759631,1760550070774444,-0.004876,-0.042293,-0.033190,83.545509,4.101632,386.909760,88.941040
SCANNING,0,1760550070794560,-0.004876,-0.042293,-0.033190,83.598114,3.571977,386.909760,88.941040
SCANNING,0,1760550070814236,-0.004876,-0.042293,-0.033190,83.649994,4.797413,386.909760,88.941040
SCANNING,0,1760550070824293,-0.004876,-0.042293,-0.033190,83.673767,2.622394,386.909760,88.941040
SCANNING,0,1760550070844469,-0.004876,-0.042293,-0.033190,83.724808,1.306288,386.909760,88.941040
SCANNING,0,1760550070873516,-0.004876,-0.042293,-0.033190,83.805046,0.886004,386.909760,88.941048
SCANNING,0,1760550070903361,-0.004876,-0.042293,-0.033190,83.884079,1.598892,386.909760,88.941032
SCANNING,0,1760550070913370,-0.004876,-0.042293,-0.033190,83.908913,2.030527,386.909760,88.941040
SCANNING,0,1760550070923544,-0.004876,-0.042293,-0.033190,83.936790,0.645094,386.909760,88.941040
SCANNING,0,1760550070973416,-0.004876,-0.042293,-0.033190,84.074455,4.184626,386.909760,88.941040
SCANNING,1760550070959660,1760550070993441,-0.003874,-0.045506,-0.035836,84.118050,1.972897,386.909760,88.941040
SCANNING,0,1760550071003565,-0.003874,-0.045506,-0.035836,84.148682,2.865769,386.909760,88.941040
SCANNING,0,1760550071023192,-0.003874,-0.045506,-0.035836,84.198799,1.618128,386.909760,88.941040
SCANNING,0,1760550071043388,-0.003874,-0.045506,-0.035836,84.254684,2.132151,386.909760,88.941040
SCANNING,0,1760550071053528,-0.003874,-0.045506,-0.035836,84.281799,2.545073,386.909760,88.941040
SCANNING,0,1760550071073505,-0.003874,-0.045506,-0.035836,84.336090,1.503393,386.909760,88.941040
SCANNING,1760550071059699,1760550071103301,-0.003736,-0.046373,-0.034611,84.417259,2.143219,386.909760,88.941040
SCANNING,0,1760550071113426,-0.003736,-0.046373,-0.034611,84.441696,0.169784,386.909760,88.941040
SCANNING,0,1760550071123442,-0.003736,-0.046373,-0.034611,84.469437,0.353181,386.909760,88.941040
SCANNING,0,1760550071153306,-0.003736,-0.046373,-0.034611,84.549141,1.593137,386.909760,88.941048
SCANNING,0,1760550071173311,-0.003736,-0.046373,-0.034611,84.607605,2.639975,386.909760,88.941040
SCANNING,1760550071159711,1760550071193560,-0.003458,-0.045914,-0.034014,84.660362,3.064480,386.909760,88.941040
SCANNING,0,1760550071203558,-0.003458,-0.045914,-0.034014,84.688507,4.139615,386.909760,88.941040
SCANNING,0,1760550071223260,-0.003458,-0.045914,-0.034014,84.735291,2.842342,386.909760,88.941040
SCANNING,0,1760550071253278,-0.003458,-0.045914,-0.034014,84.811798,2.366246,386.909760,88.941040
SCANNING,0,1760550071263384,-0.003458,-0.045914,-0.034014,84.839531,1.755306,386.909760,88.941040
SCANNING,0,1760550071273474,-0.003458,-0.045914,-0.034014,84.863602,1.625241,386.909760,88.941040
SCANNING,1760550071258973,1760550071293798,-0.004127,-0.045760,-0.032143,84.918587,2.983434,386.909760,88.941040
SCANNING,0,1760550071313297,-0.004127,-0.045760,-0.032143,84.971329,1.888867,386.909760,88.941040
SCANNING,0,1760550071323374,-0.004127,-0.045760,-0.032143,84.999924,1.506508,386.909760,88.941040
SCANNING,0,1760550071343504,-0.004127,-0.045760,-0.032143,85.053734,2.350156,386.909760,88.941040
SCANNING,1760550071360707,1760550071393405,-0.005115,-0.045885,-0.030142,85.185356,3.301209,386.909760,88.941040
SCANNING,0,1760550071403317,-0.005115,-0.045885,-0.030142,85.212509,3.938205,386.909760,88.941040
SCANNING,0,1760550071413447,-0.005115,-0.045885,-0.030142,85.242943,4.143624,386.909760,88.941040
SCANNING,0,1760550071423400,-0.005115,-0.045885,-0.030142,85.266876,3.675300,386.909760,88.941040
SCANNING,0,1760550071443626,-0.005115,-0.045885,-0.030142,85.323448,4.504734,386.909760,88.941040
SCANNING,0,1760550071463481,-0.005115,-0.045885,-0.030142,85.371445,2.929055,386.909760,88.941040
SCANNING,0,1760550071473574,-0.005115,-0.045885,-0.030142,85.398293,2.685860,386.909760,88.941040
SCANNING,1760550071459734,1760550071493347,-0.006023,-0.046291,-0.028190,85.447990,1.846351,386.909760,88.941040
SCANNING,0,1760550071503358,-0.006023,-0.046291,-0.028190,85.473625,1.550577,386.909760,88.941040
SCANNING,0,1760550071513452,-0.006023,-0.046291,-0.028190,85.501518,2.055578,386.909760,88.941040
SCANNING,0,1760550071523488,-0.006023,-0.046291,-0.028190,85.527847,1.925418,386.909760,88.941040
SCANNING,0,1760550071553248,-0.006023,-0.046291,-0.028190,85.608162,0.827576,386.909760,88.941040
SCANNING,0,1760550071563291,-0.006023,-0.046291,-0.028190,85.636566,1.115691,386.909760,88.941040
SCANNING,0,1760550071573344,-0.006023,-0.046291,-0.028190,85.663445,1.432364,386.909760,88.941040
SCANNING,1760550071559659,1760550071603330,-0.005485,-0.047716,-0.027952,85.746300,2.963166,386.909760,88.941040
SCANNING,0,1760550071613411,-0.005485,-0.047716,-0.027952,85.769279,3.638069,386.909760,88.941040
SCANNING,0,1760550071623500,-0.005485,-0.047716,-0.027952,85.801964,4.900558,386.909760,88.941040
SCANNING,0,1760550071643623,-0.005485,-0.047716,-0.027952,85.852348,3.697643,386.909760,88.941048
SCANNING,0,1760550071663568,-0.005485,-0.047716,-0.027952,85.900436,3.385749,386.909760,88.941040
SCANNING,1760550071659783,1760550071693440,-0.005694,-0.048646,-0.025297,85.986465,4.125744,386.909760,88.941040
SCANNING,0,1760550071703427,-0.005694,-0.048646,-0.025297,86.007599,3.335158,386.909760,88.941040
SCANNING,0,1760550071713552,-0.005694,-0.048646,-0.025297,86.029839,1.879210,386.909760,88.941040
SCANNING,0,1760550071723571,-0.005694,-0.048646,-0.025297,86.057167,1.675675,386.909760,88.941040
SCANNING,0,1760550071743252,-0.005694,-0.048646,-0.025297,86.112724,2.708553,386.909760,88.941040
SCANNING,0,1760550071753381,-0.005694,-0.048646,-0.025297,86.139984,2.439141,386.909760,88.941040
SCANNING,0,1760550071773246,-0.005694,-0.048646,-0.025297,86.192474,3.212235,386.909760,88.941040
SCANNING,1760550071759678,1760550071793431,-0.005025,-0.048897,-0.022086,86.244591,2.248227,386.909760,88.941040
SCANNING,0,1760550071803495,-0.005025,-0.048897,-0.022086,86.273705,3.711428,386.909760,88.941040
SCANNING,0,1760550071813624,-0.005025,-0.048897,-0.022086,86.301216,2.845432,386.909760,88.941040
SCANNING,0,1760550071843307,-0.005025,-0.048897,-0.022086,86.383217,4.627516,386.909760,88.941040
SCANNING,0,1760550071873354,-0.005025,-0.048897,-0.022086,86.459457,4.152638,386.909760,88.941040
SCANNING,1760550071859702,1760550071893660,-0.004225,-0.049589,-0.019652,86.510300,3.705382,386.909760,88.941040
SCANNING,0,1760550071913278,-0.004225,-0.049589,-0.019652,86.565590,3.681086,386.909760,88.941040
SCANNING,0,1760550071923291,-0.004225,-0.049589,-0.019652,86.590721,2.707094,386.909760,88.941040
SCANNING,0,1760550071943478,-0.004225,-0.049589,-0.019652,86.638214,1.415075,386.909760,88.941040
SCANNING,0,1760550071953591,-0.004225,-0.049589,-0.019652,86.668610,1.488419,386.909760,88.941040
SCANNING,0,1760550071963596,-0.004225,-0.049589,-0.019652,86.695427,0.657725,386.909760,88.941040
SCANNING,1760550071959665,1760550072003608,-0.003011,-0.049756,-0.018113,86.806183,3.479063,386.909760,88.941040
SCANNING,0,1760550072023299,-0.003011,-0.049756,-0.018113,86.856750,2.787048,386.909760,88.941040
SCANNING,0,1760550072043658,-0.003011,-0.049756,-0.018113,86.908028,3.060810,386.909760,88.941040
SCANNING,0,1760550072063363,-0.003011,-0.049756,-0.018113,86.968254,2.961513,386.909760,88.941040
SCANNING,0,1760550072073516,-0.003011,-0.049756,-0.018113,86.995605,3.669700,386.909760,88.941040
SCANNING,1760550072059837,1760550072103294,-0.002338,-0.048947,-0.018325,87.067818,3.569380,386.909760,88.941040
SCANNING,0,1760550072113349,-0.002338,-0.048947,-0.018325,87.089211,0.759614,386.909760,88.941040
SCANNING,0,1760550072123388,-0.002338,-0.048947,-0.018325,87.114601,0.503788,386.909760,88.941040
SCANNING,0,1760550072143565,-0.002338,-0.048947,-0.018325,87.168556,1.511050,386.909760,88.941040
SCANNING,0,1760550072162530,-0.002338,-0.048947,-0.018325,87.226295,2.528295,386.909760,88.941040
SCANNING,0,1760550072172648,-0.002338,-0.048947,-0.018325,87.248756,1.210849,386.909760,88.941040
SCANNING,1760550072159457,1760550072192394,-0.000936,-0.048392,-0.020657,87.300537,0.513705,386.909760,88.941040
SCANNING,0,1760550072202422,-0.000936,-0.048392,-0.020657,87.332108,1.308428,386.909760,88.941040
SCANNING,0,1760550072212492,-0.000936,-0.048392,-0.020657,87.360451,1.933524,386.909760,88.941032
SCANNING,0,1760550072222603,-0.000936,-0.048392,-0.020657,87.388695,2.368973,386.909760,88.941040
SCANNING,0,1760550072272299,-0.000936,-0.048392,-0.020657,87.522064,3.803294,386.909760,88.941040
SCANNING,1760550072260676,1760550072292446,-0.000020,-0.047659,-0.024186,87.575188,2.940883,386.909760,88.941040
SCANNING,0,1760550072302524,-0.000020,-0.047659,-0.024186,87.604393,3.599082,386.909760,88.941040
SCANNING,0,1760550072312585,-0.000020,-0.047659,-0.024186,87.627914,4.670460,386.909760,88.941032
SCANNING,0,1760550072342367,-0.000020,-0.047659,-0.024186,87.702660,2.542606,386.909760,88.941040
SCANNING,0,1760550072362316,-0.000020,-0.047659,-0.024186,87.753456,1.833277,386.909760,88.941040
SCANNING,0,1760550072372484,-0.000020,-0.047659,-0.024186,87.780891,1.589059,386.909760,88.941040
SCANNING,1760550072359821,1760550072392623,-0.000280,-0.046039,-0.028627,87.835655,1.591388,386.909760,88.941040
SCANNING,0,1760550072412292,-0.000280,-0.046039,-0.028627,87.884567,0.975264,386.909760,88.941040
SCANNING,0,1760550072422404,-0.000280,-0.046039,-0.028627,87.911713,2.111773,386.909760,88.941040
SCANNING,0,1760550072442630,-0.000280,-0.046039,-0.028627,87.966805,0.293604,386.909760,88.941040
SCANNING,0,1760550072470250,-0.000280,-0.046039,-0.028627,88.049782,4.386227,386.909760,88.941040
SCANNING,1760550072459565,1760550072481332,-0.001169,-0.045570,-0.032846,88.077408,3.860111,386.909760,88.941040
SCANNING,0,1760550072492460,-0.001169,-0.045570,-0.032846,88.099716,3.569281,386.909760,88.941032
SCANNING,0,1760550072502471,-0.001169,-0.045570,-0.032846,88.123543,3.433281,386.909760,88.941040
SCANNING,0,1760550072512554,-0.001169,-0.045570,-0.032846,88.149940,2.609847,386.909760,88.941040
SCANNING,0,1760550072522625,-0.001169,-0.045570,-0.032846,88.177887,3.191055,386.909760,88.941040
SCANNING,0,1760550072562352,-0.001169,-0.045570,-0.032846,88.287354,4.251011,386.909760,88.941040
SCANNING,0,1760550072572372,-0.001169,-0.045570,-0.032846,88.311073,2.900318,386.909760,88.941040
SCANNING,1760550072559523,1760550072592538,-0.003419,-0.043934,-0.034736,88.363724,1.656210,386.909760,88.941040
SCANNING,0,1760550072602605,-0.003419,-0.043934,-0.034736,88.390007,1.427693,386.909760,88.941040
SCANNING,0,1760550072612601,-0.003419,-0.043934,-0.034736,88.416756,2.188070,386.909760,88.941040
SCANNING,0,1760550072642536,-0.003419,-0.043934,-0.034736,88.497009,1.787110,386.909760,88.941040
SCANNING,0,1760550072672498,-0.003419,-0.043934,-0.034736,88.579407,1.448022,386.909760,88.941048
SCANNING,1760550072659710,1760550072692640,-0.006221,-0.042836,-0.035142,88.635956,2.683822,386.909760,88.941040
SCANNING,0,1760550072702660,-0.006221,-0.042836,-0.035142,88.662132,2.313431,386.909760,88.941040
SCANNING,0,1760550072722318,-0.006221,-0.042836,-0.035142,88.716072,4.071793,386.909760,88.941040
SCANNING,0,1760550072742430,-0.006221,-0.042836,-0.035142,88.760483,2.370587,386.909760,88.941040
SCANNING,0,1760550072752489,-0.006221,-0.042836,-0.035142,88.788109,2.745512,386.909760,88.941040
SCANNING,0,1760550072762552,-0.006221,-0.042836,-0.035142,88.816612,3.085177,386.909760,88.941040
SCANNING,1760550072759673,1760550072792531,-0.009425,-0.041604,-0.034768,88.895088,3.240439,386.909760,88.941040
SCANNING,0,1760550072802597,-0.009425,-0.041604,-0.034768,88.923698,3.627293,386.909760,88.941040
SCANNING,0,1760550072822257,-0.009425,-0.041604,-0.034768,88.978584,3.667853,386.909760,88.941040
SCANNING,0,1760550072842418,-0.009425,-0.041604,-0.034768,89.024879,0.662273,386.909760,88.941040
SCANNING,0,1760550072862349,-0.009425,-0.041604,-0.034768,89.084465,2.051411,386.909760,88.941040
SCANNING,0,1760550072872405,-0.009425,-0.041604,-0.034768,89.113464,3.682312,386.909760,88.941040
SCANNING,1760550072859502,1760550072892574,-0.011483,-0.041227,-0.032348,89.162491,2.793594,386.909760,88.941040
SCANNING,0,1760550072902646,-0.013878,-0.041124,-0.029522,89.189346,3.305022,386.909760,88.941032
SCANNING,0,1760550072922311,-0.011483,-0.041227,-0.032348,89.243568,2.854058,386.909760,88.941040
SCANNING,0,1760550072952313,-0.011483,-0.041227,-0.032348,89.327515,4.035901,386.909760,88.941040
SCANNING,0,1760550072962366,-0.011483,-0.041227,-0.032348,89.350418,3.125462,386.909760,88.941040
SCANNING,0,1760550072972445,-0.011483,-0.041227,-0.032348,89.379372,4.428211,386.909760,88.941040
SCANNING,1760550072959640,1760550072992642,-0.013878,-0.041124,-0.029522,89.431320,3.898801,386.909760,88.941032
SCANNING,0,1760550073002656,-0.015077,-0.044870,-0.027322,89.455002,4.054891,386.909760,88.941040
SCANNING,0,1760550073022333,-0.015077,-0.044870,-0.027322,89.504311,2.660179,386.909760,88.941040
SCANNING,0,1760550073042499,-0.015077,-0.044870,-0.027322,89.555702,2.469267,386.909760,88.941040
SCANNING,0,1760550073072643,-0.015077,-0.044870,-0.027322,89.635727,0.949217,386.909760,88.941040
SCANNING,0,1760550073102266,-0.015077,-0.044870,-0.027322,89.722389,3.341227,386.909760,88.941040
SCANNING,0,1760550073112361,-0.015077,-0.044870,-0.027322,89.747559,3.448490,386.909760,88.941040
SCANNING,0,1760550073122406,-0.015077,-0.044870,-0.027322,89.769989,3.545932,386.909760,88.941040
SCANNING,0,1760550073162545,-0.015077,-0.044870,-0.027322,89.878540,4.249214,386.909760,88.941040
SCANNING,0,1760550073172596,-0.015077,-0.044870,-0.027322,89.902031,3.610903,386.909760,88.941040
SCANNING,1760550073159842,1760550073192230,-0.015077,-0.044870,-0.027322,89.965263,6.168722,386.909760,88.941040
SCANNING,0,1760550073202290,-0.015077,-0.044870,-0.027322,89.986473,4.430922,386.909760,88.941040
SCANNING,0,1760550073212376,-0.015077,-0.044870,-0.027322,90.007362,2.930937,386.909760,88.941040
SCANNING,0,1760550073222470,-0.015077,-0.044870,-0.027322,90.029282,2.031250,386.909760,88.941040
SCANNING,0,1760550073242559,-0.015077,-0.044870,-0.027322,90.087387,1.612083,386.909760,88.941040
SCANNING,0,1760550073262251,-0.015077,-0.044870,-0.027322,90.140739,1.470823,386.909760,88.941048
SCANNING,1760550073259833,1760550073292414,-0.013901,-0.047611,-0.027836,90.221123,2.395448,386.909760,88.941040
SCANNING,0,1760550073302414,-0.013901,-0.047611,-0.027836,90.247147,2.131351,386.909760,88.941040
SCANNING,0,1760550073312433,-0.013901,-0.047611,-0.027836,90.274895,2.495043,386.909760,88.941040
SCANNING,0,1760550073322379,-0.013901,-0.047611,-0.027836,90.301010,1.072863,386.909760,88.941040
SCANNING,0,1760550073342331,-0.013888,-0.047654,-0.027856,90.358536,3.909844,386.909760,88.941032
SCANNING,0,1760550073352293,-0.013888,-0.047654,-0.027856,90.384369,3.563467,386.909760,88.941032
SCANNING,0,1760550073372363,-0.013712,-0.048220,-0.028123,90.441177,4.478801,386.909821,88.940987
SCANNING,1760550073359560,1760550073392378,-0.013420,-0.049161,-0.028566,90.490211,4.266797,386.909882,88.940872
SCANNING,0,1760550073402366,-0.013392,-0.049118,-0.028500,90.515793,4.686607,386.909912,88.940804
SCANNING,0,1760550073412400,-0.013353,-0.049058,-0.028407,90.541969,4.614254,386.909943,88.940697
SCANNING,0,1760550073422376,-0.013320,-0.049008,-0.028330,90.568817,4.028825,386.909973,88.940613
SCANNING,0,1760550073442404,-0.013225,-0.048861,-0.028104,90.613411,1.816829,386.910156,88.940460
SCANNING,0,1760550073461533,-0.013147,-0.048741,-0.027919,90.668854,1.992353,386.910370,88.940399
SCANNING,0,1760550073471481,-0.013086,-0.048648,-0.027775,90.694649,0.432053,386.910492,88.940308
SCANNING,1760550073459552,1760550073491457,-0.012951,-0.048441,-0.027456,90.750290,1.976610,386.910706,88.940048
SCANNING,0,1760550073501453,-0.012931,-0.048408,-0.027432,90.776146,2.941749,386.910858,88.939873
SCANNING,0,1760550073511421,-0.012902,-0.048362,-0.027398,90.806046,2.155180,386.911041,88.939606
SCANNING,0,1760550073521395,-0.012867,-0.048305,-0.027356,90.832474,2.834346,386.911255,88.939255
SCANNING,0,1760550073541403,-0.012733,-0.048089,-0.027196,90.883873,3.204209,386.912048,88.937912
SCANNING,0,1760550073561585,-0.012502,-0.047715,-0.026920,90.939285,2.965421,386.913879,88.936050
SCANNING,0,1760550073571595,-0.012331,-0.047438,-0.026715,90.967628,2.478138,386.915283,88.934723
SCANNING,1760550073559666,1760550073591538,-0.011988,-0.046883,-0.026305,91.019432,4.482094,386.918427,88.932381
SCANNING,0,1760550073601563,-0.011868,-0.046740,-0.026105,91.039703,4.317202,386.919891,88.930984
SCANNING,0,1760550073611611,-0.011724,-0.046571,-0.025868,91.069008,4.187520,386.921417,88.929108
SCANNING,0,1760550073621650,-0.011571,-0.046389,-0.025614,91.089874,1.466958,386.923065,88.927109
SCANNING,0,1760550073671389,-0.010673,-0.045325,-0.024125,91.226303,2.501776,386.934052,88.916756
SCANNING,1760550073659728,1760550073691521,-0.010181,-0.044742,-0.023310,91.277390,1.551528,386.940826,88.911842
SCANNING,0,1760550073701410,-0.009854,-0.044568,-0.022960,91.304787,2.135571,386.944122,88.909203
SCANNING,0,1760550073711466,-0.009487,-0.044374,-0.022568,91.334244,1.350079,386.947083,88.905525
SCANNING,0,1760550073721520,-0.009097,-0.044167,-0.022150,91.363068,1.945164,386.950836,88.902199
SCANNING,0,1760550073741551,-0.008323,-0.043756,-0.021323,91.414886,2.308127,386.957336,88.894676
SCANNING,0,1760550073751573,-0.007909,-0.043537,-0.020880,91.441360,0.858601,386.961212,88.891052
SCANNING,0,1760550073761545,-0.007521,-0.043331,-0.020465,91.471817,2.016042,386.964447,88.887245
SCANNING,1760550073759687,1760550073791675,-0.006183,-0.042621,-0.019034,91.548645,1.908785,386.976593,88.875145
SCANNING,0,1760550073801641,-0.005374,-0.042358,-0.018769,91.576691,1.714236,386.980652,88.871094
SCANNING,0,1760550073811600,-0.004408,-0.042043,-0.018453,91.605141,2.985842,386.985535,88.866295
SCANNING,0,1760550073821637,-0.003420,-0.041721,-0.018130,91.633934,5.064316,386.990448,88.861298
SCANNING,0,1760550073841636,-0.001208,-0.041001,-0.017407,91.684860,3.820809,387.002045,88.850723
SCANNING,0,1760550073851622,-0.000039,-0.040620,-0.017024,91.704803,2.828763,387.008148,88.845108
SCANNING,0,1760550073871323,0.002418,-0.039820,-0.016221,91.755325,1.578456,387.020935,88.833260
SCANNING,1760550073859807,1760550073891403,0.004811,-0.039041,-0.015438,91.807335,1.360006,387.032623,88.820961
SCANNING,0,1760550073901442,0.006331,-0.038845,-0.015234,91.837936,1.567082,387.038361,88.814758
SCANNING,0,1760550073911463,0.007940,-0.038637,-0.015018,91.861061,1.080145,387.044556,88.808311
SCANNING,0,1760550073921494,0.009618,-0.038420,-0.014792,91.887146,1.538806,387.051147,88.801720
SCANNING,0,1760550073941579,0.013277,-0.037948,-0.014301,91.939545,0.829931,387.065765,88.787598
SCANNING,0,1760550073951603,0.015244,-0.037694,-0.014037,91.967140,0.558252,387.073700,88.780083
SCANNING,1760550073959813,1760550073991310,0.022823,-0.036715,-0.013019,92.083221,4.077734,387.104065,88.750908
SCANNING,0,1760550074001366,0.025005,-0.036440,-0.012871,92.103798,3.495668,387.111725,88.743385
SCANNING,0,1760550074011275,0.027300,-0.036151,-0.012715,92.129822,4.554667,387.119812,88.735504
SCANNING,0,1760550074021282,0.029714,-0.035846,-0.012551,92.156471,3.355400,387.128357,88.727249
SCANNING,0,1760550074041268,0.034967,-0.035184,-0.012194,92.210129,4.141320,387.147247,88.709595
SCANNING,0,1760550074051266,0.037441,-0.034872,-0.012026,92.239342,3.651116,387.155640,88.700768
SCANNING,0,1760550074071287,0.042228,-0.034269,-0.011701,92.293571,4.303154,387.171936,88.683762
SCANNING,1760550074059834,1760550074091310,0.047345,-0.033624,-0.011354,92.343590,2.833229,387.190430,88.666649
SCANNING,0,1760550074101333,0.050611,-0.033509,-0.011440,92.368530,2.653134,387.200562,88.657227
SCANNING,0,1760550074111322,0.053873,-0.033395,-0.011526,92.396065,2.489258,387.210419,88.647552
SCANNING,0,1760550074121369,0.057020,-0.033284,-0.011608,92.422958,2.605345,387.219666,88.637955
SCANNING,0,1760550074141331,0.063000,-0.033074,-0.011765,92.469376,0.312115,387.237244,88.619728
SCANNING,0,1760550074151375,0.066154,-0.032964,-0.011848,92.497986,1.048448,387.246979,88.610580
SCANNING,1760550074159794,1760550074191460,0.079500,-0.032495,-0.012199,92.608513,1.575811,387.287689,88.571381
SCANNING,0,1760550074201450,0.083129,-0.032326,-0.012492,92.634056,0.890143,387.296783,88.561714
SCANNING,0,1760550074211464,0.086788,-0.032156,-0.012787,92.662163,1.721955,387.306305,88.552315
SCANNING,0,1760550074221431,0.090610,-0.031979,-0.013095,92.694252,3.125839,387.316711,88.542961
SCANNING,0,1760550074241430,0.098570,-0.031609,-0.013736,92.741875,2.955091,387.337738,88.522835
SCANNING,0,1760550074251424,0.102439,-0.031430,-0.014048,92.764313,3.059295,387.347595,88.512688
SCANNING,0,1760550074261424,0.106124,-0.031258,-0.014345,92.793221,3.653937,387.356750,88.502792
SCANNING,1760550074259699,1760550074291569,0.117630,-0.030724,-0.015273,92.870132,3.035105,387.387451,88.474007
SCANNING,0,1760550074301477,0.121502,-0.030866,-0.015691,92.896645,2.822842,387.398010,88.464241
SCANNING,0,1760550074311539,0.125259,-0.031003,-0.016097,92.928200,4.680993,387.407593,88.454102
SCANNING,0,1760550074321536,0.128946,-0.031139,-0.016495,92.954269,4.373181,387.416931,88.444084
SCANNING,0,1760550074341537,0.136271,-0.031407,-0.017286,92.999237,1.792682,387.436401,88.425102
SCANNING,0,1760550074351605,0.140039,-0.031545,-0.017693,93.025871,1.316486,387.447021,88.415939
SCANNING,0,1760550074361598,0.143821,-0.031683,-0.018102,93.053856,1.188623,387.457214,88.406281
SCANNING,0,1760550074371610,0.147555,-0.031820,-0.018505,93.084557,1.914187,387.466675,88.396141
SCANNING,1760550074360710,1760550074401605,0.158222,-0.032211,-0.019657,93.162590,3.103301,387.494232,88.367699
SCANNING,0,1760550074411572,0.162974,-0.032453,-0.020037,93.190186,3.745725,387.504211,88.358620
SCANNING,0,1760550074421633,0.167823,-0.032700,-0.020425,93.216064,3.766871,387.514404,88.349365
SCANNING,0,1760550074441653,0.177350,-0.033186,-0.021187,93.269211,2.830402,387.533081,88.329834
SCANNING,0,1760550074451598,0.181839,-0.033414,-0.021546,93.300865,4.248529,387.541534,88.320282
SCANNING,0,1760550074471687,0.190446,-0.033853,-0.022234,93.348755,3.531931,387.558563,88.302795
SCANNING,1760550074459798,1760550074491673,0.199459,-0.034312,-0.022955,93.401054,3.185033,387.577423,88.285507
SCANNING,0,1760550074501624,0.204018,-0.034717,-0.023206,93.430901,4.080160,387.586914,88.276123
SCANNING,0,1760550074511668,0.208402,-0.035106,-0.023448,93.451035,3.405995,387.595703,88.266762
SCANNING,0,1760550074521624,0.212460,-0.035466,-0.023672,93.477386,2.599217,387.603760,88.258018
SCANNING,0,1760550074541627,0.220197,-0.036152,-0.024099,93.529442,2.286583,387.619659,88.241890
SCANNING,0,1760550074551683,0.224168,-0.036505,-0.024318,93.561134,3.268452,387.628143,88.233932
SCANNING,0,1760550074571322,0.232594,-0.037252,-0.024783,93.610107,1.024457,387.646332,88.217239
SCANNING,1760550074559816,1760550074591429,0.240435,-0.037948,-0.025215,93.666359,1.439991,387.662079,88.200523
SCANNING,0,1760550074601446,0.244313,-0.038239,-0.025157,93.695259,1.217987,387.669067,88.192726
SCANNING,0,1760550074611412,0.248077,-0.038522,-0.025100,93.725067,2.579052,387.675903,88.185211
SCANNING,0,1760550074621428,0.251924,-0.038811,-0.025043,93.749016,2.707478,387.683380,88.178017
SCANNING,0,1760550074641437,0.260238,-0.039436,-0.024918,93.806206,4.968945,387.699890,88.162827
SCANNING,0,1760550074651453,0.264459,-0.039753,-0.024854,93.830528,3.589570,387.707947,88.154793
SCANNING,0,1760550074661431,0.268411,-0.040050,-0.024795,93.853630,2.858939,387.715271,88.147049
SCANNING,1760550074659774,1760550074691539,0.278878,-0.040836,-0.024638,93.937584,4.064384,387.734650,88.126518
SCANNING,0,1760550074701560,0.282333,-0.041315,-0.024498,93.965393,4.611142,387.740875,88.119919
SCANNING,0,1760550074711525,0.286056,-0.041830,-0.024348,93.993271,4.374193,387.747925,88.113152
SCANNING,0,1760550074721582,0.289951,-0.042370,-0.024191,94.014336,4.274354,387.755341,88.106110
SCANNING,0,1760550074760343,0.303978,-0.044313,-0.023624,94.111572,0.353006,387.781433,88.080139
SCANNING,0,1760550074770387,0.307165,-0.044755,-0.023495,94.140274,0.871519,387.786957,88.073837
SCANNING,1760550074758338,1760550074790340,0.313325,-0.045608,-0.023246,94.192986,1.203983,387.797974,88.061989
SCANNING,0,1760550074800419,0.316372,-0.045689,-0.022995,94.222359,2.110908,387.803802,88.055984
SCANNING,0,1760550074810364,0.319471,-0.045772,-0.022739,94.247162,1.132557,387.809906,88.050049
SCANNING,0,1760550074820447,0.322648,-0.045857,-0.022477,94.274231,1.237256,387.816254,88.044060
SCANNING,0,1760550074840448,0.328918,-0.046025,-0.021960,94.331886,1.816366,387.828735,88.032188
SCANNING,0,1760550074870477,0.337551,-0.046256,-0.021248,94.411873,3.114464,387.845612,88.015533
SCANNING,1760550074859788,1760550074890601,0.342713,-0.046394,-0.020822,94.468788,4.520872,387.855377,88.005249
SCANNING,0,1760550074900649,0.345291,-0.046447,-0.020807,94.493874,4.107328,387.860443,88.000061
SCANNING,0,1760550074910648,0.347828,-0.046500,-0.020792,94.518028,3.778020,387.865234,87.994759
SCANNING,0,1760550074920627,0.350585,-0.046556,-0.020775,94.547501,4.546808,387.870667,87.989227
SCANNING,0,1760550074950215,0.359043,-0.046731,-0.020725,94.623161,4.308011,387.888275,87.973190
SCANNING,0,1760550074969646,0.364214,-0.046838,-0.020695,94.676323,3.381658,387.898987,87.963333
SCANNING,1760550074957948,1760550074990385,0.368873,-0.046934,-0.020667,94.727539,1.792934,387.907928,87.953743
SCANNING,0,1760550075000529,0.371511,-0.047005,-0.020564,94.754349,2.293070,387.911957,87.949074
SCANNING,0,1760550075010601,0.373820,-0.047067,-0.020474,94.781006,2.377287,387.915527,87.945030
SCANNING,0,1760550075040453,0.380755,-0.047254,-0.020204,94.857971,1.161883,387.926331,87.932968
SCANNING,0,1760550075060420,0.384661,-0.047360,-0.020052,94.909874,1.816869,387.932770,87.926529
SCANNING,0,1760550075070542,0.386679,-0.047414,-0.019973,94.937317,0.920015,387.936615,87.923721
SCANNING,1760550075059413,1760550075100390,0.391531,-0.047545,-0.019784,95.022072,3.205273,387.945435,87.916542
SCANNING,0,1760550075110469,0.394460,-0.047294,-0.019584,95.046242,4.188117,387.947510,87.914581
SCANNING,0,1760550075120553,0.397699,-0.047016,-0.019362,95.073174,4.287652,387.949921,87.912529
SCANNING,0,1760550075160296,0.406758,-0.046239,-0.018743,95.170433,2.083550,387.955566,87.905693
SCANNING,0,1760550075170439,0.408097,-0.046124,-0.018652,95.197838,2.179994,387.956329,87.904610
SCANNING,1760550075159650,1760550075190668,0.410036,-0.045958,-0.018519,95.252975,2.334045,387.957886,87.903496
SCANNING,0,1760550075210328,0.418455,-0.045051,-0.017601,95.306221,1.923861,387.959320,87.902657
SCANNING,0,1760550075220394,0.421678,-0.044703,-0.017250,95.336235,1.883338,387.959747,87.902214
SCANNING,0,1760550075240637,0.423148,-0.044545,-0.017090,95.389992,1.536922,387.959961,87.901901
SCANNING,0,1760550075260603,0.423148,-0.044545,-0.017090,95.443626,0.942424,387.959900,87.901657
SCANNING,0,1760550075270682,0.423148,-0.044545,-0.017090,95.473930,1.679525,387.959900,87.901611
SCANNING,1760550075259837,1760550075290397,0.423148,-0.044545,-0.017090,95.525650,2.283871,387.959869,87.901939
SCANNING,0,1760550075300468,0.427521,-0.045317,-0.017070,95.551239,2.418876,387.959839,87.902222
SCANNING,0,1760550075310544,0.431029,-0.045935,-0.017054,95.581657,2.562316,387.959778,87.902412
SCANNING,0,1760550075320639,0.432314,-0.046162,-0.017048,95.606873,2.307335,387.959717,87.902489
SCANNING,0,1760550075340313,0.432314,-0.046162,-0.017048,95.661736,2.920429,387.959656,87.902458
SCANNING,0,1760550075370389,0.432314,-0.046162,-0.017048,95.738861,3.686505,387.959595,87.902397
SCANNING,1760550075359745,1760550075390582,0.432314,-0.046162,-0.017048,95.787224,3.071399,387.959625,87.902351
SCANNING,0,1760550075410262,0.432314,-0.046162,-0.017048,95.842567,2.806945,387.959656,87.902367
SCANNING,0,1760550075420435,0.432314,-0.046162,-0.017048,95.866158,2.580377,387.959656,87.902397
SCANNING,0,1760550075440682,0.432314,-0.046162,-0.017048,95.920921,3.365219,387.959686,87.902405
SCANNING,0,1760550075460612,0.432314,-0.046162,-0.017048,95.976143,3.753653,387.959656,87.902397
SCANNING,0,1760550075470692,0.432314,-0.046162,-0.017048,95.998329,2.134955,387.959656,87.902382
SCANNING,1760550075459735,1760550075490391,0.436911,-0.046865,-0.015364,96.050476,1.629467,387.959656,87.902382
SCANNING,0,1760550075500595,0.436911,-0.046865,-0.015364,96.082253,1.878798,387.959656,87.902367
SCANNING,0,1760550075510619,0.436911,-0.046865,-0.015364,96.109779,3.643900,387.959656,87.902374
SCANNING,0,1760550075540462,0.436911,-0.046865,-0.015364,96.185760,3.750149,387.959656,87.902405
SCANNING,0,1760550075570678,0.436911,-0.046865,-0.015364,96.266846,4.134899,387.959656,87.902397
SCANNING,1760550075559863,1760550075600421,0.438850,-0.045915,-0.016302,96.344666,3.249871,387.959656,87.902382
SCANNING,0,1760550075610476,0.438850,-0.045915,-0.016302,96.371132,3.248753,387.959656,87.902382
SCANNING,0,1760550075620715,0.438850,-0.045915,-0.016302,96.393356,1.497062,387.959656,87.902390
SCANNING,0,1760550075670411,0.438850,-0.045915,-0.016302,96.526825,0.964229,387.959656,87.902390
SCANNING,1760550075659683,1760550075690527,0.439167,-0.049298,-0.019051,96.583344,1.519304,387.959656,87.902382
SCANNING,0,1760550075700657,0.439167,-0.049298,-0.019051,96.609489,1.286906,387.959656,87.902382
SCANNING,0,1760550075720319,0.439219,-0.050960,-0.023890,96.664726,2.101031,387.959656,87.902397
SCANNING,0,1760550075740492,0.439219,-0.050960,-0.023890,96.720467,3.298690,387.959656,87.902397
SCANNING,0,1760550075760514,0.439219,-0.050960,-0.023890,96.767395,3.136260,387.959656,87.902390
SCANNING,0,1760550075770566,0.439219,-0.050960,-0.023890,96.798256,4.571900,387.959656,87.902390
SCANNING,1760550075759670,1760550075790299,0.439219,-0.050960,-0.023890,96.848854,3.493407,387.959656,87.902390
SCANNING,0,1760550075800384,0.439219,-0.050960,-0.023890,96.874184,3.812986,387.959656,87.902390
SCANNING,0,1760550075810485,0.439219,-0.050960,-0.023890,96.899956,3.594998,387.959656,87.902390
SCANNING,0,1760550075820656,0.439219,-0.050960,-0.023890,96.928894,3.727320,387.959656,87.902397
SCANNING,0,1760550075850408,0.439219,-0.050960,-0.023890,97.002937,2.979191,387.959656,87.902397
SCANNING,0,1760550075860457,0.439219,-0.050960,-0.023890,97.023720,0.411697,387.959656,87.902390
SCANNING,1760550075859652,1760550075890682,0.440483,-0.052704,-0.028112,97.112045,2.745072,387.959656,87.902390
SCANNING,0,1760550075900684,0.440483,-0.052704,-0.028112,97.138306,2.789999,387.959656,87.902390
SCANNING,0,1760550075920315,0.443357,-0.055538,-0.033173,97.190804,3.075699,387.959656,87.902397
SCANNING,0,1760550075940511,0.440483,-0.052704,-0.028112,97.244751,2.597430,387.959656,87.902390
SCANNING,0,1760550075960483,0.440483,-0.052704,-0.028112,97.301559,2.950833,387.959656,87.902390
SCANNING,0,1760550075970626,0.443357,-0.055538,-0.033173,97.327385,3.664622,387.959656,87.902397
SCANNING,1760550075959653,1760550076000381,0.443357,-0.055538,-0.033173,97.403511,3.196270,387.959656,87.902397
SCANNING,0,1760550076010418,0.443357,-0.055538,-0.033173,97.432129,3.589193,387.959656,87.902390
SCANNING,0,1760550076020582,0.443357,-0.055538,-0.033173,97.457687,4.069830,387.959656,87.902390
SCANNING,0,1760550076069474,0.443357,-0.055538,-0.033173,97.592422,3.095125,387.959656,87.902390
SCANNING,1760550076059715,1760550076099448,0.445261,-0.060244,-0.037127,97.668747,1.372521,387.959656,87.902397
SCANNING,0,1760550076109605,0.446166,-0.061220,-0.039168,97.697113,1.345408,387.959656,87.902390
SCANNING,0,1760550076159421,0.446166,-0.061220,-0.039168,97.831825,2.293579,387.959656,87.902390
SCANNING,0,1760550076169508,0.446166,-0.061220,-0.039168,97.857246,2.606661,387.959656,87.902390
SCANNING,1760550076159780,1760550076189642,0.446166,-0.061220,-0.039168,97.907143,2.457486,387.959656,87.902390
SCANNING,0,1760550076209449,0.446166,-0.061220,-0.039168,97.968750,3.231483,387.959656,87.902390
SCANNING,0,1760550076219662,0.446166,-0.061220,-0.039168,97.993393,2.606406,387.959686,87.902397
SCANNING,0,1760550076249490,0.447542,-0.062527,-0.039846,98.066872,3.896857,387.959656,87.902397
SCANNING,0,1760550076269442,0.446166,-0.061220,-0.039168,98.112549,1.181682,387.959656,87.902390
SCANNING,1760550076259688,1760550076289671,0.447542,-0.062527,-0.039846,98.168358,1.549501,387.959656,87.902397
SCANNING,0,1760550076309422,0.447636,-0.062816,-0.040208,98.224876,2.908478,387.959656,87.902390
SCANNING,0,1760550076319544,0.447636,-0.062816,-0.040208,98.249092,1.783206,387.959656,87.902390
SCANNING,0,1760550076369401,0.447542,-0.062527,-0.039846,98.388123,1.876429,387.959656,87.902397
SCANNING,1760550076359725,1760550076389584,0.448038,-0.064057,-0.041760,98.446007,2.891147,387.959686,87.902390
SCANNING,0,1760550076399703,0.447710,-0.064008,-0.042522,98.472168,4.154580,387.959656,87.902390
SCANNING,0,1760550076419392,0.447710,-0.064008,-0.042522,98.519783,2.814058,387.959656,87.902390
SCANNING,0,1760550076439552,0.447710,-0.064008,-0.042522,98.577171,2.995435,387.959656,87.902390
SCANNING,0,1760550076459577,0.447961,-0.064046,-0.041938,98.629601,5.025317,387.959686,87.902397
SCANNING,0,1760550076469652,0.447710,-0.064008,-0.042522,98.655571,4.260464,387.959656,87.902390
SCANNING,1760550076459840,1760550076489340,0.447710,-0.064008,-0.042522,98.704117,2.026071,387.959656,87.902390
SCANNING,0,1760550076499458,0.447710,-0.064008,-0.042522,98.729980,1.840381,387.959656,87.902397
SCANNING,0,1760550076509565,0.447710,-0.064008,-0.042522,98.755936,2.088421,387.959656,87.902397
SCANNING,0,1760550076519656,0.447710,-0.064008,-0.042522,98.779793,1.112326,387.959656,87.902390
SCANNING,0,1760550076539374,0.447710,-0.064008,-0.042522,98.835670,1.907287,387.959656,87.902397
SCANNING,0,1760550076559380,0.447710,-0.064008,-0.042522,98.885468,1.445354,387.959656,87.902390
SCANNING,0,1760550076569499,0.447710,-0.064008,-0.042522,98.913048,2.361586,387.959656,87.902382
SCANNING,1760550076559741,1760550076589663,0.447596,-0.062120,-0.043807,98.964935,0.203447,387.959656,87.902390
SCANNING,0,1760550076609358,0.447596,-0.062120,-0.043807,99.022385,1.769925,387.959686,87.902390
SCANNING,0,1760550076619435,0.447596,-0.062120,-0.043807,99.050148,3.346953,387.959656,87.902390
SCANNING,0,1760550076639701,0.448163,-0.061498,-0.046463,99.102921,3.997503,387.959656,87.902397
SCANNING,0,1760550076659589,0.447596,-0.062120,-0.043807,99.153717,3.781142,387.959686,87.902390
SCANNING,1760550076659679,1760550076689562,0.448163,-0.061498,-0.046463,99.234718,3.342399,387.959656,87.902397
SCANNING,0,1760550076699476,0.448163,-0.061498,-0.046463,99.259094,3.455416,387.959656,87.902397
SCANNING,0,1760550076709591,0.448163,-0.061498,-0.046463,99.288559,4.303610,387.959656,87.902397
SCANNING,0,1760550076719663,0.449431,-0.060625,-0.049049,99.314651,4.348821,387.959686,87.902390
SCANNING,0,1760550076739360,0.448403,-0.061333,-0.046952,99.362762,1.163622,387.959656,87.902390
SCANNING,0,1760550076749388,0.449431,-0.060625,-0.049049,99.392075,1.270300,387.959686,87.902390
SCANNING,1760550076759546,1760550076789545,0.449431,-0.060625,-0.049049,99.497421,0.964945,387.959686,87.902390
SCANNING,0,1760550076799694,0.450523,-0.059200,-0.051373,99.525902,1.826523,387.959656,87.902390
SCANNING,0,1760550076819428,0.449686,-0.060292,-0.049591,99.580986,1.791372,387.959686,87.902397
SCANNING,0,1760550076839523,0.450523,-0.059200,-0.051373,99.638306,2.950042,387.959656,87.902397
SCANNING,0,1760550076869230,0.450523,-0.059200,-0.051373,99.714745,3.449211,387.959656,87.902390
SCANNING,1760550076859552,1760550076889339,0.450523,-0.059200,-0.051373,99.761971,2.001214,387.959656,87.902390
SCANNING,0,1760550076899302,0.450523,-0.059200,-0.051373,99.790527,3.803880,387.959656,87.902390
SCANNING,0,1760550076909317,0.450540,-0.059157,-0.051365,99.818863,4.273149,387.959656,87.902374
SCANNING,0,1760550076919319,0.450523,-0.059200,-0.051373,99.841263,2.891320,387.959625,87.902367
SCANNING,0,1760550076939288,0.450589,-0.059034,-0.051343,99.891785,2.903819,387.959656,87.902328
SCANNING,0,1760550076949319,0.450710,-0.058729,-0.051288,99.919777,3.237996,387.959717,87.902275
SCANNING,0,1760550076969356,0.451130,-0.057665,-0.051098,99.969887,2.018441,387.959900,87.902061
SCANNING,1760550076959359,1760550076989258,0.451688,-0.056256,-0.050845,100.024506,1.616998,387.960144,87.901779
SCANNING,0,1760550076999385,0.451814,-0.056035,-0.050578,100.051117,1.886274,387.960266,87.901611
SCANNING,0,1760550077009218,0.451947,-0.055802,-0.050297,100.083694,3.424201,387.960419,87.901459
SCANNING,0,1760550077018744,0.452056,-0.055610,-0.050065,100.108017,3.989681,387.960541,87.901329
SCANNING,0,1760550077039205,0.452278,-0.055222,-0.049596,100.159637,4.141226,387.960815,87.901093
SCANNING,0,1760550077059251,0.452501,-0.054831,-0.049124,100.211624,3.641627,387.961060,87.900826
SCANNING,0,1760550077069264,0.452617,-0.054628,-0.048878,100.240112,3.237004,387.961182,87.900681
SCANNING,1760550077059697,1760550077088718,0.452863,-0.054197,-0.048358,100.297455,4.623330,387.961426,87.900360
SCANNING,0,1760550077099278,0.452879,-0.054147,-0.048312,100.321526,4.450789,387.961578,87.900200
SCANNING,0,1760550077109279,0.452899,-0.054083,-0.048253,100.343903,2.463585,387.961792,87.900009
SCANNING,0,1760550077119254,0.452923,-0.054008,-0.048184,100.370674,2.842120,387.962006,87.899750
SCANNING,0,1760550077139204,0.453001,-0.053765,-0.047961,100.425201,3.067269,387.962708,87.898926
SCANNING,0,1760550077159297,0.453144,-0.053316,-0.047549,100.473419,1.153240,387.963989,87.897385
SCANNING,0,1760550077169266,0.453255,-0.052967,-0.047228,100.500000,0.817234,387.965027,87.896225
SCANNING,1760550077159638,1760550077189365,0.453532,-0.052099,-0.046431,100.558151,2.925847,387.967804,87.893547
SCANNING,0,1760550077199387,0.453531,-0.052069,-0.046377,100.585594,1.835112,387.969330,87.892517
SCANNING,0,1760550077209352,0.453529,-0.052035,-0.046316,100.609169,0.754689,387.970917,87.891212
SCANNING,0,1760550077219351,0.453527,-0.051997,-0.046245,100.636154,0.524310,387.972626,87.889595
SCANNING,0,1760550077239300,0.453522,-0.051908,-0.046084,100.695404,2.052270,387.976074,87.885414
SCANNING,0,1760550077259376,0.453517,-0.051804,-0.045897,100.747864,2.758658,387.980072,87.880547
SCANNING,0,1760550077269406,0.453514,-0.051750,-0.045797,100.771645,3.910304,387.982544,87.878319
SCANNING,1760550077259677,1760550077289481,0.453508,-0.051621,-0.045564,100.828850,3.930875,387.988098,87.872833
SCANNING,0,1760550077299468,0.453742,-0.051757,-0.045274,100.852318,3.287875,387.991730,87.869873
SCANNING,0,1760550077309434,0.453967,-0.051887,-0.044997,100.878654,3.603343,387.995087,87.866913
SCANNING,0,1760550077319433,0.454246,-0.052049,-0.044651,100.902779,3.292655,387.999390,87.863358
SCANNING,0,1760550077338507,0.454786,-0.052363,-0.043983,100.965294,5.148390,388.006989,87.855766
SCANNING,0,1760550077348573,0.455117,-0.052555,-0.043574,100.988091,3.988006,388.012177,87.851639
SCANNING,0,1760550077368649,0.455741,-0.052917,-0.042803,101.028595,2.480423,388.021210,87.843124
SCANNING,1760550077359476,1760550077388714,0.456387,-0.053292,-0.042004,101.084953,1.040252,388.029663,87.833412
SCANNING,0,1760550077398685,0.456861,-0.053807,-0.042040,101.110825,0.748759,388.033966,87.828300
SCANNING,0,1760550077408701,0.457354,-0.054342,-0.042078,101.137085,0.643880,388.038788,87.823334
SCANNING,0,1760550077418700,0.457885,-0.054919,-0.042119,101.163910,1.518671,388.043945,87.817932
SCANNING,0,1760550077438310,0.458970,-0.056098,-0.042203,101.220230,2.586488,388.054749,87.807175
SCANNING,0,1760550077468310,0.460855,-0.058146,-0.042348,101.301666,1.831033,388.074615,87.789597
SCANNING,1760550077459779,1760550077488387,0.462223,-0.059632,-0.042453,101.359055,4.293055,388.088348,87.776154
SCANNING,0,1760550077498511,0.463271,-0.060274,-0.042599,101.384834,3.838868,388.094849,87.769485
SCANNING,0,1760550077508622,0.464306,-0.060908,-0.042744,101.409882,3.559359,388.101135,87.762764
SCANNING,0,1760550077518523,0.465356,-0.061551,-0.042891,101.439980,4.839668,388.107605,87.756042
SCANNING,0,1760550077538691,0.467629,-0.062942,-0.043208,101.488480,3.810841,388.122070,87.741951
SCANNING,0,1760550077548652,0.468884,-0.063711,-0.043384,101.513885,3.668006,388.130341,87.734451
SCANNING,0,1760550077568694,0.471484,-0.065303,-0.043747,101.571106,3.971170,388.147339,87.718773
SCANNING,1760550077560669,1760550077588695,0.473966,-0.066823,-0.044094,101.617538,2.510721,388.162262,87.702515
SCANNING,0,1760550077608258,0.477333,-0.068057,-0.044564,101.671570,2.072649,388.178162,87.686539
SCANNING,0,1760550077618454,0.479100,-0.068704,-0.044811,101.698837,1.792344,388.186737,87.678391
SCANNING,0,1760550077638399,0.482977,-0.070124,-0.045353,101.751427,2.138929,388.205872,87.660828
SCANNING,0,1760550077648430,0.484920,-0.070836,-0.045624,101.777748,2.280858,388.214996,87.651558
SCANNING,0,1760550077668506,0.488528,-0.072159,-0.046128,101.832443,1.697994,388.231537,87.633942
SCANNING,1760550077659762,1760550077688606,0.492361,-0.073563,-0.046664,101.883011,2.018595,388.250275,87.616394
SCANNING,0,1760550077698604,0.495063,-0.074097,-0.046863,101.906815,1.916869,388.260712,87.607216
SCANNING,0,1760550077708605,0.497803,-0.074639,-0.047066,101.935356,1.411860,388.271057,87.597672
SCANNING,0,1760550077718605,0.500441,-0.075161,-0.047260,101.962418,-0.084259,388.280396,87.587860
SCANNING,0,1760550077738700,0.505500,-0.076161,-0.047634,102.018913,3.637014,388.298035,87.568771
SCANNING,0,1760550077748721,0.508089,-0.076673,-0.047825,102.040375,4.029320,388.307495,87.559433
SCANNING,0,1760550077768324,0.513566,-0.077756,-0.048229,102.089912,2.147451,388.328613,87.540794
SCANNING,1760550077759789,1760550077788420,0.519096,-0.078849,-0.048637,102.143005,1.824667,388.348389,87.520424
SCANNING,0,1760550077798415,0.522227,-0.079039,-0.048921,102.169121,1.651847,388.357391,87.510551
SCANNING,0,1760550077808420,0.525356,-0.079229,-0.049204,102.194519,1.215187,388.366760,87.501060
SCANNING,0,1760550077818425,0.528615,-0.079426,-0.049499,102.226265,2.684114,388.377014,87.491669
SCANNING,0,1760550077838428,0.535279,-0.079831,-0.050102,102.278328,1.922965,388.398254,87.472733
SCANNING,0,1760550077868483,0.544801,-0.080408,-0.050965,102.363487,1.952855,388.426575,87.443657
SCANNING,1760550077859693,1760550077888526,0.551277,-0.080801,-0.051551,102.415588,2.315206,388.447021,87.425064
SCANNING,0,1760550077898501,0.555165,-0.080653,-0.051945,102.447273,2.730107,388.457245,87.415871
SCANNING,0,1760550077908495,0.559029,-0.080506,-0.052336,102.475197,3.474980,388.466766,87.406090
SCANNING,0,1760550077918426,0.562932,-0.080357,-0.052732,102.497841,2.811543,388.476013,87.395844
SCANNING,0,1760550077938443,0.570526,-0.080068,-0.053501,102.551460,2.752676,388.494720,87.376625
SCANNING,0,1760550077948576,0.574370,-0.079922,-0.053890,102.580048,2.509216,388.504913,87.367615
SCANNING,0,1760550077968509,0.582100,-0.079627,-0.054673,102.634132,4.749213,388.525024,87.349121
SCANNING,1760550077959938,1760550077988481,0.589568,-0.079343,-0.055430,102.687309,4.386654,388.542542,87.329338
SCANNING,0,1760550077998434,0.593746,-0.079117,-0.055819,102.709045,3.591230,388.551147,87.319832
SCANNING,0,1760550078008475,0.597887,-0.078894,-0.056204,102.735329,3.005137,388.560181,87.310913
SCANNING,0,1760550078018471,0.602056,-0.078668,-0.056592,102.757271,2.463834,388.569733,87.302391
SCANNING,0,1760550078038481,0.610553,-0.078209,-0.057383,102.810165,2.998222,388.588806,87.284630
SCANNING,0,1760550078048458,0.614798,-0.077980,-0.057778,102.837738,2.170840,388.597626,87.275047
SCANNING,1760550078059703,1760550078088564,0.630470,-0.077133,-0.059236,102.940292,2.156656,388.631378,87.240860
SCANNING,0,1760550078098602,0.634633,-0.076905,-0.059220,102.968620,2.418698,388.640686,87.232574
SCANNING,0,1760550078108584,0.638757,-0.076679,-0.059203,102.994911,1.243513,388.649658,87.224113
SCANNING,0,1760550078118615,0.642728,-0.076461,-0.059188,103.021973,1.191124,388.657898,87.215569
SCANNING,0,1760550078138619,0.650223,-0.076050,-0.059158,103.081299,3.358893,388.672882,87.198875
SCANNING,0,1760550078148602,0.653844,-0.075852,-0.059144,103.105431,4.376602,388.680328,87.191017
SCANNING,1760550078159696,1760550078197779,0.672718,-0.074817,-0.059069,103.236931,3.291068,388.720886,87.151802
SCANNING,0,1760550078208284,0.677296,-0.074488,-0.058973,103.261833,3.219479,388.727661,87.144020
SCANNING,0,1760550078218261,0.681744,-0.074167,-0.058880,103.285522,3.359777,388.734558,87.136772
SCANNING,0,1760550078238289,0.690611,-0.073529,-0.058694,103.339302,2.061811,388.748749,87.122765
SCANNING,0,1760550078247777,0.695284,-0.073193,-0.058596,103.364952,1.228598,388.756592,87.115746
SCANNING,0,1760550078268252,0.704691,-0.072516,-0.058399,103.420357,2.382640,388.771942,87.101181
SCANNING,1760550078259778,1760550078288301,0.713175,-0.071905,-0.058221,103.472710,0.458646,388.784882,87.087143
SCANNING,0,1760550078298378,0.716524,-0.071730,-0.058293,103.499092,1.351479,388.790771,87.080437
SCANNING,0,1760550078308315,0.719910,-0.071553,-0.058366,103.524673,0.997286,388.796967,87.073898
SCANNING,0,1760550078318338,0.723309,-0.071376,-0.058439,103.552017,1.553225,388.803406,87.067551
SCANNING,0,1760550078338321,0.730486,-0.071001,-0.058594,103.607971,1.758541,388.817352,87.054504
SCANNING,0,1760550078348315,0.734020,-0.070817,-0.058670,103.634888,1.430401,388.824249,87.048111
SCANNING,0,1760550078358310,0.737529,-0.070634,-0.058746,103.663528,2.313108,388.831024,87.041687
SCANNING,0,1760550078368327,0.740887,-0.070459,-0.058818,103.690971,2.898993,388.837219,87.035255
SCANNING,1760550078359634,1760550078398352,0.750305,-0.069967,-0.059021,103.763954,3.542578,388.854309,87.016922
SCANNING,0,1760550078408313,0.753892,-0.069807,-0.058816,103.793610,4.535205,388.859955,87.011284
SCANNING,0,1760550078418436,0.757614,-0.069640,-0.058604,103.820633,4.546834,388.865936,87.005554
SCANNING,0,1760550078438357,0.765220,-0.069300,-0.058171,103.869125,3.386370,388.878357,86.994049
SCANNING,0,1760550078448369,0.769192,-0.069122,-0.057944,103.894073,3.390776,388.884827,86.988022
SCANNING,0,1760550078468397,0.776591,-0.068791,-0.057522,103.951088,4.091139,388.896637,86.976555
SCANNING,1760550078459550,1760550078488449,0.783680,-0.068474,-0.057118,103.999908,2.013758,388.907318,86.964935
SCANNING,0,1760550078498511,0.786555,-0.068350,-0.056974,104.024796,1.082606,388.912384,86.959457
SCANNING,0,1760550078508450,0.789382,-0.068229,-0.056832,104.051575,1.357342,388.917419,86.954124
SCANNING,0,1760550078518450,0.792290,-0.068103,-0.056686,104.084663,2.021983,388.922729,86.948769
SCANNING,0,1760550078538510,0.798210,-0.067849,-0.056389,104.137840,4.445847,388.933746,86.938072
SCANNING,0,1760550078548458,0.801291,-0.067716,-0.056234,104.162781,3.632563,388.939728,86.932755
SCANNING,0,1760550078567603,0.807430,-0.067452,-0.055927,104.217094,3.878897,388.951416,86.921928
SCANNING,1760550078559591,1760550078588526,0.813261,-0.067201,-0.055634,104.270355,3.867710,388.962219,86.911346
SCANNING,0,1760550078598572,0.815854,-0.067201,-0.055925,104.301521,4.499571,388.967285,86.905998
SCANNING,0,1760550078608653,0.818384,-0.067201,-0.056208,104.328186,4.727478,388.972290,86.900841
SCANNING,0,1760550078618613,0.820861,-0.067202,-0.056486,104.351379,3.990496,388.977051,86.895653
SCANNING,0,1760550078637842,0.825875,-0.067202,-0.057049,104.402534,3.386991,388.986542,86.885002
SCANNING,0,1760550078667324,0.833993,-0.067203,-0.057959,104.477280,1.769813,389.003387,86.869240
SCANNING,1760550078660742,1760550078687346,0.839692,-0.067203,-0.058598,104.534103,3.211225,389.015564,86.858528
SCANNING,0,1760550078697347,0.841987,-0.067302,-0.058906,104.563942,3.630820,389.021179,86.853340
SCANNING,0,1760550078707409,0.844224,-0.067398,-0.059205,104.589218,2.226348,389.026276,86.847908
SCANNING,0,1760550078717346,0.846522,-0.067497,-0.059513,104.610611,1.412790,389.031616,86.842430
SCANNING,0,1760550078737399,0.850941,-0.067688,-0.060106,104.665512,1.034338,389.041290,86.831306
SCANNING,0,1760550078747500,0.853265,-0.067788,-0.060417,104.694130,0.964206,389.046600,86.825676
SCANNING,0,1760550078787604,0.862982,-0.068207,-0.061720,104.804474,3.081882,389.069977,86.803314
SCANNING,0,1760550078797643,0.865536,-0.068317,-0.062062,104.830299,3.029366,389.076324,86.797638
SCANNING,0,1760550078807680,0.868094,-0.068427,-0.062405,104.855400,3.220930,389.082581,86.791855
SCANNING,0,1760550078817711,0.870558,-0.068533,-0.062735,104.880035,3.079138,389.088440,86.786118
SCANNING,0,1760550078837685,0.875469,-0.068745,-0.063393,104.935860,3.158711,389.099609,86.774170
SCANNING,0,1760550078867329,0.882943,-0.069067,-0.064395,105.013527,4.109597,389.116913,86.756294
SCANNING,1760550078860755,1760550078887366,0.888314,-0.069298,-0.065115,105.060760,2.650380,389.129974,86.744072
SCANNING,0,1760550078897378,0.890684,-0.069739,-0.065575,105.089073,2.184350,389.137085,86.737961
SCANNING,0,1760550078907530,0.893032,-0.070175,-0.066030,105.114685,1.261632,389.144012,86.731789
SCANNING,0,1760550078917410,0.895301,-0.070597,-0.066471,105.140732,1.355414,389.150421,86.725533
SCANNING,0,1760550078937458,0.899751,-0.071425,-0.067334,105.193085,1.025186,389.162476,86.712761
SCANNING,0,1760550078947401,0.902001,-0.071843,-0.067771,105.222649,1.963206,389.168396,86.706131
SCANNING,0,1760550078967493,0.906618,-0.072702,-0.068667,105.275146,1.423687,389.181152,86.693123
SCANNING,1760550078959833,1760550078987601,0.911597,-0.073628,-0.069633,105.332520,1.583480,389.195496,86.679688
SCANNING,0,1760550078997619,0.914057,-0.074232,-0.070274,105.361992,3.276641,389.203156,86.672913
SCANNING,0,1760550079007572,0.916472,-0.074825,-0.070903,105.389374,3.743674,389.210480,86.666061
SCANNING,0,1760550079017605,0.918844,-0.075407,-0.071520,105.412384,2.569276,389.217377,86.659042
SCANNING,0,1760550079037674,0.923379,-0.076520,-0.072701,105.471764,4.806894,389.230133,86.645180
SCANNING,0,1760550079047651,0.925696,-0.077089,-0.073304,105.493790,3.886041,389.236847,86.638298
SCANNING,0,1760550079057667,0.928036,-0.077663,-0.073914,105.521797,4.108896,389.243835,86.631554
SCANNING,1760550079059786,1760550079087683,0.935783,-0.079565,-0.075931,105.602173,4.249751,389.267700,86.609955
SCANNING,0,1760550079097758,0.938103,-0.079971,-0.076229,105.625275,4.677751,389.274963,86.602722
SCANNING,0,1760550079107699,0.940374,-0.080369,-0.076521,105.653343,4.674661,389.281860,86.595436
SCANNING,0,1760550079117747,0.942609,-0.080760,-0.076808,105.676857,3.291729,389.288574,86.588188
SCANNING,0,1760550079147270,0.949399,-0.081950,-0.077681,105.752541,1.928510,389.310211,86.567406
SCANNING,0,1760550079167316,0.954360,-0.082819,-0.078318,105.802780,0.545455,389.326416,86.552620
SCANNING,1760550079159749,1760550079197370,0.961562,-0.084080,-0.079244,105.882843,1.151801,389.348663,86.529877
SCANNING,0,1760550079207398,0.964402,-0.084289,-0.079612,105.911308,2.528472,389.355377,86.522301
SCANNING,0,1760550079217372,0.967260,-0.084499,-0.079982,105.935135,0.285827,389.362457,86.514999
SCANNING,0,1760550079237437,0.973292,-0.084942,-0.080764,105.993820,1.084814,389.378510,86.500702
SCANNING,0,1760550079247454,0.976511,-0.085178,-0.081181,106.019493,2.589478,389.387360,86.493355
SCANNING,0,1760550079267458,0.982541,-0.085621,-0.081962,106.074463,4.311861,389.402679,86.478333
SCANNING,1760550079259731,1760550079287485,0.988374,-0.086050,-0.082718,106.118629,2.379067,389.416565,86.462868
SCANNING,0,1760550079297491,0.991174,-0.086159,-0.082950,106.147148,2.588596,389.423737,86.455139
SCANNING,0,1760550079307520,0.993999,-0.086270,-0.083183,106.171913,2.003438,389.431335,86.447708
SCANNING,0,1760550079317500,0.996928,-0.086384,-0.083425,106.198402,1.624561,389.439545,86.440331
SCANNING,0,1760550079337485,1.002727,-0.086611,-0.083905,106.252480,1.395075,389.456024,86.425957
SCANNING,0,1760550079347489,1.005488,-0.086719,-0.084133,106.279999,2.253226,389.463409,86.418648
SCANNING,1760550079359730,1760550079387647,1.016618,-0.087154,-0.085053,106.390495,1.405441,389.491913,86.387932
SCANNING,0,1760550079397677,1.019442,-0.087113,-0.085199,106.417656,2.250069,389.499725,86.380814
SCANNING,0,1760550079407657,1.022378,-0.087070,-0.085351,106.444206,0.886731,389.508057,86.373619
SCANNING,0,1760550079417626,1.025291,-0.087028,-0.085502,106.472969,1.214430,389.516235,86.366394
SCANNING,0,1760550079437684,1.030889,-0.086946,-0.085791,106.523605,1.379893,389.530914,86.351471
SCANNING,0,1760550079467621,1.038935,-0.086829,-0.086207,106.606537,1.995714,389.550812,86.328827
SCANNING,1760550079459724,1760550079497414,1.046889,-0.086713,-0.086619,106.688889,2.943624,389.572174,86.308128
SCANNING,0,1760550079507424,1.050804,-0.086503,-0.086326,106.710754,3.926713,389.579346,86.301903
SCANNING,0,1760550079517497,1.054663,-0.086297,-0.086037,106.735031,2.923695,389.586243,86.295593
SCANNING,0,1760550079537685,1.061755,-0.085917,-0.085506,106.782623,2.192248,389.597992,86.283073
SCANNING,1760550079559872,1760550079587453,1.077209,-0.085089,-0.084349,106.916550,3.278554,389.623383,86.255577
SCANNING,0,1760550079597528,1.080726,-0.085012,-0.084085,106.938934,1.119952,389.628784,86.250999
SCANNING,0,1760550079607667,1.084200,-0.084936,-0.083824,106.969719,2.052332,389.633881,86.246239
SCANNING,0,1760550079637458,1.093313,-0.084737,-0.083140,107.051559,2.773662,389.647491,86.233994
SCANNING,0,1760550079657380,1.098457,-0.084625,-0.082754,107.106606,4.226604,389.654694,86.226601
SCANNING,0,1760550079667440,1.100856,-0.084572,-0.082574,107.130684,4.698370,389.657593,86.222694
SCANNING,1760550079658776,1760550079687613,1.105252,-0.084476,-0.082244,107.182236,4.094716,389.663300,86.215927
SCANNING,0,1760550079697823,1.108488,-0.084683,-0.081807,107.212273,4.858088,389.665710,86.213341
SCANNING,0,1760550079717374,1.114937,-0.085097,-0.080935,107.262016,3.601323,389.670532,86.208206
SCANNING,0,1760550079737592,1.120239,-0.085436,-0.080218,107.317650,3.983582,389.674744,86.204231
SCANNING,0,1760550079747634,1.122492,-0.085581,-0.079914,107.340820,1.852782,389.676422,86.202431
SCANNING,0,1760550079767692,1.126080,-0.085810,-0.079429,107.394196,1.407552,389.679169,86.199638
SCANNING,1760550079758234,1760550079796706,1.130162,-0.086072,-0.078877,107.474106,1.270848,389.682526,86.196693
SCANNING,0,1760550079807221,1.133046,-0.086161,-0.078114,107.499619,1.103046,389.683411,86.196396
SCANNING,0,1760550079817267,1.135836,-0.086248,-0.077376,107.526253,1.477990,389.684265,86.196106
SCANNING,0,1760550079837332,1.139427,-0.086359,-0.076426,107.584236,1.821097,389.684570,86.194939
SCANNING,0,1760550079857385,1.144270,-0.086509,-0.075145,107.634300,0.728931,389.684479,86.192863
SCANNING,0,1760550079867422,1.145904,-0.086560,-0.074712,107.663345,1.718987,389.684814,86.192528
SCANNING,1760550079859001,1760550079887421,1.149405,-0.086668,-0.073786,107.719582,2.628154,389.686371,86.192650
SCANNING,0,1760550079897435,1.150068,-0.086728,-0.073627,107.743553,2.599193,389.687164,86.192696
SCANNING,0,1760550079907422,1.150711,-0.086786,-0.073472,107.768295,3.320062,389.687866,86.192673
SCANNING,0,1760550079917409,1.151327,-0.086842,-0.073323,107.798775,4.728006,389.688416,86.192528
SCANNING,0,1760550079956427,1.154968,-0.087172,-0.072447,107.899712,3.602674,389.690491,86.190498
SCANNING,0,1760550079966483,1.156490,-0.087310,-0.072081,107.930023,3.947066,389.691223,86.189514
SCANNING,1760550079958839,1760550079996438,1.162134,-0.087821,-0.070723,108.005623,3.432494,389.693665,86.185593
SCANNING,0,1760550080006419,1.162749,-0.087668,-0.070426,108.026878,1.861896,389.694794,86.184258
SCANNING,0,1760550080016463,1.163328,-0.087524,-0.070146,108.055908,1.777928,389.696259,86.183403
SCANNING,0,1760550080056499,1.166438,-0.086749,-0.068643,108.166039,2.878974,389.703552,86.178230
SCANNING,0,1760550080066484,1.167321,-0.086529,-0.068216,108.191628,2.542514,389.704803,86.175941
SCANNING,1760550080060731,1760550080096541,1.170170,-0.085819,-0.066839,108.274704,3.342093,389.710602,86.170319
SCANNING,0,1760550080106585,1.170795,-0.085770,-0.066736,108.302826,2.800272,389.713074,86.168060
SCANNING,0,1760550080116597,1.171470,-0.085718,-0.066625,108.331131,3.797346,389.715881,86.165756
SCANNING,1760550080159747,1760550080196505,1.177529,-0.085246,-0.065628,108.539474,4.370855,389.737793,86.141792
SCANNING,0,1760550080206548,1.178260,-0.085110,-0.065469,108.567497,3.883372,389.741669,86.138329
SCANNING,0,1760550080216495,1.178925,-0.084987,-0.065325,108.591293,2.829143,389.745087,86.135071
SCANNING,0,1760550080266662,1.183107,-0.084211,-0.064417,108.722794,1.116763,389.767242,86.115227
SCANNING,1760550080259895,1760550080296398,1.185758,-0.083719,-0.063841,108.804489,2.318890,389.780182,86.101547
SCANNING,0,1760550080306465,1.186663,-0.083769,-0.063886,108.829628,1.039585,389.784637,86.096649
SCANNING,0,1760550080316393,1.187540,-0.083817,-0.063929,108.855255,1.887474,389.788849,86.091797
SCANNING,0,1760550080346507,1.190566,-0.083984,-0.064079,108.936234,2.004916,389.804382,86.076073
SCANNING,0,1760550080356639,1.191693,-0.084047,-0.064135,108.964928,2.110597,389.810730,86.070778
SCANNING,1760550080359708,1760550080406299,1.197475,-0.084366,-0.064421,109.088295,1.536899,389.841248,86.041550
SCANNING,0,1760550080416340,1.199151,-0.084328,-0.064312,109.112434,0.526087,389.847015,86.035271
SCANNING,0,1760550080446445,1.204292,-0.084210,-0.063979,109.194794,1.282522,389.865356,86.016663
SCANNING,0,1760550080466518,1.208214,-0.084120,-0.063725,109.250458,2.112182,389.880463,86.003578
SCANNING,1760550080459692,1760550080496543,1.214145,-0.083984,-0.063340,109.333313,1.256669,389.902313,85.982796
SCANNING,0,1760550080505507,1.216117,-0.084394,-0.063744,109.362488,2.684849,389.908752,85.975510
SCANNING,0,1760550080515552,1.218208,-0.084828,-0.064173,109.391235,3.016920,389.915131,85.967331
SCANNING,0,1760550080525577,1.220267,-0.085256,-0.064594,109.414955,2.665141,389.921844,85.959717
SCANNING,0,1760550080546612,1.224636,-0.086164,-0.065490,109.474861,4.963892,389.937500,85.944962
SCANNING,0,1760550080566708,1.229159,-0.087103,-0.066416,109.522461,3.642739,389.954437,85.930420
SCANNING,1760550080559729,1760550080596325,1.235823,-0.088488,-0.067782,109.603149,2.694705,389.977173,85.906769
SCANNING,0,1760550080606321,1.238175,-0.088656,-0.068082,109.631226,4.389266,389.984619,85.898552
SCANNING,0,1760550080616281,1.240595,-0.088828,-0.068390,109.658089,4.194650,389.992401,85.890221
SCANNING,0,1760550080646360,1.248282,-0.089376,-0.069370,109.731308,2.379220,390.019745,85.866379
SCANNING,0,1760550080666423,1.253237,-0.089729,-0.070002,109.778358,1.127493,390.035858,85.849503
SCANNING,1760550080659754,1760550080696610,1.260886,-0.090274,-0.070977,109.859360,1.717392,390.060516,85.823227
SCANNING,0,1760550080706548,1.263613,-0.090675,-0.071382,109.885246,1.555033,390.070038,85.814674
SCANNING,0,1760550080716533,1.266365,-0.091079,-0.071790,109.913399,2.534253,390.079681,85.806068
SCANNING,0,1760550080746561,1.274303,-0.092245,-0.072968,109.993858,0.791579,390.105804,85.779572
SCANNING,0,1760550080766524,1.279768,-0.093048,-0.073779,110.048706,2.767353,390.123810,85.761345
SCANNING,1760550080759573,1760550080806365,1.290384,-0.094607,-0.075354,110.147186,2.429739,390.159943,85.727104
SCANNING,0,1760550080816391,1.294119,-0.094758,-0.075782,110.174255,2.407029,390.167572,85.718826
SCANNING,0,1760550080856636,1.309134,-0.095364,-0.077504,110.281387,2.328958,390.199860,85.687157
SCANNING,1760550080859816,1760550080896696,1.322561,-0.095906,-0.079044,110.391281,1.465062,390.228333,85.658440
SCANNING,0,1760550080906697,1.326217,-0.096071,-0.079335,110.417679,1.962784,390.234802,85.651482
SCANNING,0,1760550080966618,1.347021,-0.097012,-0.080991,110.580788,2.046626,390.274414,85.614700
SCANNING,1760550080959725,1760550080996452,1.355604,-0.097400,-0.081674,110.662872,3.058573,390.289581,85.598351
SCANNING,0,1760550081006558,1.359053,-0.097136,-0.081549,110.688805,3.038270,390.294067,85.593102
SCANNING,0,1760550081016733,1.362610,-0.096864,-0.081420,110.714935,4.872283,390.298889,85.587883
SCANNING,0,1760550081066577,1.378845,-0.095620,-0.080830,110.839859,2.465889,390.322968,85.566132
SCANNING,1760550081059709,1760550081096477,1.386802,-0.095011,-0.080541,110.919716,3.750530,390.334320,85.555023
SCANNING,0,1760550081106566,1.391060,-0.094723,-0.080118,110.943916,2.986120,390.337708,85.551895
SCANNING,0,1760550081116696,1.394938,-0.094461,-0.079732,110.969978,1.805289,390.340210,85.548462
SCANNING,0,1760550081146514,1.405019,-0.093778,-0.078730,111.051620,1.881316,390.347443,85.540268
SCANNING,0,1760550081166487,1.411032,-0.093372,-0.078132,111.109268,4.075812,390.352112,85.535736
SCANNING,1760550081159617,1760550081176579,1.413539,-0.093202,-0.077883,111.136925,5.347332,390.354034,85.533821
SCANNING,0,1760550081206473,1.423250,-0.091609,-0.076860,111.213707,4.410049,390.358643,85.529007
SCANNING,0,1760550081225712,1.428439,-0.090758,-0.076313,111.265495,3.406322,390.361053,85.526382
SCANNING,0,1760550081255403,1.434014,-0.089843,-0.075726,111.346611,2.908200,390.363586,85.523506
SCANNING,0,1760550081265472,1.434494,-0.089764,-0.075675,111.371445,2.277359,390.363800,85.523254
SCANNING,1760550081259614,1760550081275507,1.434722,-0.089727,-0.075651,111.399277,2.534560,390.363983,85.523216
SCANNING,0,1760550081305439,1.435788,-0.089740,-0.075457,111.477776,1.987660,390.364105,85.523819
SCANNING,0,1760550081315534,1.437682,-0.089762,-0.075113,111.503426,2.087364,390.363708,85.524277
SCANNING,0,1760550081325593,1.440334,-0.089794,-0.074630,111.531708,2.637441,390.362976,85.524742
SCANNING,0,1760550081355644,1.448041,-0.089887,-0.073229,111.610153,1.518335,390.360901,85.526146
SCANNING,0,1760550081365726,1.450172,-0.089912,-0.072841,111.636444,1.269076,390.360504,85.526711
SCANNING,0,1760550081395656,1.452487,-0.089940,-0.072420,111.721443,2.038186,390.359589,85.528107
SCANNING,0,1760550081405772,1.452487,-0.089940,-0.072420,111.746391,2.478985,390.359436,85.528152
SCANNING,0,1760550081425440,1.452487,-0.089940,-0.072420,111.802917,3.935524,390.359406,85.528008
SCANNING,0,1760550081455542,1.452487,-0.089940,-0.072420,111.877655,3.230594,390.359680,85.527695
SCANNING,0,1760550081465653,1.452487,-0.089940,-0.072420,111.903481,3.220948,390.359833,85.527473
SCANNING,1760550081359334,1760550081475742,1.452487,-0.089940,-0.072420,111.933022,3.754353,390.359985,85.527237
SCANNING,1760550081459732,1760550081495465,1.452487,-0.089940,-0.072420,111.990326,4.221439,390.360077,85.527016
SCANNING,0,1760550081505692,1.452939,-0.089967,-0.072101,112.009239,3.747213,390.360077,85.527031
SCANNING,0,1760550081515701,1.454776,-0.090075,-0.070803,112.028824,2.159651,390.360046,85.527061
SCANNING,0,1760550081565570,1.459835,-0.090372,-0.067228,112.166374,2.262087,390.360016,85.527214
SCANNING,0,1760550081575678,1.459835,-0.090372,-0.067228,112.193893,2.415238,390.360016,85.527214
SCANNING,0,1760550081605535,1.458901,-0.090317,-0.067888,112.276550,3.048294,390.360016,85.527168
SCANNING,0,1760550081615604,1.458901,-0.090317,-0.067888,112.303574,1.608901,390.360016,85.527168
SCANNING,0,1760550081625742,1.458901,-0.090317,-0.067888,112.333107,3.553018,390.360016,85.527168
SCANNING,0,1760550081645462,1.459383,-0.090345,-0.067547,112.385941,4.095645,390.360016,85.527184
SCANNING,1760550081559537,1760550081675473,1.459835,-0.090372,-0.067228,112.464188,5.309576,390.360016,85.527199
SCANNING,1760550081659775,1760550081695708,1.459835,-0.090372,-0.067228,112.514786,4.033082,390.360016,85.527184
SCANNING,0,1760550081715427,1.459835,-0.090372,-0.067228,112.571442,3.101789,390.360016,85.527184
SCANNING,0,1760550081745682,1.459733,-0.090480,-0.063868,112.651176,4.492503,390.360016,85.527191
SCANNING,0,1760550081765752,1.459835,-0.090372,-0.067228,112.697990,1.691130,390.360016,85.527184
SCANNING,1760550081759709,1760550081795603,1.459733,-0.090480,-0.063868,112.775650,0.989984,390.360016,85.527191
SCANNING,0,1760550081805659,1.459733,-0.090480,-0.063868,112.802490,1.067280,390.360016,85.527191
SCANNING,0,1760550081815761,1.459255,-0.087997,-0.060136,112.832985,1.927138,390.360016,85.527184
SCANNING,0,1760550081845471,1.459255,-0.087997,-0.060136,112.906578,1.993261,390.360016,85.527184
SCANNING,0,1760550081855652,1.459255,-0.087997,-0.060136,112.935814,1.364850,390.360016,85.527184
SCANNING,0,1760550081865786,1.459733,-0.090480,-0.063868,112.964691,1.211104,390.360016,85.527191
SCANNING,1760550081859914,1760550081895658,1.459255,-0.087997,-0.060136,113.037140,3.570938,390.360016,85.527184
SCANNING,0,1760550081915531,1.459255,-0.087997,-0.060136,113.087578,1.040814,390.360016,85.527184
SCANNING,0,1760550081925564,1.459255,-0.087997,-0.060136,113.112946,0.463915,390.360016,85.527176
SCANNING,0,1760550081955674,1.459255,-0.087997,-0.060136,113.195541,1.398494,390.360016,85.527184
SCANNING,0,1760550081975437,1.459255,-0.087997,-0.060136,113.251152,1.746865,390.360016,85.527191
SCANNING,1760550081959778,1760550081995808,1.458991,-0.086528,-0.057179,113.304710,0.704674,390.360016,85.527184
SCANNING,0,1760550082005676,1.458991,-0.086528,-0.057179,113.334892,1.140176,390.360016,85.527191
SCANNING,0,1760550082025442,1.458991,-0.086528,-0.057179,113.391937,2.612068,390.360016,85.527184
SCANNING,0,1760550082055413,1.458991,-0.086528,-0.057179,113.474228,2.797381,390.360016,85.527191
SCANNING,0,1760550082065550,1.458991,-0.086528,-0.057179,113.498047,2.729834,390.360016,85.527191
SCANNING,0,1760550082075639,1.458991,-0.086528,-0.057179,113.524467,2.680897,390.360016,85.527199
SCANNING,0,1760550082105473,1.458991,-0.086528,-0.057179,113.603424,3.024586,390.360016,85.527184
SCANNING,0,1760550082115589,1.458991,-0.086528,-0.057179,113.632141,5.026410,390.360016,85.527191
SCANNING,0,1760550082125760,1.458991,-0.086528,-0.057179,113.655273,3.286371,390.360016,85.527191
SCANNING,1760550082059599,1760550082175417,1.457818,-0.083971,-0.050668,113.780540,1.805869,390.360016,85.527184
SCANNING,1760550082159872,1760550082195666,1.457818,-0.083971,-0.050668,113.834053,1.788400,390.360016,85.527191
SCANNING,0,1760550082215388,1.457818,-0.083971,-0.050668,113.883667,1.304781,390.360016,85.527191
SCANNING,0,1760550082225500,1.453333,-0.081328,-0.044566,113.911804,2.129261,390.360016,85.527184
SCANNING,0,1760550082245710,1.457818,-0.083971,-0.050668,113.963638,0.543726,390.360016,85.527191
SCANNING,0,1760550082265682,1.457818,-0.083971,-0.050668,114.022766,2.799027,390.360016,85.527191
SCANNING,0,1760550082275770,1.457818,-0.083971,-0.050668,114.048454,3.882506,390.360016,85.527191
SCANNING,0,1760550082295429,1.457818,-0.083971,-0.050668,114.098663,3.146105,390.360016,85.527191
SCANNING,0,1760550082305552,1.457818,-0.083971,-0.050668,114.122940,3.772792,390.360016,85.527191
SCANNING,0,1760550082315621,1.453333,-0.081328,-0.044566,114.150818,3.418391,390.360016,85.527184
SCANNING,0,1760550082325685,1.453333,-0.081328,-0.044566,114.176239,2.659735,390.360016,85.527184
SCANNING,1760550082259791,1760550082375521,1.453333,-0.081328,-0.044566,114.310921,2.843966,390.360016,85.527184
SCANNING,1760550082359644,1760550082395639,1.453333,-0.081328,-0.044566,114.365440,1.406794,390.360016,85.527191
SCANNING,0,1760550082405767,1.453333,-0.081328,-0.044566,114.392097,0.947280,390.360016,85.527184
SCANNING,0,1760550082425397,1.453333,-0.081328,-0.044566,114.444084,0.049904,390.360016,85.527184
SCANNING,0,1760550082455473,1.453333,-0.081328,-0.044566,114.524094,0.914207,390.360016,85.527184
SCANNING,0,1760550082465554,1.453333,-0.081328,-0.044566,114.551956,1.192026,390.360016,85.527191
SCANNING,1760550082459595,1760550082475663,1.450029,-0.080605,-0.043687,114.580978,1.083135,390.360016,85.527191
SCANNING,0,1760550082495375,1.450029,-0.080605,-0.043687,114.632698,1.013518,390.360016,85.527191
SCANNING,0,1760550082505509,1.450029,-0.080605,-0.043687,114.661125,1.360880,390.360016,85.527191
SCANNING,0,1760550082524781,1.450029,-0.080605,-0.043687,114.719757,3.886673,390.360016,85.527191
SCANNING,0,1760550082564573,1.450029,-0.080605,-0.043687,114.822418,4.722474,390.360016,85.527191
SCANNING,0,1760550082574668,1.450029,-0.080605,-0.043687,114.846001,3.080651,390.360016,85.527184
SCANNING,0,1760550082604522,1.450029,-0.080605,-0.043687,114.926224,3.990204,390.360016,85.527184
SCANNING,0,1760550082614508,1.450029,-0.080605,-0.043687,114.952995,4.519843,390.360016,85.527184
SCANNING,0,1760550082624657,1.450029,-0.080605,-0.043687,114.981941,4.535654,390.360016,85.527191
SCANNING,0,1760550082674473,1.450029,-0.080605,-0.043687,115.111946,3.199833,390.360016,85.527191
SCANNING,1760550082659568,1760550082694662,1.452453,-0.083025,-0.048261,115.162849,2.791905,390.360016,85.527191
SCANNING,0,1760550082704853,1.452453,-0.083025,-0.048261,115.190933,3.572312,390.360016,85.527184
SCANNING,0,1760550082724480,1.452453,-0.083025,-0.048261,115.243790,3.227603,390.360016,85.527184
SCANNING,0,1760550082754549,1.452453,-0.083025,-0.048261,115.328804,5.332351,390.360016,85.527184
SCANNING,0,1760550082764660,1.452453,-0.083025,-0.048261,115.347496,2.530598,390.360016,85.527191
SCANNING,0,1760550082774743,1.452453,-0.083025,-0.048261,115.373116,2.783039,390.360016,85.527191
SCANNING,1760550082759730,1760550082794476,1.454393,-0.083959,-0.047462,115.428078,3.106990,390.360016,85.527191
SCANNING,0,1760550082804520,1.454393,-0.083959,-0.047462,115.452522,2.447837,390.360016,85.527191
SCANNING,0,1760550082814604,1.454393,-0.083959,-0.047462,115.477585,2.363058,390.360016,85.527191
SCANNING,0,1760550082824692,1.454393,-0.083959,-0.047462,115.504547,2.091976,390.360016,85.527191
SCANNING,0,1760550082854759,1.454393,-0.083959,-0.047462,115.589790,2.539510,390.360016,85.527191
SCANNING,1760550082859860,1760550082874469,1.457464,-0.084165,-0.045172,115.639084,1.388582,390.360016,85.527191
SCANNING,0,1760550082894757,1.459848,-0.084001,-0.042590,115.694710,1.121100,390.360016,85.527184
SCANNING,0,1760550082914505,1.457464,-0.084165,-0.045172,115.747681,1.716331,390.360016,85.527191
SCANNING,0,1760550082924611,1.457464,-0.084165,-0.045172,115.775635,3.204141,390.360016,85.527191
SCANNING,0,1760550082954303,1.459848,-0.084001,-0.042590,115.854881,2.325638,390.360016,85.527184
SCANNING,0,1760550082964482,1.457464,-0.084165,-0.045172,115.881058,3.042159,390.360016,85.527191
SCANNING,1760550082959801,1760550082974525,1.459848,-0.084001,-0.042590,115.904182,2.329682,390.360016,85.527184
SCANNING,0,1760550082994700,1.459848,-0.084001,-0.042590,115.965637,3.736754,390.360016,85.527184
SCANNING,0,1760550083014429,1.459848,-0.084001,-0.042590,116.013023,3.952404,390.360016,85.527184
SCANNING,0,1760550083064629,1.459848,-0.084001,-0.042590,116.140259,1.198320,390.360016,85.527184
SCANNING,0,1760550083074689,1.461169,-0.083130,-0.039401,116.167107,1.912469,390.360016,85.527191
SCANNING,1760550083059652,1760550083094522,1.461169,-0.083130,-0.039401,116.221794,1.979593,390.360016,85.527191
SCANNING,0,1760550083104542,1.461169,-0.083130,-0.039401,116.248566,1.548279,390.360016,85.527191
SCANNING,0,1760550083114613,1.461169,-0.083130,-0.039401,116.275360,1.436013,390.360016,85.527184
SCANNING,0,1760550083124663,1.461169,-0.083130,-0.039401,116.303474,0.955890,390.360016,85.527184
SCANNING,0,1760550083144466,1.461169,-0.083130,-0.039401,116.361954,3.611799,390.360016,85.527191
SCANNING,0,1760550083174461,1.461169,-0.083130,-0.039401,116.443207,3.816578,390.360016,85.527191
SCANNING,1760550083159770,1760550083194640,1.462065,-0.083860,-0.037801,116.493637,3.958087,390.360016,85.527191
SCANNING,0,1760550083204739,1.462065,-0.083860,-0.037801,116.519295,3.441270,390.360016,85.527191
SCANNING,0,1760550083224532,1.462065,-0.083860,-0.037801,116.577385,4.133065,390.360016,85.527191
SCANNING,0,1760550083244714,1.462065,-0.083860,-0.037801,116.629105,5.325010,390.360016,85.527184
SCANNING,0,1760550083264690,1.462065,-0.083860,-0.037801,116.680382,3.568871,390.360016,85.527184
SCANNING,1760550083259701,1760550083294483,1.463076,-0.085819,-0.038590,116.752525,1.756571,390.360016,85.527191
SCANNING,0,1760550083304603,1.463076,-0.085819,-0.038590,116.778374,1.559941,390.360016,85.527191
SCANNING,0,1760550083314666,1.463076,-0.085819,-0.038590,116.803017,0.608715,390.360016,85.527191
SCANNING,0,1760550083344484,1.463076,-0.085819,-0.038590,116.881966,0.841636,390.360016,85.527191
SCANNING,0,1760550083364526,1.463076,-0.085819,-0.038590,116.934746,0.753329,390.360016,85.527184
SCANNING,0,1760550083374579,1.463076,-0.085819,-0.038590,116.966293,1.030744,390.360016,85.527191
SCANNING,1760550083359573,1760550083404378,1.465297,-0.087962,-0.041057,117.043060,4.049477,390.360016,85.527191
SCANNING,0,1760550083414479,1.465297,-0.087962,-0.041057,117.071526,4.139008,390.360016,85.527191
SCANNING,0,1760550083424589,1.465297,-0.087962,-0.041057,117.092567,2.534309,390.360016,85.527191
SCANNING,0,1760550083444756,1.465297,-0.087962,-0.041057,117.143867,2.169086,390.360016,85.527184
KEY_PRESS_STOP,1760550083359573,1760550083364526,1.465297,-0.087962,-0.041057,116.934746,0.753329,0.000000,0.000000
MOTOR_STOPPING,1760550083359573,1760550083364526,1.465613,-0.089388,-0.043028,116.934746,0.753329,0.000000,0.000000
POST_STOP,0,1760550083474382,1.465771,-0.090102,-0.044014,117.215904,1.319350,390.360016,85.527184
POST_STOP,1760550083459892,1760550083494593,1.465771,-0.090102,-0.044014,117.214546,-0.277675,390.360016,85.527191
POST_STOP,0,1760550083504688,1.465771,-0.090102,-0.044014,117.214127,-0.690243,390.360016,85.527191
POST_STOP,0,1760550083514777,1.465771,-0.090102,-0.044014,117.216179,0.139971,390.360016,85.527191
POST_STOP,0,1760550083554495,1.465771,-0.090102,-0.044014,117.216049,0.222278,390.360016,85.527191
POST_STOP,0,1760550083564579,1.465771,-0.090102,-0.044014,117.216423,0.466791,390.360016,85.527191
POST_STOP,0,1760550083574648,1.467662,-0.095937,-0.050913,117.215797,0.205979,390.360016,85.527184
POST_STOP,1760550083560775,1760550083604488,1.467662,-0.095937,-0.050913,117.215446,-0.171281,390.360016,85.527184
POST_STOP,0,1760550083614575,1.467662,-0.095937,-0.050913,117.214912,-0.570323,390.360016,85.527191
POST_STOP,0,1760550083624623,1.467662,-0.095937,-0.050913,117.215034,-0.383399,390.360016,85.527191
POST_STOP,0,1760550083654693,1.467662,-0.095937,-0.050913,117.215164,-0.214625,390.360016,85.527191
POST_STOP,0,1760550083674372,1.467554,-0.098667,-0.054913,117.217369,0.613858,390.360046,85.527191
POST_STOP,1760550083659792,1760550083694676,1.467554,-0.098667,-0.054913,117.217300,0.485637,390.360046,85.527191
POST_STOP,0,1760550083704789,1.466439,-0.100748,-0.057944,117.215775,-0.381905,390.360016,85.527191
POST_STOP,0,1760550083724509,1.466439,-0.100748,-0.057944,117.215126,-0.623590,390.360016,85.527191
POST_STOP,0,1760550083764657,1.466439,-0.100748,-0.057944,117.215637,0.020520,390.360016,85.527191
POST_STOP,0,1760550083774738,1.466439,-0.100748,-0.057944,117.215973,0.048709,390.360016,85.527191
POST_STOP,1760550083759834,1760550083794497,1.466439,-0.100748,-0.057944,117.214508,-0.753022,390.360016,85.527191
POST_STOP,0,1760550083813711,1.466439,-0.100748,-0.057944,117.215317,-0.174488,390.360016,85.527191
POST_STOP,0,1760550083843561,1.466439,-0.100748,-0.057944,117.216415,0.071534,390.360016,85.527184
POST_STOP,0,1760550083863533,1.466439,-0.100748,-0.057944,117.216682,0.215345,390.360016,85.527191
POST_STOP,0,1760550083873644,1.466439,-0.100748,-0.057944,117.216713,0.472297,390.360016,85.527191
POST_STOP,0,1760550083903496,1.466439,-0.100748,-0.057944,117.215408,-0.205900,390.360016,85.527191
POST_STOP,0,1760550083913589,1.466439,-0.100748,-0.057944,117.215294,-0.350989,390.360016,85.527191
POST_STOP,0,1760550083923639,1.466439,-0.100748,-0.057944,117.217216,0.489530,390.360016,85.527191
POST_STOP,0,1760550083943487,1.466439,-0.100748,-0.057944,117.215569,-0.373344,390.360016,85.527191
POST_STOP,0,1760550083963401,1.466439,-0.100748,-0.057944,117.216354,-0.211268,390.360016,85.527191
POST_STOP,0,1760550083973517,1.466439,-0.100748,-0.057944,117.216576,-0.018480,390.360016,85.527191
POST_STOP,1760550083959810,1760550083993672,1.463246,-0.100787,-0.057313,117.215248,-0.350225,390.360016,85.527191
POST_STOP,0,1760550084003701,1.463246,-0.100787,-0.057313,117.215889,-0.087573,390.360016,85.527191
POST_STOP,0,1760550084013775,1.463246,-0.100787,-0.057313,117.216164,0.010916,390.360016,85.527191
POST_STOP,0,1760550084053491,1.463246,-0.100787,-0.057313,117.216034,-0.053897,390.360016,85.527191
POST_STOP,0,1760550084063606,1.463246,-0.100787,-0.057313,117.215729,-0.380255,390.360016,85.527184
POST_STOP,0,1760550084073589,1.463246,-0.100787,-0.057313,117.215714,-0.089227,390.360016,85.527191
POST_STOP,1760550084059698,1760550084103434,1.460328,-0.098554,-0.056081,117.215836,-0.082768,390.360016,85.527191
POST_STOP,0,1760550084113483,1.460328,-0.098554,-0.056081,117.217529,0.616983,390.360016,85.527191
POST_STOP,0,1760550084123531,1.460328,-0.098554,-0.056081,117.215652,-0.245343,390.360016,85.527191
POST_STOP,0,1760550084153779,1.460328,-0.098554,-0.056081,117.217331,0.516080,390.360016,85.527184
POST_STOP,0,1760550084163781,1.460328,-0.098554,-0.056081,117.216331,0.013996,390.360016,85.527184
POST_STOP,1760550084159725,1760550084193740,1.458035,-0.095387,-0.052710,117.216751,-0.138916,390.360016,85.527191
POST_STOP,0,1760550084203692,1.458035,-0.095387,-0.052710,117.215279,-0.273306,390.360016,85.527191
POST_STOP,0,1760550084213776,1.458035,-0.095387,-0.052710,117.215927,-0.026207,390.360016,85.527191
POST_STOP,0,1760550084243576,1.458035,-0.095387,-0.052710,117.217934,0.726879,390.360016,85.527184
POST_STOP,0,1760550084263552,1.458035,-0.095387,-0.052710,117.216179,0.090580,390.360016,85.527184
POST_STOP,0,1760550084273729,1.458035,-0.095387,-0.052710,117.216866,0.755168,390.360016,85.527191
POST_STOP,1760550084259751,1760550084303666,1.457629,-0.091678,-0.050271,117.216454,0.018112,390.360016,85.527191
POST_STOP,0,1760550084313666,1.457629,-0.091678,-0.050271,117.216476,0.155300,390.360016,85.527191
POST_STOP,0,1760550084343454,1.457629,-0.091678,-0.050271,117.215958,0.082534,390.360016,85.527191
POST_STOP,0,1760550084373533,1.457629,-0.091678,-0.050271,117.216087,-0.008948,390.360016,85.527191
POST_STOP,1760550084359873,1760550084393806,1.457470,-0.088164,-0.047979,117.216797,0.241853,390.360016,85.527184
POST_STOP,0,1760550084413403,1.457108,-0.083379,-0.043277,117.216484,0.160132,390.360016,85.527191
POST_STOP,0,1760550084423494,1.457108,-0.083379,-0.043277,117.215935,0.044622,390.360016,85.527191
POST_STOP,0,1760550084443744,1.457470,-0.088164,-0.047979,117.216797,0.253562,390.360016,85.527184
POST_STOP,0,1760550084463573,1.457108,-0.083379,-0.043277,117.217102,0.555095,390.360016,85.527191
POST_STOP,0,1760550084473686,1.457108,-0.083379,-0.043277,117.215004,-0.316973,390.360016,85.527191
POST_STOP,1760550084459778,1760550084493542,1.457108,-0.083379,-0.043277,117.217148,0.372526,390.360016,85.527191
POST_STOP,0,1760550084503538,1.457108,-0.083379,-0.043277,117.217049,0.106302,390.360016,85.527191
POST_STOP,0,1760550084513615,1.457108,-0.083379,-0.043277,117.217255,0.307389,390.360016,85.527191
POST_STOP,0,1760550084523718,1.457108,-0.083379,-0.043277,117.216713,0.154086,390.360016,85.527191
POST_STOP,0,1760550084543487,1.457108,-0.083379,-0.043277,117.215858,-0.151008,390.360016,85.527191
POST_STOP,0,1760550084563388,1.457108,-0.083379,-0.043277,117.216377,0.087161,390.360016,85.527191
POST_STOP,0,1760550084573476,1.457108,-0.083379,-0.043277,117.215294,-0.564504,390.360016,85.527191
POST_STOP,1760550084559758,1760550084593734,1.457241,-0.081308,-0.041139,117.215622,-0.247300,390.360016,85.527191
POST_STOP,0,1760550084603778,1.457241,-0.081308,-0.041139,117.216988,0.362277,390.360016,85.527191
POST_STOP,0,1760550084623453,1.457241,-0.081308,-0.041139,117.216217,-0.020877,390.360016,85.527191
POST_STOP,0,1760550084653487,1.457241,-0.081308,-0.041139,117.216789,0.296310,390.360016,85.527191
POST_STOP,0,1760550084663510,1.457241,-0.081308,-0.041139,117.215714,-0.069898,390.360016,85.527191
POST_STOP,0,1760550084673589,1.457241,-0.081308,-0.041139,117.214760,-0.532866,390.360016,85.527184
POST_STOP,1760550084658786,1760550084703390,1.458069,-0.080588,-0.040538,117.216423,0.183016,390.360016,85.527191
POST_STOP,0,1760550084713461,1.458069,-0.080588,-0.040538,117.215935,-0.036009,390.360016,85.527191
POST_STOP,0,1760550084723512,1.458069,-0.080588,-0.040538,117.216698,0.357814,390.360016,85.527191
POST_STOP,0,1760550084753632,1.458069,-0.080588,-0.040538,117.216225,0.170540,390.360016,85.527191
POST_STOP,0,1760550084763715,1.458069,-0.080588,-0.040538,117.215469,-0.183951,390.360016,85.527191
POST_STOP,1760550084759172,1760550084793558,1.459193,-0.080881,-0.039216,117.215652,0.051197,390.360016,85.527191
POST_STOP,0,1760550084803611,1.459193,-0.080881,-0.039216,117.215355,-0.411522,390.360016,85.527191
POST_STOP,0,1760550084813639,1.459193,-0.080881,-0.039216,117.216385,0.032585,390.360016,85.527191
POST_STOP,0,1760550084823775,1.459193,-0.080881,-0.039216,117.216125,0.066251,390.360046,85.527184
POST_STOP,0,1760550084863444,1.459193,-0.080881,-0.039216,117.216423,0.361003,390.360046,85.527191
POST_STOP,0,1760550084873437,1.459193,-0.080881,-0.039216,117.215973,-0.242680,390.360016,85.527191
POST_STOP,1760550084858820,1760550084893701,1.460679,-0.082300,-0.039201,117.216019,-0.217326,390.360016,85.527191
POST_STOP,0,1760550084903757,1.460679,-0.082300,-0.039201,117.216171,0.053860,390.360016,85.527191
POST_STOP,0,1760550084923440,1.460679,-0.082300,-0.039201,117.215385,0.021182,390.360016,85.527191
POST_STOP,0,1760550084943668,1.460679,-0.082300,-0.039201,117.215134,-0.292443,390.360016,85.527184
ARDUINO_STOP,1760550084858820,1760550084863444,1.460679,-0.082300,-0.039201,117.216423,0.361003,0.000000,0.000000
