event,fastlio_time_us,gpr_time_us,pos_x,pos_y,pos_z,gpr_position,gpr_velocity,left_position,right_position
KEY_PRESS_START,0,1762537492266258,2.326732,0.124065,-0.041342,961.102112,0.182421,0.000000,0.000000
ARDUINO_START,1762537492267472,1762537492266258,2.326732,0.124065,-0.041342,961.102112,0.182421,0.000000,0.000000
SCANNING,1762537494170157,1762537494236295,2.328172,0.113537,-0.039944,961.101624,0.239186,20.515715,-22.257126
SCANNING,0,1762537494243450,2.327675,0.114029,-0.039512,961.100525,-0.224523,20.515717,-22.257118
SCANNING,0,1762537494253048,2.328006,0.113701,-0.039800,961.102295,0.474542,20.515715,-22.257124
SCANNING,0,1762537494262698,2.328172,0.113537,-0.039944,961.101196,-0.180073,20.515722,-22.257122
SCANNING,1762537494270135,1762537494271901,2.326930,0.114767,-0.038865,961.102722,0.152841,20.515713,-22.257113
SCANNING,0,1762537494281127,2.326740,0.114728,-0.039427,961.102173,0.076830,20.515717,-22.257114
SCANNING,0,1762537494291107,2.326474,0.114672,-0.040214,961.101013,-0.216432,20.515720,-22.257118
SCANNING,0,1762537494301093,2.326588,0.114696,-0.039877,961.101562,-0.143730,20.515722,-22.257113
SCANNING,0,1762537494311100,2.326246,0.114625,-0.040889,961.101257,-0.305608,20.515720,-22.257124
SCANNING,0,1762537494321102,2.326322,0.114641,-0.040664,961.102661,-0.051983,20.515724,-22.257118
SCANNING,0,1762537494355597,2.326322,0.114641,-0.040664,961.105164,0.155255,20.515720,-22.257122
SCANNING,0,1762537494365226,2.326322,0.114641,-0.040664,961.121216,1.113802,20.515720,-22.257122
SCANNING,1762537494370164,1762537494372903,2.326170,0.114609,-0.041114,961.147156,3.649541,20.515724,-22.257122
SCANNING,0,1762537494382058,2.326667,0.115421,-0.040354,961.174805,4.246615,20.515720,-22.257122
SCANNING,0,1762537494393592,2.326667,0.115421,-0.040354,961.199341,3.128245,20.515720,-22.257122
SCANNING,0,1762537494402855,2.326667,0.115421,-0.040354,961.227417,3.728940,20.515720,-22.257122
SCANNING,0,1762537494411927,2.326418,0.115015,-0.040734,961.253967,4.843360,20.515722,-22.257122
SCANNING,0,1762537494421112,2.326170,0.114609,-0.041114,961.279846,4.186056,20.515726,-22.257122
SCANNING,0,1762537494436491,2.326667,0.115421,-0.040354,961.304504,3.791786,20.515717,-22.257118
SCANNING,0,1762537494456230,2.326667,0.115421,-0.040354,961.360596,3.816217,20.515722,-22.257118
SCANNING,0,1762537494463332,2.326667,0.115421,-0.040354,961.384216,3.019541,20.515724,-22.257118
SCANNING,1762537494470129,1762537494472930,2.326667,0.115421,-0.040354,961.407959,2.722933,20.515724,-22.257118
SCANNING,0,1762537494482081,2.326667,0.115421,-0.040354,961.435791,3.009290,20.515718,-22.257118
SCANNING,0,1762537494493706,2.326667,0.115421,-0.040354,961.461670,2.546444,20.515720,-22.257118
SCANNING,0,1762537494502833,2.326667,0.115421,-0.040354,961.487732,0.959887,20.515724,-22.257118
SCANNING,0,1762537494512016,2.326667,0.115421,-0.040354,961.516602,1.955651,20.515728,-22.257118
SCANNING,0,1762537494521172,2.326667,0.115421,-0.040354,961.540955,1.716518,20.515718,-22.257118
SCANNING,0,1762537494536522,2.326667,0.115421,-0.040354,961.569214,2.803194,20.515717,-22.257122
SCANNING,0,1762537494553399,2.326667,0.115421,-0.040354,961.624023,2.406146,20.515722,-22.257122
SCANNING,0,1762537494562888,2.326667,0.115421,-0.040354,961.650757,1.913997,20.515715,-22.257122
SCANNING,1762537494569202,1762537494572208,2.329173,0.111382,-0.041578,961.675293,2.620322,20.515720,-22.257122
SCANNING,0,1762537494581793,2.329173,0.111382,-0.041578,961.698669,2.468334,20.515720,-22.257122
SCANNING,0,1762537494595496,2.330490,0.111956,-0.041090,961.728638,3.193393,20.515715,-22.257122
SCANNING,0,1762537494602695,2.329831,0.111669,-0.041334,961.758484,5.033980,20.515718,-22.257122
SCANNING,0,1762537494611885,2.330161,0.111813,-0.041212,961.782410,5.394680,20.515717,-22.257122
SCANNING,0,1762537494622034,2.329173,0.111382,-0.041578,961.797058,2.326568,20.515726,-22.257122
SCANNING,0,1762537494655540,2.330490,0.111956,-0.041090,961.881775,3.034139,20.515717,-22.257116
SCANNING,0,1762537494664642,2.330490,0.111956,-0.041090,961.909424,4.078521,20.515718,-22.257116
SCANNING,1762537494670023,1762537494674258,2.330490,0.111956,-0.041090,961.935303,4.175595,20.515722,-22.257116
SCANNING,0,1762537494682548,2.330490,0.111956,-0.041090,961.962036,3.511276,20.515724,-22.257116
SCANNING,0,1762537494695472,2.330490,0.111956,-0.041090,961.988708,3.263100,20.515718,-22.257116
SCANNING,0,1762537494704568,2.330490,0.111956,-0.041090,962.017273,3.896395,20.515718,-22.257116
SCANNING,0,1762537494714190,2.330490,0.111956,-0.041090,962.043213,2.863063,20.515720,-22.257116
SCANNING,0,1762537494734571,2.330490,0.111956,-0.041090,962.098938,3.697681,20.515720,-22.257116
SCANNING,0,1762537494746098,2.330490,0.111956,-0.041090,962.127441,4.191588,20.515718,-22.257116
SCANNING,0,1762537494755197,2.330490,0.111956,-0.041090,962.152771,4.014294,20.515718,-22.257116
SCANNING,0,1762537494764348,2.330490,0.111956,-0.041090,962.180481,3.968256,20.515722,-22.257116
SCANNING,1762537494770106,1762537494772021,2.332287,0.114068,-0.043288,962.205139,2.952912,20.515722,-22.257116
SCANNING,0,1762537494781656,2.332287,0.114068,-0.043288,962.235352,3.562333,20.515720,-22.257116
SCANNING,0,1762537494794238,2.332287,0.114068,-0.043288,962.263123,4.991004,20.515720,-22.257116
SCANNING,0,1762537494801909,2.332287,0.114068,-0.043288,962.287476,3.781872,20.515720,-22.257116
SCANNING,0,1762537494811017,2.332287,0.114068,-0.043288,962.313232,4.169995,20.515718,-22.257116
SCANNING,0,1762537494822430,2.332287,0.114068,-0.043288,962.339905,4.140156,20.515720,-22.257116
GPR_MOTOR_START,0,1762537494854622,2.332287,0.114068,-0.043288,962.403198,1.603950,20.515717,-22.257120
SCANNING,0,1762537494864235,2.332287,0.114068,-0.043288,962.424622,0.450540,20.515722,-22.257120
SCANNING,1762537494870101,1762537494871889,2.330106,0.116581,-0.043356,962.453613,2.156463,20.515718,-22.257120
SCANNING,0,1762537494881087,2.330106,0.116581,-0.043356,962.482727,3.245671,20.515717,-22.257120
SCANNING,0,1762537494892559,2.330106,0.116581,-0.043356,962.506775,4.773823,20.515717,-22.257120
SCANNING,0,1762537494901719,2.330106,0.116581,-0.043356,962.529968,2.776062,20.515717,-22.257120
SCANNING,0,1762537494910911,2.334904,0.115500,-0.043349,962.552368,2.822541,20.515726,-22.257120
SCANNING,0,1762537494920149,2.332505,0.116040,-0.043352,962.578979,3.084201,20.515720,-22.257120
SCANNING,0,1762537494935338,2.334904,0.115500,-0.043349,962.608032,3.983137,20.515724,-22.257118
SCANNING,0,1762537494952490,2.334904,0.115500,-0.043349,962.657471,2.530159,20.515726,-22.257118
SCANNING,0,1762537494962529,2.330106,0.116581,-0.043356,962.682739,2.126687,20.515718,-22.257118
SCANNING,1762537494970128,1762537494971710,2.334904,0.115500,-0.043349,962.709412,2.478233,20.515724,-22.257118
SCANNING,0,1762537494980871,2.334706,0.115935,-0.041904,962.733765,1.016765,20.515722,-22.257118
SCANNING,0,1762537494990102,2.334706,0.115935,-0.041904,962.760925,0.177361,20.515722,-22.257118
SCANNING,0,1762537495001731,2.334508,0.116370,-0.040459,962.791138,0.887129,20.515718,-22.257118
SCANNING,0,1762537495010902,2.334508,0.116370,-0.040459,962.818054,3.079002,20.515720,-22.257118
SCANNING,0,1762537495020067,2.334706,0.115935,-0.041904,962.843079,4.249474,20.515722,-22.257118
SCANNING,0,1762537495035428,2.334706,0.115935,-0.041904,962.870544,3.853464,20.515720,-22.257120
SCANNING,0,1762537495054685,2.334508,0.116370,-0.040459,962.919128,3.152734,20.515718,-22.257120
SCANNING,0,1762537495064286,2.334904,0.115500,-0.043349,962.946899,2.832247,20.515722,-22.257120
SCANNING,1762537495070087,1762537495071926,2.334508,0.116370,-0.040459,962.974609,2.882599,20.515718,-22.257120
SCANNING,0,1762537495081082,2.334508,0.116370,-0.040459,963.001038,2.885352,20.515718,-22.257120
SCANNING,0,1762537495092694,2.335533,0.117337,-0.039682,963.033508,3.638076,20.515717,-22.257120
SCANNING,0,1762537495101801,2.334508,0.116370,-0.040459,963.058411,3.063860,20.515718,-22.257120
SCANNING,0,1762537495111050,2.337584,0.119272,-0.038127,963.091553,4.601943,20.515715,-22.257120
SCANNING,0,1762537495120129,2.334508,0.116370,-0.040459,963.117676,4.236059,20.515726,-22.257120
SCANNING,0,1762537495135574,2.334508,0.116370,-0.040459,963.145264,3.804597,20.515720,-22.257120
SCANNING,0,1762537495155136,2.334508,0.116370,-0.040459,963.198608,3.205727,20.515720,-22.257120
SCANNING,0,1762537495164238,2.335533,0.117337,-0.039682,963.227783,4.218037,20.515717,-22.257120
SCANNING,1762537495170164,1762537495171896,2.337584,0.119272,-0.038127,963.253479,4.485788,20.515715,-22.257120
SCANNING,0,1762537495181057,2.337584,0.119272,-0.038127,963.281067,4.545424,20.515718,-22.257120
SCANNING,0,1762537495192643,2.337584,0.119272,-0.038127,963.306213,4.120227,20.515720,-22.257120
SCANNING,0,1762537495201789,2.337584,0.119272,-0.038127,963.333679,4.397174,20.515717,-22.257120
SCANNING,0,1762537495210897,2.337584,0.119272,-0.038127,963.361572,3.863006,20.515718,-22.257120
SCANNING,0,1762537495220118,2.337584,0.119272,-0.038127,963.384705,2.362183,20.515718,-22.257120
SCANNING,0,1762537495235538,2.337584,0.119272,-0.038127,963.406616,2.314373,20.515722,-22.257116
SCANNING,0,1762537495255175,2.337584,0.119272,-0.038127,963.464233,3.248170,20.515720,-22.257116
SCANNING,0,1762537495264354,2.337584,0.119272,-0.038127,963.485291,0.370875,20.515722,-22.257116
SCANNING,1762537495270136,1762537495272036,2.338535,0.120726,-0.038914,963.516052,1.365209,20.515715,-22.257116
SCANNING,0,1762537495281637,2.338550,0.121039,-0.038349,963.542053,2.014985,20.515718,-22.257116
SCANNING,0,1762537495292749,2.338571,0.121456,-0.037596,963.569885,3.068334,20.515722,-22.257116
SCANNING,0,1762537495301849,2.338550,0.121039,-0.038349,963.595459,1.412252,20.515718,-22.257116
SCANNING,0,1762537495311043,2.338571,0.121456,-0.037596,963.625366,2.096406,20.515722,-22.257116
SCANNING,0,1762537495320671,2.338561,0.121247,-0.037973,963.650146,2.304341,20.515720,-22.257116
SCANNING,0,1762537495335564,2.338571,0.121456,-0.037596,963.676453,2.381050,20.515720,-22.257118
SCANNING,0,1762537495355146,2.338581,0.121664,-0.037220,963.730408,3.512237,20.515722,-22.257118
SCANNING,0,1762537495364288,2.338581,0.121664,-0.037220,963.759155,5.003458,20.515722,-22.257118
SCANNING,1762537495370159,1762537495372002,2.338581,0.121664,-0.037220,963.782349,3.918288,20.515722,-22.257118
SCANNING,0,1762537495381075,2.336142,0.120921,-0.035598,963.801453,2.874420,20.515720,-22.257118
SCANNING,0,1762537495392745,2.336142,0.120921,-0.035598,963.823120,1.371984,20.515720,-22.257118
SCANNING,0,1762537495401882,2.336142,0.120921,-0.035598,963.852112,1.164496,20.515720,-22.257118
SCANNING,0,1762537495410944,2.338581,0.121664,-0.037220,963.882263,1.915721,20.515726,-22.257118
SCANNING,0,1762537495422304,2.338581,0.121664,-0.037220,963.911743,3.350438,20.515722,-22.257118
SCANNING,0,1762537495435300,2.336142,0.120921,-0.035598,963.939453,4.102865,20.515718,-22.257120
SCANNING,0,1762537495452547,2.338581,0.121664,-0.037220,963.989197,3.196063,20.515720,-22.257120
SCANNING,0,1762537495462632,2.338581,0.121664,-0.037220,964.016541,2.919885,20.515722,-22.257120
SCANNING,1762537495470060,1762537495471756,2.334923,0.120549,-0.034787,964.043640,2.596578,20.515717,-22.257120
SCANNING,0,1762537495480955,2.334495,0.121686,-0.034565,964.070801,2.792630,20.515718,-22.257120
SCANNING,0,1762537495490144,2.334495,0.121686,-0.034565,964.100159,1.916099,20.515726,-22.257120
SCANNING,0,1762537495501671,2.334495,0.121686,-0.034565,964.127625,2.542842,20.515720,-22.257120
SCANNING,0,1762537495510853,2.334495,0.121686,-0.034565,964.155396,2.870944,20.515718,-22.257120
SCANNING,0,1762537495520096,2.334495,0.121686,-0.034565,964.182922,3.303964,20.515722,-22.257120
SCANNING,0,1762537495535247,2.334495,0.121686,-0.034565,964.208252,2.781470,20.515718,-22.257120
SCANNING,0,1762537495552517,2.334495,0.121686,-0.034565,964.266052,4.579094,20.515720,-22.257120
SCANNING,0,1762537495562130,2.334495,0.121686,-0.034565,964.289856,2.607291,20.515718,-22.257120
SCANNING,1762537495570148,1762537495571652,2.334495,0.121686,-0.034565,964.316162,2.805851,20.515718,-22.257120
SCANNING,0,1762537495580856,2.334495,0.121686,-0.034565,964.341309,2.363696,20.515718,-22.257120
SCANNING,0,1762537495590096,2.334495,0.121686,-0.034565,964.369263,2.376907,20.515718,-22.257120
SCANNING,0,1762537495601599,2.334495,0.121686,-0.034565,964.397705,3.057585,20.515718,-22.257120
SCANNING,0,1762537495610777,2.332335,0.118604,-0.033227,964.423828,4.452208,20.515722,-22.257120
SCANNING,0,1762537495620097,2.332335,0.118604,-0.033227,964.450317,4.539902,20.515722,-22.257120
SCANNING,0,1762537495635524,2.334495,0.121686,-0.034565,964.475891,3.766495,20.515717,-22.257120
SCANNING,0,1762537495654676,2.332335,0.118604,-0.033227,964.523438,2.382297,20.515722,-22.257120
SCANNING,0,1762537495664261,2.332335,0.118604,-0.033227,964.548035,2.039843,20.515724,-22.257120
SCANNING,1762537495670125,1762537495671856,2.332335,0.118604,-0.033227,964.574097,1.818663,20.515720,-22.257120
SCANNING,0,1762537495681063,2.330478,0.119358,-0.032766,964.598816,1.365072,20.515717,-22.257120
SCANNING,0,1762537495692678,2.331097,0.119107,-0.032920,964.629822,1.795052,20.515718,-22.257120
SCANNING,0,1762537495701777,2.332335,0.118604,-0.033227,964.652222,0.736681,20.515722,-22.257120
SCANNING,0,1762537495710919,2.331097,0.119107,-0.032920,964.678223,0.912415,20.515718,-22.257120
SCANNING,0,1762537495720103,2.331097,0.119107,-0.032920,964.706665,2.625749,20.515718,-22.257120
SCANNING,0,1762537495735504,2.329860,0.119609,-0.032613,964.730957,0.474885,20.515720,-22.257116
SCANNING,0,1762537495754680,2.329860,0.119609,-0.032613,964.790283,3.483142,20.515720,-22.257116
SCANNING,0,1762537495764247,2.331097,0.119107,-0.032920,964.814636,4.492392,20.515722,-22.257116
SCANNING,1762537495770081,1762537495771951,2.328003,0.120363,-0.032152,964.830627,2.890602,20.515717,-22.257116
SCANNING,0,1762537495781061,2.328003,0.120363,-0.032152,964.860168,3.027018,20.515715,-22.257116
SCANNING,0,1762537495792721,2.328003,0.120363,-0.032152,964.886108,1.535412,20.515717,-22.257116
SCANNING,0,1762537495801905,2.325144,0.119996,-0.031716,964.911133,0.534749,20.515724,-22.257116
SCANNING,0,1762537495810992,2.328003,0.120363,-0.032152,964.940552,1.449375,20.515717,-22.257116
SCANNING,0,1762537495820712,2.328003,0.120363,-0.032152,964.967163,1.751243,20.515717,-22.257116
SCANNING,0,1762537495835486,2.328003,0.120363,-0.032152,964.993164,1.450806,20.515715,-22.257118
SCANNING,0,1762537495855224,2.328003,0.120363,-0.032152,965.046631,1.286118,20.515711,-22.257118
SCANNING,0,1762537495862327,2.324327,0.119891,-0.031591,965.073120,1.725676,20.515724,-22.257118
SCANNING,1762537495869792,1762537495871904,2.324327,0.119891,-0.031591,965.098572,0.205779,20.515724,-22.257118
SCANNING,0,1762537495881066,2.324327,0.119891,-0.031591,965.129944,1.455942,20.515720,-22.257118
SCANNING,0,1762537495894550,2.324327,0.119891,-0.031591,965.157837,1.559020,20.515717,-22.257118
SCANNING,0,1762537495904153,2.324327,0.119891,-0.031591,965.184998,1.830914,20.515717,-22.257118
SCANNING,0,1762537495910878,2.324327,0.119891,-0.031591,965.210022,2.075434,20.515717,-22.257118
SCANNING,0,1762537495934284,2.324327,0.119891,-0.031591,965.264771,0.945621,20.515711,-22.257130
SCANNING,0,1762537495945364,2.323755,0.120359,-0.032148,965.288086,0.939042,20.515715,-22.257130
SCANNING,0,1762537495954471,2.323755,0.120359,-0.032148,965.316345,1.262443,20.515715,-22.257130
SCANNING,0,1762537495963604,2.323755,0.120359,-0.032148,965.344788,2.340386,20.515715,-22.257130
SCANNING,1762537495970115,1762537495973229,2.323183,0.120826,-0.032704,965.374268,1.949789,20.515718,-22.257130
SCANNING,0,1762537495981011,2.323128,0.120840,-0.032736,965.399475,1.229809,20.515717,-22.257130
SCANNING,0,1762537495994488,2.323183,0.120826,-0.032704,965.427551,1.639226,20.515718,-22.257130
SCANNING,0,1762537496003611,2.323183,0.120826,-0.032704,965.453796,2.062368,20.515720,-22.257130
SCANNING,0,1762537496011614,2.323183,0.120826,-0.032704,965.483093,3.474798,20.515720,-22.257130
SCANNING,0,1762537496034564,2.322525,0.120991,-0.033092,965.532349,3.510369,20.515718,-22.257118
SCANNING,0,1762537496054245,2.322470,0.121005,-0.033125,965.581116,3.360338,20.515717,-22.257118
SCANNING,0,1762537496063431,2.322470,0.121005,-0.033125,965.610535,4.133349,20.515717,-22.257118
SCANNING,1762537496070021,1762537496070999,2.322141,0.121088,-0.033319,965.636902,3.231178,20.515711,-22.257118
SCANNING,0,1762537496080592,2.323253,0.120824,-0.034998,965.659485,2.785878,20.515722,-22.257118
SCANNING,0,1762537496089803,2.323253,0.120824,-0.034998,965.684875,2.477259,20.515724,-22.257118
SCANNING,0,1762537496100821,2.322697,0.120956,-0.034158,965.711426,2.792175,20.515713,-22.257118
SCANNING,0,1762537496110016,2.323253,0.120824,-0.034998,965.736572,2.113540,20.515717,-22.257118
SCANNING,0,1762537496119707,2.323253,0.120824,-0.034998,965.761902,0.430197,20.515718,-22.257118
SCANNING,0,1762537496134453,2.323253,0.120824,-0.034998,965.792053,1.159197,20.515718,-22.257116
SCANNING,0,1762537496153584,2.323253,0.120824,-0.034998,965.843079,4.939858,20.515717,-22.257116
SCANNING,0,1762537496161789,2.323253,0.120824,-0.034998,965.870911,4.155078,20.515718,-22.257116
SCANNING,1762537496170167,1762537496170880,2.323253,0.120824,-0.034998,965.891357,1.949471,20.515717,-22.257116
SCANNING,0,1762537496179970,2.323253,0.120824,-0.034998,965.916870,2.192930,20.515713,-22.257116
SCANNING,0,1762537496189192,2.323149,0.120870,-0.034888,965.946350,2.862759,20.515718,-22.257116
SCANNING,0,1762537496200722,2.322733,0.121053,-0.034450,965.970886,2.195935,20.515722,-22.257116
SCANNING,0,1762537496209905,2.323253,0.120824,-0.034998,965.998901,2.760235,20.515715,-22.257116
SCANNING,0,1762537496219074,2.323253,0.120824,-0.034998,966.029297,3.174647,20.515711,-22.257116
SCANNING,0,1762537496234488,2.322420,0.121191,-0.034121,966.052490,2.186512,20.515715,-22.257126
SCANNING,0,1762537496254124,2.321900,0.121420,-0.033572,966.111145,3.935795,20.515720,-22.257126
SCANNING,0,1762537496263311,2.322420,0.121191,-0.034121,966.136719,2.312119,20.515715,-22.257126
SCANNING,1762537496270063,1762537496270976,2.321692,0.121512,-0.033353,966.164795,2.685207,20.515722,-22.257126
SCANNING,0,1762537496280131,2.321692,0.121512,-0.033353,966.190796,2.365466,20.515722,-22.257126
SCANNING,0,1762537496289737,2.321959,0.121423,-0.033497,966.218384,3.143620,20.515720,-22.257126
SCANNING,0,1762537496300819,2.321692,0.121512,-0.033353,966.242188,1.773971,20.515724,-22.257126
SCANNING,0,1762537496309971,2.322226,0.121335,-0.033641,966.269775,2.014238,20.515718,-22.257126
SCANNING,0,1762537496319127,2.322627,0.121202,-0.033857,966.296814,2.744902,20.515715,-22.257126
SCANNING,0,1762537496334475,2.323830,0.120803,-0.034505,966.325317,3.207807,20.515718,-22.257114
SCANNING,0,1762537496353692,2.323295,0.120981,-0.034217,966.379395,2.242174,20.515722,-22.257114
SCANNING,0,1762537496363339,2.323830,0.120803,-0.034505,966.401855,0.968937,20.515718,-22.257114
SCANNING,1762537496370058,1762537496370921,2.324498,0.120582,-0.034865,966.426270,0.057657,20.515713,-22.257114
SCANNING,0,1762537496380123,2.324350,0.120425,-0.034626,966.458313,2.193516,20.515717,-22.257114
SCANNING,0,1762537496389757,2.324313,0.120386,-0.034566,966.485657,1.429012,20.515718,-22.257114
SCANNING,0,1762537496400791,2.324424,0.120504,-0.034745,966.513977,1.887835,20.515715,-22.257114
SCANNING,0,1762537496409927,2.324092,0.120151,-0.034207,966.539551,2.679741,20.515724,-22.257114
SCANNING,0,1762537496419145,2.324239,0.120308,-0.034446,966.564514,3.313143,20.515720,-22.257114
SCANNING,0,1762537496434531,2.323944,0.119994,-0.033968,966.595825,4.079812,20.515722,-22.257122
SCANNING,0,1762537496454159,2.324129,0.120190,-0.034267,966.647461,4.193832,20.515715,-22.257122
SCANNING,0,1762537496463286,2.323944,0.119994,-0.033968,966.670959,3.415869,20.515722,-22.257122
SCANNING,1762537496470213,1762537496470941,2.323944,0.119994,-0.033968,966.695435,3.428611,20.515720,-22.257122
SCANNING,0,1762537496480133,2.323944,0.119994,-0.033968,966.723145,3.970771,20.515720,-22.257122
SCANNING,0,1762537496489791,2.324676,0.120032,-0.035571,966.749268,4.560799,20.515718,-22.257122
SCANNING,0,1762537496500805,2.323944,0.119994,-0.033968,966.771179,3.791688,20.515720,-22.257122
SCANNING,0,1762537496510023,2.323944,0.119994,-0.033968,966.792542,1.103009,20.515726,-22.257122
SCANNING,0,1762537496525245,2.325409,0.120070,-0.037174,966.820862,1.350430,20.515711,-22.257120
SCANNING,0,1762537496544512,2.325409,0.120070,-0.037174,966.876648,3.002659,20.515717,-22.257120
SCANNING,0,1762537496553499,2.325409,0.120070,-0.037174,966.900879,3.647707,20.515715,-22.257120
SCANNING,0,1762537496561613,2.323944,0.119994,-0.033968,966.928711,4.396965,20.515722,-22.257120
SCANNING,1762537496570133,1762537496570755,2.325409,0.120070,-0.037174,966.955872,3.535306,20.515718,-22.257120
SCANNING,0,1762537496579918,2.322395,0.120485,-0.042510,966.983398,4.020875,20.515715,-22.257120
SCANNING,0,1762537496589112,2.325409,0.120070,-0.037174,967.009644,4.114748,20.515720,-22.257120
SCANNING,0,1762537496600687,2.325409,0.120070,-0.037174,967.037720,3.414715,20.515718,-22.257120
SCANNING,0,1762537496609900,2.322395,0.120485,-0.042510,967.064392,4.002704,20.515715,-22.257120
SCANNING,0,1762537496619121,2.325409,0.120070,-0.037174,967.095093,4.388290,20.515718,-22.257120
SCANNING,0,1762537496634284,2.325409,0.120070,-0.037174,967.122864,4.646068,20.515726,-22.257118
SCANNING,0,1762537496651616,2.325409,0.120070,-0.037174,967.169556,3.717785,20.515720,-22.257118
SCANNING,0,1762537496661619,2.325409,0.120070,-0.037174,967.197876,3.458848,20.515724,-22.257118
SCANNING,1762537496670154,1762537496670765,2.322395,0.120485,-0.042510,967.225464,3.558141,20.515717,-22.257118
SCANNING,0,1762537496679911,2.322395,0.120485,-0.042510,967.248962,3.511992,20.515715,-22.257118
SCANNING,0,1762537496689090,2.322395,0.120485,-0.042510,967.273987,3.354391,20.515717,-22.257118
SCANNING,0,1762537496700665,2.322395,0.120485,-0.042510,967.301636,3.312391,20.515717,-22.257118
SCANNING,0,1762537496709838,2.322629,0.120453,-0.043666,967.327148,3.366221,20.515720,-22.257118
SCANNING,0,1762537496719114,2.322629,0.120453,-0.043666,967.357178,4.019989,20.515720,-22.257118
SCANNING,0,1762537496734247,2.323018,0.120399,-0.045592,967.381104,2.374110,20.515715,-22.257128
SCANNING,0,1762537496751518,2.323174,0.120378,-0.046363,967.429871,1.580624,20.515722,-22.257128
SCANNING,0,1762537496761124,2.323018,0.120399,-0.045592,967.458374,1.430734,20.515715,-22.257128
SCANNING,1762537496769685,1762537496770691,2.323174,0.120378,-0.046363,967.488281,1.438134,20.515717,-22.257128
SCANNING,0,1762537496779918,2.323174,0.120378,-0.046363,967.515442,1.550735,20.515722,-22.257128
SCANNING,0,1762537496789211,2.323174,0.120378,-0.046363,967.541809,1.847311,20.515720,-22.257128
SCANNING,0,1762537496800678,2.323801,0.120590,-0.048851,967.568909,2.421390,20.515715,-22.257128
SCANNING,0,1762537496809897,2.323174,0.120378,-0.046363,967.597168,1.480226,20.515718,-22.257128
SCANNING,0,1762537496819157,2.323174,0.120378,-0.046363,967.624817,1.758257,20.515718,-22.257128
SCANNING,0,1762537496834472,2.323174,0.120378,-0.046363,967.650085,1.630040,20.515720,-22.257126
SCANNING,0,1762537496854150,2.323801,0.120590,-0.048851,967.700073,2.136263,20.515717,-22.257126
SCANNING,0,1762537496861346,2.323801,0.120590,-0.048851,967.730469,3.238665,20.515717,-22.257126
SCANNING,1762537496868363,1762537496870917,2.323801,0.120590,-0.048851,967.760498,3.888968,20.515718,-22.257126
SCANNING,0,1762537496880089,2.323801,0.120590,-0.048851,967.787048,4.487014,20.515718,-22.257126
SCANNING,0,1762537496889748,2.324046,0.120627,-0.049664,967.803406,3.440134,20.515717,-22.257126
SCANNING,0,1762537496900817,2.323801,0.120590,-0.048851,967.824463,1.314564,20.515720,-22.257126
SCANNING,0,1762537496910041,2.323801,0.120590,-0.048851,967.852234,1.570439,20.515718,-22.257126
SCANNING,0,1762537496919755,2.324046,0.120627,-0.049664,967.885559,1.845891,20.515717,-22.257126
SCANNING,0,1762537496934554,2.324780,0.120736,-0.052101,967.911865,2.612344,20.515713,-22.257120
SCANNING,0,1762537496954265,2.323801,0.120590,-0.048851,967.962891,2.036440,20.515724,-22.257120
SCANNING,0,1762537496961375,2.324291,0.120663,-0.050476,967.991394,3.121084,20.515722,-22.257120
SCANNING,1762537496967865,1762537496971021,2.324780,0.120736,-0.052101,968.016785,1.847958,20.515720,-22.257120
SCANNING,0,1762537496980633,2.326569,0.120626,-0.050030,968.044189,1.912685,20.515717,-22.257120
SCANNING,0,1762537496989806,2.327762,0.120553,-0.048650,968.072021,2.257696,20.515715,-22.257120
SCANNING,0,1762537497000888,2.324780,0.120736,-0.052101,968.099854,1.046604,20.515720,-22.257120
SCANNING,0,1762537497010034,2.325973,0.120663,-0.050721,968.128479,1.293010,20.515718,-22.257120
SCANNING,0,1762537497019801,2.327762,0.120553,-0.048650,968.156433,1.879929,20.515715,-22.257120
SCANNING,0,1762537497034589,2.324780,0.120736,-0.052101,968.185730,2.659327,20.515720,-22.257120
SCANNING,0,1762537497051368,2.324780,0.120736,-0.052101,968.239075,2.241121,20.515722,-22.257120
SCANNING,0,1762537497060938,2.326569,0.120626,-0.050030,968.265320,1.937966,20.515717,-22.257120
SCANNING,1762537497067800,1762537497070129,2.327762,0.120553,-0.048650,968.290527,1.689720,20.515715,-22.257120
SCANNING,0,1762537497079807,2.327082,0.120318,-0.048885,968.315674,1.496527,20.515717,-22.257120
SCANNING,0,1762537497089168,2.327082,0.120318,-0.048885,968.343140,1.963306,20.515717,-22.257120
SCANNING,0,1762537497100681,2.326062,0.119965,-0.049237,968.372131,1.659487,20.515720,-22.257120
SCANNING,0,1762537497109855,2.326062,0.119965,-0.049237,968.400696,2.534714,20.515720,-22.257120
SCANNING,0,1762537497119142,2.326742,0.120200,-0.049002,968.426514,3.060569,20.515718,-22.257120
SCANNING,0,1762537497134566,2.327082,0.120318,-0.048885,968.452820,3.551526,20.515715,-22.257122
SCANNING,0,1762537497151421,2.326062,0.119965,-0.049237,968.502563,3.630682,20.515718,-22.257122
SCANNING,0,1762537497160988,2.326062,0.119965,-0.049237,968.528564,2.621062,20.515718,-22.257122
SCANNING,1762537497167659,1762537497170108,2.325382,0.119730,-0.049472,968.551941,2.933799,20.515720,-22.257122
SCANNING,0,1762537497179811,2.325382,0.119730,-0.049472,968.576782,2.207697,20.515720,-22.257122
SCANNING,0,1762537497189109,2.325382,0.119730,-0.049472,968.605896,3.034207,20.515718,-22.257122
SCANNING,0,1762537497200709,2.325382,0.119730,-0.049472,968.632141,2.265316,20.515720,-22.257122
SCANNING,0,1762537497209855,2.325677,0.120231,-0.049244,968.655823,1.971220,20.515724,-22.257122
SCANNING,0,1762537497234336,2.325382,0.119730,-0.049472,968.707764,2.490119,20.515718,-22.257124
SCANNING,0,1762537497253526,2.325529,0.119981,-0.049358,968.760681,0.111295,20.515720,-22.257124
SCANNING,0,1762537497262621,2.325677,0.120231,-0.049244,968.791260,1.830818,20.515722,-22.257124
SCANNING,1762537497268059,1762537497272267,2.325971,0.120733,-0.049017,968.815735,3.577650,20.515726,-22.257124
SCANNING,0,1762537497280543,2.324338,0.120396,-0.048135,968.835938,3.894907,20.515718,-22.257124
SCANNING,0,1762537497293504,2.323318,0.120186,-0.047584,968.864685,3.963538,20.515713,-22.257124
SCANNING,0,1762537497302614,2.324338,0.120396,-0.048135,968.888245,1.429044,20.515718,-22.257124
SCANNING,0,1762537497310767,2.325563,0.120649,-0.048796,968.911560,0.945658,20.515724,-22.257124
SCANNING,0,1762537497333619,2.322910,0.120102,-0.047363,968.966492,1.580470,20.515715,-22.257118
SCANNING,0,1762537497353315,2.324338,0.120396,-0.048135,969.022583,2.038468,20.515724,-22.257118
SCANNING,0,1762537497362410,2.324338,0.120396,-0.048135,969.047974,1.601015,20.515724,-22.257118
SCANNING,1762537497370195,1762537497370521,2.322910,0.120102,-0.047363,969.074890,2.064969,20.515717,-22.257118
SCANNING,0,1762537497379667,2.322729,0.120672,-0.047391,969.103027,1.967397,20.515720,-22.257118
SCANNING,0,1762537497388849,2.322910,0.120102,-0.047363,969.134277,2.435637,20.515717,-22.257118
SCANNING,0,1762537497399908,2.322910,0.120102,-0.047363,969.157471,0.660871,20.515717,-22.257118
SCANNING,0,1762537497409051,2.322910,0.120102,-0.047363,969.186218,1.264979,20.515717,-22.257118
SCANNING,0,1762537497418772,2.322910,0.120102,-0.047363,969.212708,1.841571,20.515715,-22.257118
SCANNING,0,1762537497433558,2.322547,0.121241,-0.047419,969.238403,0.795390,20.515718,-22.257124
SCANNING,0,1762537497453267,2.322547,0.121241,-0.047419,969.291565,1.094009,20.515720,-22.257124
SCANNING,0,1762537497462297,2.322547,0.121241,-0.047419,969.319092,1.487526,20.515722,-22.257124
SCANNING,1762537497470119,1762537497469981,2.322547,0.121241,-0.047419,969.346985,2.121892,20.515717,-22.257124
SCANNING,0,1762537497479743,2.318765,0.122288,-0.047920,969.374817,1.517970,20.515715,-22.257124
SCANNING,0,1762537497488768,2.322547,0.121241,-0.047419,969.399414,0.786860,20.515717,-22.257124
SCANNING,0,1762537497499789,2.322547,0.121241,-0.047419,969.426697,1.060258,20.515720,-22.257124
SCANNING,0,1762537497508989,2.322547,0.121241,-0.047419,969.454163,1.716326,20.515726,-22.257124
SCANNING,0,1762537497518120,2.322547,0.121241,-0.047419,969.486267,3.216710,20.515722,-22.257124
SCANNING,0,1762537497533526,2.322547,0.121241,-0.047419,969.512207,4.010115,20.515724,-22.257120
SCANNING,0,1762537497553219,2.318765,0.122288,-0.047920,969.559692,4.104165,20.515718,-22.257120
SCANNING,0,1762537497562320,2.318765,0.122288,-0.047920,969.586182,3.886166,20.515720,-22.257120
SCANNING,1762537497570116,1762537497569917,2.318765,0.122288,-0.047920,969.616516,5.029023,20.515720,-22.257120
SCANNING,0,1762537497579080,2.318765,0.122288,-0.047920,969.639832,2.819183,20.515717,-22.257120
SCANNING,0,1762537497588763,2.318765,0.122288,-0.047920,969.663391,3.218262,20.515720,-22.257120
SCANNING,0,1762537497599828,2.318765,0.122288,-0.047920,969.688538,2.833227,20.515722,-22.257120
SCANNING,0,1762537497608957,2.318765,0.122288,-0.047920,969.715149,3.136762,20.515722,-22.257120
SCANNING,0,1762537497618163,2.318765,0.122288,-0.047920,969.738037,2.402806,20.515720,-22.257120
SCANNING,0,1762537497633590,2.318765,0.122288,-0.047920,969.762207,0.595855,20.515720,-22.257120
SCANNING,0,1762537497653266,2.318765,0.122288,-0.047920,969.820618,2.254793,20.515718,-22.257120
SCANNING,0,1762537497662357,2.318765,0.122288,-0.047920,969.844666,3.944682,20.515720,-22.257120
SCANNING,1762537497670079,1762537497669983,2.317429,0.121738,-0.049823,969.872620,4.402322,20.515720,-22.257120
SCANNING,0,1762537497679660,2.317429,0.121738,-0.049823,969.894714,2.724064,20.515718,-22.257120
SCANNING,0,1762537497688841,2.317429,0.121738,-0.049823,969.918518,2.530323,20.515718,-22.257120
SCANNING,0,1762537497699831,2.323003,0.122433,-0.054119,969.948853,3.130753,20.515722,-22.257120
SCANNING,0,1762537497709070,2.317429,0.121738,-0.049823,969.973938,2.369546,20.515720,-22.257120
SCANNING,0,1762537497718771,2.317429,0.121738,-0.049823,970.001770,2.934080,20.515720,-22.257120
SCANNING,0,1762537497733588,2.317429,0.121738,-0.049823,970.033264,3.401026,20.515717,-22.257120
SCANNING,0,1762537497753299,2.323003,0.122433,-0.054119,970.087830,4.563083,20.515722,-22.257120
SCANNING,0,1762537497762359,2.317429,0.121738,-0.049823,970.117126,4.560751,20.515718,-22.257120
SCANNING,1762537497770143,1762537497770013,2.323003,0.122433,-0.054119,970.141113,2.993803,20.515722,-22.257120
SCANNING,0,1762537497779698,2.321627,0.121790,-0.052546,970.168884,3.133874,20.515717,-22.257120
SCANNING,0,1762537497788758,2.321902,0.121918,-0.052860,970.195557,3.013405,20.515718,-22.257120
SCANNING,0,1762537497799892,2.321627,0.121790,-0.052546,970.225464,4.279305,20.515717,-22.257120
SCANNING,0,1762537497809054,2.323003,0.122433,-0.054119,970.248413,3.573273,20.515722,-22.257120
SCANNING,0,1762537497818718,2.323003,0.122433,-0.054119,970.274841,3.536445,20.515722,-22.257120
SCANNING,0,1762537497834283,2.323003,0.122433,-0.054119,970.301453,3.039372,20.515724,-22.257118
SCANNING,0,1762537497850458,2.321902,0.121918,-0.052860,970.356201,3.351999,20.515720,-22.257118
SCANNING,0,1762537497859962,2.322452,0.122176,-0.053490,970.384460,2.977004,20.515722,-22.257118
SCANNING,1762537497870087,1762537497869046,2.319975,0.121018,-0.050658,970.406189,2.326173,20.515713,-22.257118
SCANNING,0,1762537497878729,2.319972,0.121019,-0.050659,970.431702,1.792921,20.515692,-22.257118
SCANNING,0,1762537497888138,2.319959,0.121025,-0.050667,970.461670,2.323127,20.515585,-22.257118
SCANNING,0,1762537497899633,2.319916,0.121042,-0.050689,970.486267,1.019693,20.515255,-22.257118
SCANNING,0,1762537497908741,2.319827,0.121079,-0.050737,970.515686,1.607321,20.514563,-22.257118
SCANNING,0,1762537497918216,2.319679,0.121141,-0.050816,970.541809,2.370101,20.513407,-22.257118
SCANNING,0,1762537497933431,2.318596,0.121592,-0.051392,970.567261,2.984927,20.511581,-22.250507
SCANNING,0,1762537497952598,2.317928,0.121871,-0.051748,970.625122,3.318819,20.506380,-22.250507
SCANNING,0,1762537497960631,2.317578,0.122016,-0.051934,970.649170,3.213652,20.503654,-22.250507
SCANNING,1762537497970181,1762537497969714,2.317224,0.122164,-0.052123,970.674133,3.615952,20.500893,-22.250507
SCANNING,0,1762537497978870,2.316426,0.122211,-0.052070,970.697266,3.277570,20.498213,-22.250507
SCANNING,0,1762537497988141,2.315415,0.122270,-0.052003,970.727539,4.331697,20.494816,-22.250507
SCANNING,0,1762537497999718,2.314249,0.122338,-0.051926,970.751526,4.490771,20.490896,-22.250507
SCANNING,0,1762537498008781,2.312791,0.122423,-0.051829,970.775940,4.079296,20.485998,-22.250507
SCANNING,0,1762537498018190,2.311063,0.122524,-0.051714,970.796021,2.049689,20.480192,-22.250507
SCANNING,0,1762537498033464,2.299059,0.123227,-0.050918,970.820435,0.325241,20.473322,-22.217043
SCANNING,0,1762537498052608,2.295080,0.123459,-0.050654,970.882446,3.160957,20.459953,-22.217043
SCANNING,0,1762537498060722,2.293082,0.123576,-0.050521,970.908203,3.260247,20.453239,-22.217043
SCANNING,1762537498070035,1762537498069813,2.291003,0.123698,-0.050383,970.937195,4.938927,20.446253,-22.217043
SCANNING,0,1762537498078912,2.289288,0.123648,-0.050326,970.961243,3.338675,20.439070,-22.217043
SCANNING,0,1762537498088142,2.287391,0.123593,-0.050262,970.988403,3.432966,20.431122,-22.217043
SCANNING,0,1762537498099594,2.285218,0.123530,-0.050190,971.016052,3.564148,20.422024,-22.217043
SCANNING,0,1762537498108754,2.282750,0.123458,-0.050107,971.043030,2.563535,20.411684,-22.217043
SCANNING,0,1762537498118146,2.280160,0.123382,-0.050020,971.070923,3.495271,20.400835,-22.217043
SCANNING,0,1762537498150392,2.253490,0.122606,-0.049129,971.153076,3.413985,20.370508,-22.135664
SCANNING,0,1762537498159913,2.250757,0.122526,-0.049037,971.181641,3.257478,20.359062,-22.135664
SCANNING,1762537498170063,1762537498168997,2.247723,0.122438,-0.048936,971.205322,2.621122,20.346352,-22.135664
SCANNING,0,1762537498178149,2.244816,0.122197,-0.049106,971.237793,3.310048,20.333553,-22.135664
SCANNING,0,1762537498188148,2.242167,0.121977,-0.049262,971.265015,3.892483,20.321888,-22.135664
SCANNING,0,1762537498199630,2.239698,0.121772,-0.049407,971.288574,3.484966,20.311014,-22.135664
SCANNING,0,1762537498208713,2.237113,0.121557,-0.049558,971.313660,3.198738,20.299633,-22.135664
SCANNING,0,1762537498218191,2.234202,0.121315,-0.049729,971.340210,2.870697,20.286814,-22.135664
SCANNING,0,1762537498250414,2.199317,0.118419,-0.051775,971.418030,4.341888,20.250628,-22.018238
SCANNING,0,1762537498259975,2.196727,0.118204,-0.051927,971.446533,4.201833,20.239223,-22.018238
SCANNING,1762537498270204,1762537498269040,2.193741,0.117956,-0.052102,971.472290,3.185656,20.226074,-22.018238
SCANNING,0,1762537498278152,2.191076,0.117642,-0.052164,971.495056,2.781766,20.212206,-22.018238
SCANNING,0,1762537498288152,2.188666,0.117358,-0.052221,971.521851,2.585712,20.199663,-22.018238
SCANNING,0,1762537498299648,2.186496,0.117102,-0.052271,971.543335,0.888531,20.188370,-22.018238
SCANNING,0,1762537498308833,2.184313,0.116845,-0.052322,971.571960,1.691450,20.177008,-22.018238
SCANNING,0,1762537498318195,2.181863,0.116556,-0.052379,971.596924,0.643530,20.164255,-22.018238
SCANNING,0,1762537498350407,2.151590,0.112989,-0.053086,971.677368,1.637955,20.128506,-21.896435
SCANNING,0,1762537498359903,2.149667,0.112763,-0.053131,971.702942,1.887442,20.118498,-21.896435
SCANNING,1762537498370056,1762537498368954,2.147624,0.112522,-0.053179,971.732666,1.837163,20.107868,-21.896435
SCANNING,0,1762537498378163,2.145408,0.112245,-0.053151,971.763489,2.358603,20.096195,-21.896435
SCANNING,0,1762537498388192,2.143161,0.111964,-0.053123,971.789307,3.929291,20.084360,-21.896435
SCANNING,0,1762537498399679,2.141106,0.111708,-0.053098,971.808350,3.427342,20.073536,-21.896435
SCANNING,0,1762537498408716,2.139234,0.111474,-0.053075,971.828003,2.557725,20.063681,-21.896435
SCANNING,0,1762537498418160,2.137418,0.111247,-0.053052,971.855652,1.917591,20.054113,-21.896435
SCANNING,0,1762537498428922,2.115086,0.108457,-0.052774,971.884888,1.447184,20.044245,-21.788685
SCANNING,0,1762537498453370,2.111477,0.108006,-0.052729,971.937439,1.031356,20.025232,-21.788685
SCANNING,0,1762537498460481,2.109778,0.107793,-0.052708,971.965576,2.337648,20.016285,-21.788685
SCANNING,1762537498470201,1762537498472455,2.108310,0.107610,-0.052690,971.991089,1.285350,20.008554,-21.788685
SCANNING,0,1762537498479075,2.106963,0.107485,-0.052538,972.018372,1.367784,20.001957,-21.788685
SCANNING,0,1762537498488235,2.105441,0.107343,-0.052365,972.045349,1.488499,19.994499,-21.788685
SCANNING,0,1762537498499646,2.103861,0.107197,-0.052186,972.071350,0.850069,19.986757,-21.788685
SCANNING,0,1762537498509644,2.102203,0.107043,-0.051999,972.099060,0.697072,19.978632,-21.788685
SCANNING,0,1762537498519512,2.100567,0.106891,-0.051814,972.129578,1.454745,19.970621,-21.788685
SCANNING,0,1762537498552552,2.080053,0.104984,-0.049492,972.209961,1.960499,19.948702,-21.710096
SCANNING,0,1762537498561578,2.078723,0.104861,-0.049341,972.237732,0.857790,19.942186,-21.710096
SCANNING,1762537498570188,1762537498569663,2.077389,0.104737,-0.049190,972.261414,-0.316346,19.935652,-21.710096
SCANNING,0,1762537498579538,2.075932,0.104502,-0.049226,972.289612,1.518939,19.929033,-21.710096
SCANNING,0,1762537498589512,2.074406,0.104255,-0.049264,972.317200,1.535465,19.922102,-21.710096
SCANNING,0,1762537498601650,2.072786,0.103994,-0.049303,972.342285,1.237041,19.914742,-21.710096
SCANNING,0,1762537498609593,2.071130,0.103726,-0.049344,972.370850,2.158864,19.907221,-21.710096
SCANNING,0,1762537498618638,2.069478,0.103459,-0.049385,972.397400,2.876408,19.899715,-21.710096
SCANNING,0,1762537498628680,2.052667,0.100744,-0.049799,972.426270,3.627054,19.892769,-21.640673
SCANNING,0,1762537498651574,2.049686,0.100263,-0.049873,972.481079,4.586362,19.879229,-21.640673
SCANNING,0,1762537498659651,2.048134,0.100012,-0.049911,972.503296,3.573850,19.872179,-21.640673
SCANNING,1762537498670137,1762537498668677,2.046559,0.099758,-0.049950,972.527344,3.137567,19.865023,-21.640673
SCANNING,0,1762537498677806,2.045012,0.099552,-0.049965,972.548828,1.763672,19.857256,-21.640673
SCANNING,0,1762537498687089,2.043416,0.099339,-0.049981,972.575256,2.018506,19.849245,-21.640673
SCANNING,0,1762537498698890,2.041711,0.099112,-0.049998,972.603516,2.588141,19.840689,-21.640673
SCANNING,0,1762537498707877,2.040072,0.098894,-0.050014,972.631836,1.895087,19.832462,-21.640673
SCANNING,0,1762537498717201,2.038418,0.098673,-0.050030,972.655273,1.544310,19.824156,-21.640673
SCANNING,0,1762537498727910,2.021775,0.096456,-0.050195,972.680359,1.419576,19.816145,-21.565142
SCANNING,0,1762537498752288,2.018374,0.096003,-0.050228,972.730530,0.294338,19.799072,-21.565142
SCANNING,0,1762537498761348,2.016494,0.095753,-0.050247,972.761536,0.499897,19.789635,-21.565142
SCANNING,1762537498769165,1762537498768950,2.014551,0.095494,-0.050266,972.790894,2.258859,19.779881,-21.565142
SCANNING,0,1762537498778026,2.012514,0.095320,-0.050398,972.813171,3.726360,19.770441,-21.565142
SCANNING,0,1762537498787204,2.010554,0.095152,-0.050524,972.831116,2.808989,19.761360,-21.565142
SCANNING,0,1762537498798929,2.008695,0.094992,-0.050644,972.859558,2.699142,19.752745,-21.565142
SCANNING,0,1762537498807928,2.006742,0.094825,-0.050770,972.887390,1.797648,19.743698,-21.565142
SCANNING,0,1762537498817104,2.004630,0.094644,-0.050906,972.911987,0.892995,19.733908,-21.565142
SCANNING,0,1762537498827922,1.983156,0.092805,-0.052293,972.939880,1.149638,19.723688,-21.475859
SCANNING,0,1762537498852404,1.979031,0.092452,-0.052559,972.993530,1.104561,19.704573,-21.475859
SCANNING,0,1762537498859527,1.977177,0.092293,-0.052679,973.023254,2.605504,19.695984,-21.475859
SCANNING,1762537498870182,1762537498868974,1.975283,0.092131,-0.052801,973.049805,1.886050,19.687206,-21.475859
SCANNING,0,1762537498878026,1.973331,0.092242,-0.052923,973.075806,1.897638,19.677677,-21.475859
SCANNING,0,1762537498887284,1.971187,0.092364,-0.053057,973.104980,2.744873,19.667206,-21.475859
SCANNING,0,1762537498898846,1.968991,0.092489,-0.053195,973.132141,1.199675,19.656487,-21.475859
SCANNING,0,1762537498907943,1.967007,0.092601,-0.053319,973.159485,1.500075,19.646799,-21.475859
SCANNING,0,1762537498917108,1.965249,0.092701,-0.053429,973.186218,1.651589,19.638218,-21.475859
SCANNING,0,1762537498933265,1.942855,0.093974,-0.054830,973.213745,2.204422,19.621778,-21.382963
SCANNING,0,1762537498952382,1.940911,0.094085,-0.054951,973.263794,0.235821,19.612288,-21.382963
SCANNING,0,1762537498959483,1.938768,0.094207,-0.055085,973.290833,0.752504,19.601824,-21.382963
SCANNING,1762537498970140,1762537498968946,1.936617,0.094329,-0.055220,973.317871,1.046638,19.591322,-21.382963
SCANNING,0,1762537498978011,1.934798,0.094312,-0.055150,973.347778,2.575409,19.581833,-21.382963
SCANNING,0,1762537498987223,1.933200,0.094297,-0.055089,973.374451,1.511518,19.573498,-21.382963
SCANNING,0,1762537498998920,1.931669,0.094283,-0.055031,973.400208,0.851792,19.565510,-21.382963
SCANNING,0,1762537499007953,1.930067,0.094268,-0.054970,973.427734,0.881051,19.557152,-21.382963
SCANNING,0,1762537499017104,1.928261,0.094252,-0.054901,973.455383,1.643662,19.547731,-21.382963
SCANNING,0,1762537499033257,1.906896,0.094054,-0.054084,973.486145,2.114183,19.527277,-21.291969
SCANNING,0,1762537499052360,1.905173,0.094038,-0.054019,973.535767,2.560152,19.518288,-21.291969
SCANNING,0,1762537499061382,1.903636,0.094024,-0.053960,973.558411,3.046701,19.510269,-21.291969
SCANNING,1762537499070055,1762537499068924,1.902174,0.094010,-0.053904,973.591187,4.793249,19.502645,-21.291969
SCANNING,0,1762537499078018,1.900737,0.094033,-0.053852,973.620667,4.999786,19.494579,-21.291969
SCANNING,0,1762537499087120,1.899122,0.094060,-0.053793,973.643860,4.152217,19.485519,-21.291969
SCANNING,0,1762537499098836,1.897402,0.094088,-0.053731,973.667725,4.180157,19.475870,-21.291969
SCANNING,0,1762537499107901,1.895654,0.094116,-0.053668,973.689697,3.184500,19.466061,-21.291969
SCANNING,0,1762537499117119,1.894098,0.094142,-0.053611,973.717834,3.460322,19.457325,-21.291969
SCANNING,0,1762537499127927,1.877368,0.094415,-0.053005,973.740723,3.302252,19.449379,-21.206039
SCANNING,0,1762537499152246,1.874614,0.094460,-0.052905,973.792053,0.948122,19.433929,-21.206039
SCANNING,0,1762537499161322,1.873117,0.094484,-0.052851,973.821716,2.871823,19.425528,-21.206039
SCANNING,1762537499170225,1762537499168906,1.871463,0.094511,-0.052791,973.846375,3.432796,19.416245,-21.206039
SCANNING,0,1762537499177935,1.869650,0.094437,-0.052654,973.875488,4.090049,19.407040,-21.206039
SCANNING,0,1762537499187185,1.867921,0.094367,-0.052524,973.897217,3.105932,19.398262,-21.206039
SCANNING,0,1762537499198923,1.866371,0.094303,-0.052407,973.923462,3.913896,19.390390,-21.206039
SCANNING,0,1762537499207981,1.864891,0.094243,-0.052296,973.950562,3.387241,19.382877,-21.206039
SCANNING,0,1762537499217131,1.863427,0.094183,-0.052185,973.979553,3.906728,19.375444,-21.206039
SCANNING,0,1762537499227936,1.845000,0.093432,-0.050797,974.005676,3.795740,19.367281,-21.120647
SCANNING,0,1762537499252448,1.841435,0.093287,-0.050528,974.061035,3.921931,19.349182,-21.120647
SCANNING,0,1762537499259440,1.839626,0.093213,-0.050392,974.089294,4.669299,19.339998,-21.120647
SCANNING,1762537499269209,1762537499268958,1.837930,0.093144,-0.050264,974.120972,4.360247,19.331387,-21.120647
SCANNING,0,1762537499277939,1.836209,0.092927,-0.050225,974.145264,3.416660,19.323402,-21.120647
SCANNING,0,1762537499287122,1.834475,0.092709,-0.050186,974.174194,4.439081,19.315359,-21.120647
SCANNING,0,1762537499298906,1.832657,0.092480,-0.050146,974.198547,2.997661,19.306925,-21.120647
SCANNING,0,1762537499307940,1.830705,0.092234,-0.050102,974.229248,4.385265,19.297869,-21.120647
SCANNING,0,1762537499317220,1.828601,0.091969,-0.050055,974.252686,4.262166,19.288109,-21.120647
SCANNING,0,1762537499327920,1.808010,0.089375,-0.049592,974.279907,4.777962,19.278481,-21.034754
SCANNING,0,1762537499349458,1.804358,0.088915,-0.049510,974.331482,3.906922,19.261536,-21.034754
SCANNING,0,1762537499358943,1.802639,0.088699,-0.049472,974.361572,3.779555,19.253565,-21.034754
SCANNING,1762537499370061,1762537499367982,1.800880,0.088477,-0.049432,974.386169,3.056072,19.245403,-21.034754
SCANNING,0,1762537499377099,1.798935,0.088061,-0.049092,974.408508,3.181317,19.236288,-21.034754
SCANNING,0,1762537499387183,1.796865,0.087618,-0.048731,974.435974,2.869704,19.226582,-21.034754
SCANNING,0,1762537499398858,1.794790,0.087174,-0.048368,974.463379,2.727525,19.216856,-21.034754
SCANNING,0,1762537499407919,1.792849,0.086759,-0.048029,974.487305,0.775793,19.207758,-21.034754
SCANNING,0,1762537499417140,1.791058,0.086376,-0.047717,974.517517,1.719275,19.199366,-21.034754
SCANNING,0,1762537499427945,1.770159,0.081906,-0.044066,974.543579,2.176841,19.191072,-20.945089
SCANNING,0,1762537499449555,1.766307,0.081083,-0.043394,974.596924,2.214857,19.173016,-20.945089
SCANNING,0,1762537499459003,1.764146,0.080620,-0.043016,974.625916,2.205548,19.162886,-20.945089
SCANNING,1762537499470040,1762537499468075,1.762026,0.080167,-0.042646,974.653992,3.231885,19.152950,-20.945089
SCANNING,0,1762537499477736,1.760095,0.079708,-0.042505,974.677490,3.171937,19.143953,-20.945089
SCANNING,0,1762537499487138,1.758296,0.079280,-0.042373,974.699646,2.723495,19.135571,-20.945089
SCANNING,0,1762537499498925,1.756555,0.078866,-0.042245,974.731995,3.813498,19.127460,-20.945089
SCANNING,0,1762537499507954,1.754704,0.078426,-0.042110,974.760742,5.329367,19.118835,-20.945089
SCANNING,0,1762537499517174,1.752711,0.077952,-0.041964,974.781555,4.785450,19.109550,-20.945089
SCANNING,0,1762537499539418,1.728866,0.072283,-0.040218,974.820984,0.818047,19.089579,-20.853958
SCANNING,0,1762537499552282,1.726896,0.071815,-0.040074,974.850464,1.912382,19.080399,-20.853958
SCANNING,0,1762537499559366,1.725070,0.071380,-0.039940,974.880737,2.867943,19.071888,-20.853958
SCANNING,1762537499569289,1762537499568866,1.723306,0.070961,-0.039811,974.909180,3.652234,19.063671,-20.853958
SCANNING,0,1762537499577949,1.721524,0.070513,-0.039708,974.935730,3.889054,19.055038,-20.853958
SCANNING,0,1762537499587130,1.719635,0.070038,-0.039599,974.962769,3.338725,19.045883,-20.853958
SCANNING,0,1762537499598887,1.717627,0.069534,-0.039483,974.989807,3.617234,19.036154,-20.853958
SCANNING,0,1762537499607954,1.715677,0.069044,-0.039370,975.014893,2.867588,19.026703,-20.853958
SCANNING,0,1762537499617136,1.713884,0.068593,-0.039267,975.042236,2.390620,19.018017,-20.853958
SCANNING,0,1762537499649386,1.690167,0.062632,-0.037896,975.127869,3.130956,18.993322,-20.763725
SCANNING,0,1762537499658897,1.688232,0.062146,-0.037784,975.154663,2.755506,18.983948,-20.763725
SCANNING,1762537499669806,1762537499667952,1.686203,0.061636,-0.037667,975.181458,2.931652,18.974115,-20.763725
SCANNING,0,1762537499677175,1.683968,0.061309,-0.037870,975.205627,2.019045,18.964588,-20.763725
SCANNING,0,1762537499687200,1.681914,0.061009,-0.038057,975.236938,2.786799,18.955832,-20.763725
SCANNING,0,1762537499698856,1.680002,0.060730,-0.038231,975.263855,3.762482,18.947683,-20.763725
SCANNING,0,1762537499707954,1.678124,0.060456,-0.038402,975.290222,3.828160,18.939678,-20.763725
SCANNING,0,1762537499717132,1.676078,0.060156,-0.038588,975.315308,3.188401,18.930954,-20.763725
SCANNING,0,1762537499733240,1.650988,0.056490,-0.040870,975.341919,3.078007,18.912096,-20.675632
SCANNING,0,1762537499752266,1.648711,0.056158,-0.041077,975.395691,3.691829,18.902391,-20.675632
SCANNING,0,1762537499759343,1.646758,0.055872,-0.041255,975.420227,5.010791,18.894068,-20.675632
SCANNING,1762537499770160,1762537499768861,1.644874,0.055597,-0.041426,975.448792,4.073978,18.886036,-20.675632
SCANNING,0,1762537499777986,1.643230,0.055490,-0.041477,975.477417,4.621992,18.878138,-20.675632
SCANNING,0,1762537499787221,1.641388,0.055370,-0.041533,975.499634,3.503555,18.869286,-20.675632
SCANNING,0,1762537499798898,1.639430,0.055243,-0.041593,975.525391,2.256328,18.859882,-20.675632
SCANNING,0,1762537499808916,1.637412,0.055112,-0.041655,975.546570,1.233795,18.850185,-20.675632
SCANNING,0,1762537499818552,1.635474,0.054986,-0.041715,975.573120,1.370465,18.840876,-20.675632
SCANNING,0,1762537499828918,1.615648,0.053696,-0.042325,975.598877,0.746992,18.832586,-20.588673
SCANNING,0,1762537499851379,1.612375,0.053484,-0.042425,975.653076,1.002174,18.816860,-20.588673
SCANNING,0,1762537499860417,1.610595,0.053368,-0.042480,975.679749,1.275832,18.808311,-20.588673
SCANNING,1762537499869545,1762537499869009,1.608706,0.053245,-0.042538,975.705566,1.879057,18.799234,-20.588673
SCANNING,0,1762537499878565,1.606698,0.053077,-0.042660,975.732056,0.618664,18.789677,-20.588673
SCANNING,0,1762537499888553,1.604777,0.052916,-0.042777,975.762268,0.969768,18.780537,-20.588673
SCANNING,0,1762537499900294,1.603017,0.052768,-0.042883,975.790222,4.393955,18.772158,-20.588673
SCANNING,0,1762537499908896,1.601332,0.052627,-0.042986,975.805725,3.013779,18.764141,-20.588673
SCANNING,0,1762537499917975,1.599704,0.052491,-0.043085,975.827820,2.351897,18.756395,-20.588673
SCANNING,0,1762537499928909,1.580120,0.050849,-0.044274,975.854614,1.489622,18.748278,-20.503586
SCANNING,0,1762537499950452,1.576335,0.050532,-0.044503,975.910889,0.965811,18.730263,-20.503586
SCANNING,0,1762537499959494,1.574394,0.050369,-0.044621,975.939148,1.479242,18.721027,-20.503586
SCANNING,1762537499970114,1762537499968025,1.572552,0.050215,-0.044733,975.964600,1.986648,18.712261,-20.503586
SCANNING,0,1762537499977953,1.570833,0.050103,-0.044729,975.991821,1.967616,18.704185,-20.503586
SCANNING,0,1762537499987925,1.569124,0.049991,-0.044725,976.017944,1.578484,18.696159,-20.503586
SCANNING,0,1762537500000343,1.567341,0.049875,-0.044721,976.045166,1.347422,18.687786,-20.503586
SCANNING,0,1762537500008891,1.565464,0.049752,-0.044716,976.070374,1.091121,18.678967,-20.503586
SCANNING,0,1762537500017915,1.563407,0.049618,-0.044711,976.099182,1.343302,18.669310,-20.503586
SCANNING,0,1762537500028914,1.542676,0.048265,-0.044662,976.130066,1.486734,18.659552,-20.415970
SCANNING,0,1762537500051388,1.538876,0.048017,-0.044653,976.182861,1.545035,18.641705,-20.415970
SCANNING,0,1762537500059407,1.537116,0.047902,-0.044649,976.208984,2.100580,18.633436,-20.415970
SCANNING,1762537500070231,1762537500068448,1.535331,0.047786,-0.044645,976.234741,0.595019,18.625053,-20.415970
SCANNING,0,1762537500078023,1.533526,0.047651,-0.044732,976.262939,1.077998,18.616039,-20.415970
SCANNING,0,1762537500087928,1.531554,0.047504,-0.044827,976.288635,1.783992,18.606194,-20.415970
SCANNING,0,1762537500100325,1.529518,0.047351,-0.044924,976.316345,1.568396,18.596027,-20.415970
SCANNING,0,1762537500108881,1.527587,0.047207,-0.045017,976.341736,1.645248,18.586388,-20.415970
SCANNING,0,1762537500117921,1.525842,0.047077,-0.045101,976.371521,2.052482,18.577671,-20.415970
SCANNING,0,1762537500128865,1.506045,0.045597,-0.046052,976.399841,2.308522,18.569435,-20.325359
SCANNING,0,1762537500151361,1.502658,0.045344,-0.046215,976.453857,2.856127,18.552521,-20.325359
SCANNING,0,1762537500159389,1.500754,0.045201,-0.046307,976.483948,3.697835,18.543016,-20.325359
SCANNING,1762537500169370,1762537500168909,1.498769,0.045053,-0.046402,976.507263,3.782914,18.533104,-20.325359
SCANNING,0,1762537500178015,1.496831,0.045236,-0.046523,976.531982,3.142233,18.523781,-20.325359
SCANNING,0,1762537500187912,1.495043,0.045404,-0.046634,976.553589,2.788062,18.515184,-20.325359
SCANNING,0,1762537500200321,1.493394,0.045559,-0.046736,976.581299,3.039114,18.507250,-20.325359
SCANNING,0,1762537500208892,1.491762,0.045713,-0.046838,976.610474,4.418810,18.499405,-20.325359
SCANNING,0,1762537500217948,1.490060,0.045873,-0.046944,976.634949,2.235776,18.491217,-20.325359
SCANNING,0,1762537500228879,1.470398,0.047726,-0.048167,976.658508,2.219673,18.482290,-20.239719
SCANNING,0,1762537500259465,1.464673,0.048265,-0.048523,976.732361,0.231266,18.454756,-20.239719
SCANNING,1762537500270171,1762537500268498,1.462955,0.048427,-0.048630,976.762268,0.627585,18.446491,-20.239719
SCANNING,0,1762537500278022,1.461320,0.048531,-0.048544,976.791382,1.023467,18.438282,-20.239719
SCANNING,0,1762537500287924,1.459620,0.048639,-0.048455,976.817688,2.612533,18.429747,-20.239719
SCANNING,0,1762537500300304,1.457813,0.048754,-0.048360,976.841003,3.973144,18.420677,-20.239719
SCANNING,0,1762537500308898,1.455959,0.048872,-0.048262,976.867065,3.688163,18.411369,-20.239719
SCANNING,0,1762537500318012,1.454164,0.048986,-0.048168,976.891907,2.141816,18.402359,-20.239719
SCANNING,0,1762537500339389,1.433650,0.050292,-0.047089,976.945618,2.806782,18.386374,-20.152721
SCANNING,0,1762537500351383,1.432148,0.050387,-0.047010,976.970825,2.133133,18.378830,-20.152721
SCANNING,0,1762537500360327,1.430530,0.050490,-0.046924,976.997314,2.164232,18.370707,-20.152721
SCANNING,1762537500370233,1762537500368932,1.428792,0.050601,-0.046833,977.027954,2.716667,18.361984,-20.152721
SCANNING,0,1762537500377950,1.426991,0.050465,-0.046641,977.054199,3.146603,18.352596,-20.152721
SCANNING,0,1762537500387940,1.425190,0.050330,-0.046449,977.082947,3.685648,18.343208,-20.152721
SCANNING,0,1762537500400295,1.423487,0.050202,-0.046268,977.113281,4.121507,18.334332,-20.152721
SCANNING,0,1762537500408890,1.421958,0.050086,-0.046105,977.137024,2.755994,18.326361,-20.152721
SCANNING,0,1762537500417940,1.420438,0.049972,-0.045943,977.164124,2.854193,18.318441,-20.152721
SCANNING,0,1762537500451261,1.398760,0.048339,-0.043633,977.240601,1.708713,18.292091,-20.066069
SCANNING,0,1762537500460317,1.396886,0.048198,-0.043433,977.269165,2.364200,18.282324,-20.066069
SCANNING,1762537500470173,1762537500468842,1.395130,0.048066,-0.043246,977.293823,1.696829,18.273172,-20.066069
SCANNING,0,1762537500477910,1.393451,0.047812,-0.043173,977.322937,2.712747,18.264887,-20.066069
SCANNING,0,1762537500487913,1.391862,0.047572,-0.043104,977.352661,3.294116,18.257042,-20.066069
SCANNING,0,1762537500500355,1.390249,0.047329,-0.043034,977.379456,2.596168,18.249079,-20.066069
SCANNING,0,1762537500508908,1.388510,0.047066,-0.042959,977.400696,0.612206,18.240496,-20.066069
SCANNING,0,1762537500517951,1.386582,0.046775,-0.042876,977.426514,0.507122,18.230984,-20.066069
SCANNING,0,1762537500528891,1.366712,0.043773,-0.042014,977.457031,1.298740,18.220970,-19.978012
SCANNING,0,1762537500549444,1.362948,0.043205,-0.041851,977.512817,2.702871,18.202391,-19.978012
SCANNING,0,1762537500558451,1.361269,0.042951,-0.041778,977.537781,2.289510,18.194103,-19.978012
SCANNING,1762537500570061,1762537500567961,1.359574,0.042695,-0.041705,977.563171,3.022935,18.185738,-19.978012
SCANNING,0,1762537500577937,1.357864,0.042459,-0.041595,977.596741,4.245942,18.176769,-19.978012
SCANNING,0,1762537500588025,1.355938,0.042194,-0.041471,977.623291,4.336786,18.166660,-19.978012
SCANNING,0,1762537500600306,1.353981,0.041924,-0.041345,977.647400,3.306203,18.156393,-19.978012
SCANNING,0,1762537500608897,1.352153,0.041673,-0.041227,977.673035,4.009624,18.146807,-19.978012
SCANNING,0,1762537500617954,1.350503,0.041445,-0.041121,977.695801,3.762310,18.138151,-19.978012
SCANNING,0,1762537500628889,1.331248,0.038793,-0.039881,977.723938,4.030940,18.129917,-19.885227
SCANNING,0,1762537500651335,1.327961,0.038340,-0.039669,977.772217,3.446195,18.112675,-19.885227
SCANNING,0,1762537500659380,1.326073,0.038080,-0.039547,977.793457,0.759912,18.102766,-19.885227
SCANNING,1762537500670142,1762537500668887,1.324113,0.037810,-0.039421,977.821533,0.957694,18.092485,-19.885227
SCANNING,0,1762537500677932,1.322087,0.037453,-0.039271,977.849854,2.285187,18.082542,-19.885227
SCANNING,0,1762537500687935,1.320251,0.037130,-0.039136,977.880615,3.299006,18.073534,-19.885227
SCANNING,0,1762537500699315,1.318532,0.036827,-0.039009,977.903992,3.789127,18.065098,-19.885227
SCANNING,0,1762537500708893,1.316787,0.036520,-0.038880,977.934753,5.253859,18.056538,-19.885227
SCANNING,0,1762537500717925,1.314948,0.036196,-0.038744,977.960205,3.621485,18.047510,-19.885227
SCANNING,0,1762537500728925,1.294431,0.032582,-0.037230,977.985901,3.848765,18.037556,-19.794504
SCANNING,0,1762537500751420,1.290469,0.031884,-0.036937,978.039185,2.838137,18.018112,-19.794504
SCANNING,0,1762537500759430,1.288715,0.031575,-0.036808,978.065674,3.662699,18.009506,-19.794504
SCANNING,1762537500770158,1762537500768623,1.287041,0.031280,-0.036684,978.098083,3.594323,18.001293,-19.794504
SCANNING,0,1762537500778029,1.285116,0.031181,-0.036614,978.126465,3.887468,17.992878,-19.794504
SCANNING,0,1762537500787960,1.283024,0.031073,-0.036539,978.153076,4.177302,17.983732,-19.794504
SCANNING,0,1762537500799345,1.280788,0.030958,-0.036458,978.177795,4.367911,17.973953,-19.794504
SCANNING,0,1762537500808835,1.278571,0.030843,-0.036377,978.204041,3.312603,17.964260,-19.794504
SCANNING,0,1762537500817894,1.276521,0.030738,-0.036303,978.233398,3.942812,17.955299,-19.794504
SCANNING,0,1762537500828857,1.253744,0.029563,-0.035479,978.261230,4.671970,17.947311,-19.702908
SCANNING,0,1762537500851473,1.250247,0.029383,-0.035352,978.311401,4.387313,17.932022,-19.702908
SCANNING,0,1762537500859464,1.248314,0.029283,-0.035282,978.337524,3.822647,17.923571,-19.702908
SCANNING,1762537500869175,1762537500868444,1.246120,0.029170,-0.035203,978.365295,3.437601,17.913980,-19.702908
SCANNING,0,1762537500877980,1.244167,0.029043,-0.035096,978.391113,3.621780,17.904276,-19.702908
SCANNING,0,1762537500887953,1.242340,0.028925,-0.034995,978.414490,4.019984,17.895199,-19.702908
SCANNING,0,1762537500899322,1.240624,0.028813,-0.034901,978.438599,3.692136,17.886673,-19.702908
SCANNING,0,1762537500908798,1.239015,0.028709,-0.034813,978.466980,3.239714,17.878679,-19.702908
SCANNING,0,1762537500917929,1.237298,0.028597,-0.034718,978.491211,1.834832,17.870146,-19.702908
SCANNING,0,1762537500928881,1.218247,0.027360,-0.033672,978.517273,1.139708,17.861183,-19.617214
SCANNING,0,1762537500959493,1.212617,0.026994,-0.033362,978.596252,0.963120,17.833214,-19.617214
SCANNING,1762537500970122,1762537500968521,1.210937,0.026885,-0.033270,978.625366,0.981194,17.824865,-19.617214
SCANNING,0,1762537500978080,1.209147,0.026749,-0.033163,978.652588,2.107280,17.816767,-19.617214
SCANNING,0,1762537500987939,1.207235,0.026603,-0.033049,978.677490,2.092633,17.808117,-19.617214
SCANNING,0,1762537500999366,1.205199,0.026448,-0.032927,978.700928,2.753485,17.798906,-19.617214
SCANNING,0,1762537501008912,1.202996,0.026280,-0.032795,978.732849,2.658532,17.788935,-19.617214
SCANNING,0,1762537501017964,1.200787,0.026112,-0.032664,978.763672,4.150429,17.778944,-19.617214
SCANNING,0,1762537501050507,1.175705,0.024203,-0.031165,978.823914,1.058739,17.753752,-19.528921
SCANNING,0,1762537501060599,1.173916,0.024066,-0.031058,978.853760,1.622584,17.745657,-19.528921
SCANNING,1762537501070082,1762537501068583,1.172229,0.023938,-0.030957,978.883545,1.514427,17.738026,-19.528921
SCANNING,0,1762537501077669,1.170241,0.023665,-0.030934,978.911560,2.193003,17.728672,-19.528921
SCANNING,0,1762537501086764,1.168177,0.023381,-0.030910,978.939087,2.323119,17.718967,-19.528921
SCANNING,0,1762537501098290,1.166217,0.023112,-0.030887,978.963623,2.373462,17.709743,-19.528921
SCANNING,0,1762537501107832,1.164383,0.022860,-0.030866,978.991699,2.257650,17.701115,-19.528921
SCANNING,0,1762537501117560,1.162709,0.022630,-0.030846,979.018250,2.185440,17.693241,-19.528921
SCANNING,0,1762537501127924,1.142703,0.019881,-0.030613,979.044495,1.836402,17.685255,-19.442799
SCANNING,0,1762537501150403,1.139089,0.019385,-0.030571,979.097534,0.650133,17.668251,-19.442799
SCANNING,0,1762537501159414,1.137152,0.019119,-0.030548,979.127502,1.258092,17.659142,-19.442799
SCANNING,1762537501169177,1762537501168001,1.135247,0.018857,-0.030526,979.155823,2.262743,17.650179,-19.442799
SCANNING,0,1762537501177627,1.133456,0.018880,-0.030663,979.183105,2.221264,17.641775,-19.442799
SCANNING,0,1762537501187515,1.131733,0.018903,-0.030795,979.207947,2.134465,17.633690,-19.442799
SCANNING,0,1762537501198405,1.130008,0.018926,-0.030927,979.236572,2.782204,17.625597,-19.442799
SCANNING,0,1762537501207914,1.128195,0.018949,-0.031066,979.262634,2.932184,17.617090,-19.442799
SCANNING,0,1762537501217012,1.126238,0.018975,-0.031216,979.288940,2.357543,17.607912,-19.442799
SCANNING,0,1762537501227851,1.105728,0.019243,-0.032787,979.315918,2.824182,17.598444,-19.356035
SCANNING,0,1762537501250327,1.101920,0.019293,-0.033079,979.370789,2.775531,17.580578,-19.356035
SCANNING,0,1762537501258748,1.100165,0.019316,-0.033213,979.396912,3.204617,17.572342,-19.356035
SCANNING,1762537501269232,1762537501267856,1.098420,0.019339,-0.033347,979.425293,4.886668,17.564156,-19.356035
SCANNING,0,1762537501276913,1.096530,0.019343,-0.033447,979.450928,3.780928,17.555548,-19.356035
SCANNING,0,1762537501286916,1.094494,0.019348,-0.033555,979.478516,4.240234,17.546274,-19.356035
SCANNING,0,1762537501298334,1.092339,0.019353,-0.033669,979.500061,3.363755,17.536459,-19.356035
SCANNING,0,1762537501307840,1.090244,0.019358,-0.033780,979.525330,2.559897,17.526920,-19.356035
SCANNING,0,1762537501316930,1.088353,0.019363,-0.033880,979.547668,1.853801,17.518307,-19.356035
SCANNING,0,1762537501327914,1.067308,0.019413,-0.034996,979.573669,1.719977,17.510290,-19.268202
SCANNING,0,1762537501350411,1.063740,0.019421,-0.035185,979.630676,1.912287,17.494040,-19.268202
SCANNING,0,1762537501358544,1.061729,0.019426,-0.035291,979.653992,1.069558,17.484882,-19.268202
SCANNING,1762537501370074,1762537501367609,1.059674,0.019431,-0.035400,979.679138,1.429049,17.475521,-19.268202
SCANNING,0,1762537501377625,1.057595,0.019388,-0.035363,979.706360,2.003197,17.466333,-19.268202
SCANNING,0,1762537501386957,1.055733,0.019349,-0.035329,979.733276,0.973116,17.458103,-19.268202
SCANNING,0,1762537501399385,1.054009,0.019313,-0.035298,979.762146,0.987240,17.450485,-19.268202
SCANNING,0,1762537501407848,1.052305,0.019278,-0.035268,979.790283,1.741778,17.442955,-19.268202
SCANNING,0,1762537501416934,1.050524,0.019241,-0.035236,979.816528,4.076440,17.435087,-19.268202
SCANNING,0,1762537501427919,1.029206,0.018799,-0.034854,979.835632,3.945370,17.426508,-19.182573
SCANNING,0,1762537501450448,1.025002,0.018712,-0.034778,979.888306,1.770284,17.407930,-19.182573
SCANNING,0,1762537501458478,1.023039,0.018671,-0.034743,979.911621,1.076106,17.399256,-19.182573
SCANNING,1762537501470031,1762537501467496,1.021254,0.018634,-0.034711,979.940308,1.379967,17.391367,-19.182573
SCANNING,0,1762537501476997,1.019488,0.018753,-0.034715,979.966980,1.173187,17.383438,-19.182573
SCANNING,0,1762537501486954,1.017730,0.018871,-0.034719,979.994080,1.505244,17.375544,-19.182573
SCANNING,0,1762537501499410,1.015827,0.018999,-0.034723,980.025513,2.938534,17.367004,-19.182573
SCANNING,0,1762537501507898,1.013795,0.019136,-0.034727,980.050110,1.701908,17.357880,-19.182573
SCANNING,0,1762537501516998,1.011689,0.019278,-0.034732,980.078308,2.588944,17.348425,-19.182573
SCANNING,0,1762537501538404,0.988455,0.020842,-0.034783,980.134644,2.200799,17.330677,-19.096014
SCANNING,0,1762537501550300,0.986678,0.020962,-0.034787,980.158569,1.210057,17.322699,-19.096014
SCANNING,0,1762537501559382,0.984918,0.021080,-0.034791,980.186707,1.420612,17.314796,-19.096014
SCANNING,1762537501570208,1762537501567968,0.983061,0.021205,-0.034795,980.215210,2.452591,17.306461,-19.096014
SCANNING,0,1762537501576965,0.981170,0.020994,-0.034846,980.237244,0.183219,17.297466,-19.096014
SCANNING,0,1762537501586950,0.979086,0.020761,-0.034901,980.263184,0.230738,17.287556,-19.096014
SCANNING,0,1762537501599335,0.977036,0.020532,-0.034956,980.291077,0.641071,17.277807,-19.096014
SCANNING,0,1762537501607900,0.975178,0.020324,-0.035006,980.317627,0.985579,17.268970,-19.096014
SCANNING,0,1762537501616961,0.973495,0.020136,-0.035051,980.345154,1.863005,17.260967,-19.096014
SCANNING,0,1762537501638386,0.951858,0.017719,-0.035630,980.400146,1.266142,17.245291,-19.008787
SCANNING,0,1762537501650364,0.950001,0.017512,-0.035680,980.426819,0.985605,17.236458,-19.008787
SCANNING,0,1762537501659426,0.947940,0.017282,-0.035735,980.456543,2.452133,17.226660,-19.008787
SCANNING,1762537501670105,1762537501667500,0.945814,0.017044,-0.035792,980.485046,2.989475,17.216547,-19.008787
SCANNING,0,1762537501677045,0.943873,0.017049,-0.035822,980.510254,3.599492,17.207188,-19.008787
SCANNING,0,1762537501686938,0.942119,0.017054,-0.035850,980.534180,3.186656,17.198732,-19.008787
SCANNING,0,1762537501698349,0.940446,0.017058,-0.035876,980.555725,2.830881,17.190666,-19.008787
SCANNING,0,1762537501707902,0.938726,0.017063,-0.035903,980.585571,4.067084,17.182375,-19.008787
SCANNING,0,1762537501716955,0.936871,0.017068,-0.035932,980.614990,4.465714,17.173431,-19.008787
SCANNING,0,1762537501727851,0.916392,0.017123,-0.036252,980.640991,3.824474,17.163540,-18.919943
SCANNING,0,1762537501736929,0.914349,0.017128,-0.036284,980.661987,2.838614,17.153690,-18.919943
SCANNING,0,1762537501758419,0.910681,0.017138,-0.036341,980.713745,3.147326,17.136002,-18.919943
SCANNING,1762537501768755,1762537501767921,0.908948,0.017143,-0.036368,980.737732,2.152758,17.127649,-18.919943
SCANNING,0,1762537501777030,0.906959,0.016950,-0.036334,980.763855,1.157604,17.118832,-18.919943
SCANNING,0,1762537501786912,0.904843,0.016745,-0.036298,980.790466,0.370699,17.109455,-18.919943
SCANNING,0,1762537501798320,0.902570,0.016525,-0.036260,980.819580,1.967993,17.099379,-18.919943
SCANNING,0,1762537501807894,0.900332,0.016308,-0.036222,980.846130,3.810503,17.089460,-18.919943
SCANNING,0,1762537501816932,0.898247,0.016105,-0.036186,980.873352,3.712300,17.080219,-18.919943
SCANNING,0,1762537501827823,0.875300,0.013881,-0.035797,980.895935,2.838722,17.071547,-18.826904
SCANNING,0,1762537501851235,0.871364,0.013499,-0.035730,980.951172,3.876909,17.054100,-18.826904
SCANNING,0,1762537501860295,0.869166,0.013286,-0.035693,980.976257,3.030981,17.044357,-18.826904
SCANNING,1762537501869185,1762537501869294,0.866836,0.013060,-0.035653,981.002014,3.100014,17.034031,-18.826904
SCANNING,0,1762537501877958,0.864600,0.012998,-0.035680,981.033630,3.631542,17.023998,-18.826904
SCANNING,0,1762537501886923,0.862594,0.012943,-0.035704,981.057251,3.132256,17.014999,-18.826904
SCANNING,0,1762537501899404,0.860691,0.012891,-0.035727,981.090332,5.083601,17.006462,-18.826904
SCANNING,0,1762537501907905,0.858809,0.012839,-0.035750,981.117798,4.634243,16.998022,-18.826904
SCANNING,0,1762537501916961,0.856839,0.012785,-0.035774,981.141785,3.458749,16.989183,-18.826904
SCANNING,0,1762537501927880,0.834135,0.012160,-0.036049,981.167419,2.962630,16.979517,-18.734718
SCANNING,0,1762537501950388,0.829770,0.012040,-0.036102,981.220276,3.299785,16.959936,-18.734718
SCANNING,0,1762537501958401,0.827756,0.011984,-0.036126,981.245422,2.741915,16.950899,-18.734718
SCANNING,1762537501969259,1762537501967905,0.825861,0.011932,-0.036149,981.274414,3.325376,16.942400,-18.734718
SCANNING,0,1762537501976943,0.823896,0.011727,-0.036096,981.301453,3.476840,16.933720,-18.734718
SCANNING,0,1762537501986943,0.821840,0.011513,-0.036040,981.328979,3.660258,16.924639,-18.734718
SCANNING,0,1762537501999414,0.819553,0.011275,-0.035978,981.355957,3.189330,16.914536,-18.734718
SCANNING,0,1762537502007914,0.817280,0.011038,-0.035917,981.382568,2.598193,16.904495,-18.734718
SCANNING,0,1762537502016994,0.815186,0.010819,-0.035860,981.403809,1.538086,16.895243,-18.734718
SCANNING,0,1762537502027915,0.792143,0.008418,-0.035236,981.430298,1.236898,16.886667,-18.641500
SCANNING,0,1762537502050407,0.788335,0.008021,-0.035133,981.486755,1.374809,16.869848,-18.641500
SCANNING,0,1762537502058424,0.786253,0.007804,-0.035077,981.516479,2.244246,16.860649,-18.641500
SCANNING,1762537502070159,1762537502067909,0.784006,0.007570,-0.035016,981.540710,1.729614,16.850723,-18.641500
SCANNING,0,1762537502076950,0.781790,0.007437,-0.034889,981.568665,3.757851,16.840792,-18.641500
SCANNING,0,1762537502087005,0.779718,0.007313,-0.034770,981.598450,3.326674,16.831509,-18.641500
SCANNING,0,1762537502098373,0.777778,0.007197,-0.034659,981.625244,4.131587,16.822815,-18.641500
SCANNING,0,1762537502107897,0.775945,0.007088,-0.034554,981.649231,3.412538,16.814600,-18.641500
SCANNING,0,1762537502116942,0.774040,0.006974,-0.034445,981.674316,3.376657,16.806065,-18.641500
SCANNING,0,1762537502127906,0.751923,0.005650,-0.033178,981.697693,3.015342,16.796980,-18.551472
SCANNING,0,1762537502150491,0.747600,0.005391,-0.032930,981.752502,4.687582,16.777609,-18.551472
SCANNING,0,1762537502158481,0.745576,0.005270,-0.032814,981.775146,4.263153,16.768536,-18.551472
SCANNING,1762537502170190,1762537502167483,0.743667,0.005156,-0.032705,981.797424,2.291773,16.759983,-18.551472
SCANNING,0,1762537502177031,0.742016,0.005058,-0.032596,981.820740,0.739185,16.751831,-18.551472
SCANNING,0,1762537502186927,0.740316,0.004958,-0.032485,981.850647,1.665134,16.743443,-18.551472
SCANNING,0,1762537502198326,0.738508,0.004850,-0.032366,981.880920,2.878839,16.734516,-18.551472
SCANNING,0,1762537502207864,0.736581,0.004736,-0.032239,981.908508,3.869520,16.725004,-18.551472
SCANNING,0,1762537502217078,0.734623,0.004620,-0.032110,981.934753,4.112789,16.715342,-18.551472
SCANNING,0,1762537502238411,0.713297,0.003357,-0.030707,981.987366,3.265295,16.698336,-18.463209
SCANNING,0,1762537502250385,0.711726,0.003264,-0.030604,982.012756,3.328938,16.690580,-18.463209
SCANNING,0,1762537502258417,0.710100,0.003168,-0.030497,982.040894,2.957177,16.682556,-18.463209
SCANNING,1762537502270153,1762537502267451,0.708364,0.003065,-0.030383,982.067993,2.520451,16.673985,-18.463209
SCANNING,0,1762537502276975,0.706357,0.002949,-0.030355,982.098755,2.080661,16.665007,-18.463209
SCANNING,0,1762537502286991,0.704285,0.002830,-0.030326,982.128601,3.490878,16.655743,-18.463209
SCANNING,0,1762537502298394,0.702356,0.002719,-0.030300,982.152039,3.355336,16.647114,-18.463209
SCANNING,0,1762537502307896,0.700540,0.002614,-0.030274,982.182190,3.644471,16.638994,-18.463209
SCANNING,0,1762537502316952,0.698784,0.002513,-0.030250,982.206604,3.094625,16.631142,-18.463209
SCANNING,0,1762537502339459,0.675990,0.001199,-0.029933,982.264404,4.223151,16.614893,-18.377514
SCANNING,0,1762537502350488,0.673979,0.001083,-0.029905,982.288696,4.594511,16.605900,-18.377514
SCANNING,0,1762537502360519,0.671892,0.000963,-0.029876,982.312927,3.814144,16.596567,-18.377514
SCANNING,1762537502370173,1762537502367541,0.670058,0.000857,-0.029851,982.340149,4.066891,16.588364,-18.377514
SCANNING,0,1762537502377055,0.670058,0.000857,-0.029851,982.367798,3.287917,16.588364,-18.377514
SCANNING,0,1762537502386033,0.668404,0.000752,-0.029812,982.394043,3.106763,16.579906,-18.377514
SCANNING,0,1762537502398475,0.665351,0.000557,-0.029740,982.420654,4.860445,16.564287,-18.377514
SCANNING,0,1762537502407029,0.663782,0.000457,-0.029703,982.447937,4.689456,16.556263,-18.377514
SCANNING,0,1762537502416659,0.662076,0.000349,-0.029663,982.473511,4.031399,16.547535,-18.377514
SCANNING,0,1762537502426890,0.643908,-0.000808,-0.029236,982.494690,2.415099,16.538004,-18.294119
SCANNING,0,1762537502450301,0.640277,-0.001039,-0.029150,982.544312,1.590456,16.519430,-18.294119
SCANNING,0,1762537502459313,0.638675,-0.001141,-0.029113,982.570862,1.532137,16.511234,-18.294119
SCANNING,1762537502470118,1762537502468342,0.637157,-0.001238,-0.029077,982.598145,0.907593,16.503471,-18.294119
SCANNING,0,1762537502476916,0.635541,-0.001195,-0.029062,982.627380,1.140174,16.495571,-18.294119
SCANNING,0,1762537502485986,0.633778,-0.001148,-0.029046,982.653564,2.324208,16.486956,-18.294119
SCANNING,0,1762537502498315,0.631880,-0.001097,-0.029028,982.675781,1.189678,16.477680,-18.294119
SCANNING,0,1762537502506912,0.629895,-0.001044,-0.029010,982.702148,2.525664,16.467976,-18.294119
SCANNING,0,1762537502515952,0.628036,-0.000994,-0.028993,982.731079,2.283603,16.458889,-18.294119
SCANNING,0,1762537502526900,0.608655,-0.000477,-0.028814,982.761719,3.678525,16.450571,-18.207712
SCANNING,0,1762537502550379,0.605398,-0.000390,-0.028784,982.807007,3.761860,16.434650,-18.207712
SCANNING,0,1762537502559388,0.603673,-0.000344,-0.028768,982.824768,1.515633,16.426220,-18.207712
SCANNING,1762537502570111,1762537502567742,0.601726,-0.000292,-0.028750,982.853394,1.700742,16.416702,-18.207712
SCANNING,0,1762537502576882,0.599607,-0.000309,-0.028916,982.884033,1.273994,16.407001,-18.207712
SCANNING,0,1762537502585928,0.597572,-0.000326,-0.029076,982.911743,2.230596,16.397682,-18.207712
SCANNING,0,1762537502598386,0.595724,-0.000340,-0.029221,982.938599,2.223927,16.389221,-18.207712
SCANNING,0,1762537502606928,0.593971,-0.000355,-0.029359,982.963318,2.100528,16.381195,-18.207712
SCANNING,0,1762537502616059,0.592215,-0.000369,-0.029497,982.991638,2.882355,16.373159,-18.207712
SCANNING,0,1762537502626921,0.570987,-0.000540,-0.031165,983.018188,1.960290,16.364489,-18.119190
SCANNING,0,1762537502657508,0.564752,-0.000590,-0.031654,983.097900,1.031210,16.335947,-18.119190
SCANNING,1762537502670054,1762537502666538,0.562936,-0.000605,-0.031797,983.127625,1.965043,16.327631,-18.119190
SCANNING,0,1762537502676072,0.561384,-0.000504,-0.031666,983.156555,2.537068,16.319592,-18.119190
SCANNING,0,1762537502685926,0.559848,-0.000405,-0.031536,983.183533,2.594236,16.311630,-18.119190
SCANNING,0,1762537502698337,0.558194,-0.000297,-0.031396,983.207214,2.396036,16.303061,-18.119190
SCANNING,0,1762537502706886,0.556409,-0.000182,-0.031245,983.237793,2.426927,16.293814,-18.119190
SCANNING,0,1762537502715965,0.554501,-0.000058,-0.031083,983.264465,2.884647,16.283932,-18.119190
SCANNING,0,1762537502726873,0.535706,0.001161,-0.029493,983.289917,2.932332,16.274462,-18.031281
SCANNING,0,1762537502750372,0.532525,0.001368,-0.029223,983.341125,2.143406,16.257984,-18.031281
SCANNING,0,1762537502759371,0.530996,0.001467,-0.029094,983.370667,2.616169,16.250059,-18.031281
SCANNING,1762537502769302,1762537502767461,0.529389,0.001571,-0.028958,983.399475,3.355484,16.241735,-18.031281
SCANNING,0,1762537502776929,0.527683,0.001693,-0.028642,983.425476,4.318860,16.232557,-18.031281
SCANNING,0,1762537502785985,0.525875,0.001822,-0.028306,983.452576,3.843782,16.222830,-18.031281
SCANNING,0,1762537502798364,0.524123,0.001947,-0.027981,983.480591,4.071190,16.213400,-18.031281
SCANNING,0,1762537502806901,0.522525,0.002062,-0.027685,983.503906,3.839276,16.204803,-18.031281
SCANNING,0,1762537502816028,0.521068,0.002166,-0.027414,983.528992,3.734238,16.196966,-18.031281
SCANNING,0,1762537502826921,0.503136,0.003448,-0.024088,983.549011,1.697915,16.189217,-17.942547
SCANNING,0,1762537502858449,0.498075,0.003809,-0.023149,983.632812,2.719031,16.161987,-17.942547
SCANNING,1762537502870187,1762537502867514,0.496232,0.003941,-0.022807,983.655212,1.388896,16.152071,-17.942547
SCANNING,0,1762537502876590,0.494340,0.004110,-0.022587,983.680969,1.540709,16.143051,-17.942547
SCANNING,0,1762537502886063,0.492556,0.004270,-0.022379,983.707642,2.204283,16.134542,-17.942547
SCANNING,0,1762537502898354,0.490848,0.004423,-0.022180,983.732422,0.258393,16.126398,-17.942547
SCANNING,0,1762537502906500,0.489067,0.004583,-0.021973,983.760437,-0.242188,16.117907,-17.942547
SCANNING,0,1762537502916114,0.487163,0.004753,-0.021751,983.790833,1.026880,16.108829,-17.942547
SCANNING,0,1762537502926910,0.466416,0.006612,-0.019335,983.815674,3.451033,16.098967,-17.853479
SCANNING,0,1762537502957459,0.460552,0.007137,-0.018652,983.887634,1.201640,16.071005,-17.853479
SCANNING,1762537502970222,1762537502966501,0.458832,0.007291,-0.018452,983.913696,1.215554,16.062805,-17.853479
SCANNING,0,1762537502976035,0.457053,0.007404,-0.018224,983.941711,1.411575,16.054100,-17.853479
SCANNING,0,1762537502985942,0.455160,0.007524,-0.017980,983.970032,2.315395,16.044834,-17.853479
SCANNING,0,1762537502998392,0.453163,0.007651,-0.017724,983.995239,1.800053,16.035059,-17.853479
SCANNING,0,1762537503006934,0.451253,0.007772,-0.017479,984.025085,2.146291,16.025711,-17.853479
SCANNING,0,1762537503016017,0.449561,0.007880,-0.017261,984.050537,2.202904,16.017427,-17.853479
SCANNING,0,1762537503039422,0.427373,0.009289,-0.014412,984.108765,3.319000,16.000517,-17.761791
SCANNING,0,1762537503050390,0.425600,0.009401,-0.014184,984.134338,2.270285,15.991841,-17.761791
SCANNING,0,1762537503059380,0.423690,0.009523,-0.013939,984.161926,2.031047,15.982493,-17.761791
SCANNING,1762537503070200,1762537503068399,0.421637,0.009653,-0.013675,984.189209,1.990382,15.972445,-17.761791
SCANNING,0,1762537503076907,0.419452,0.009533,-0.013518,984.217285,2.988865,15.962712,-17.761791
SCANNING,0,1762537503085919,0.417455,0.009423,-0.013374,984.239258,1.198782,15.953818,-17.761791
SCANNING,0,1762537503098360,0.415645,0.009324,-0.013243,984.266418,1.025637,15.945758,-17.761791
SCANNING,0,1762537503106510,0.413917,0.009229,-0.013119,984.293640,2.025937,15.938059,-17.761791
SCANNING,0,1762537503116097,0.412084,0.009128,-0.012987,984.322327,2.671903,15.929896,-17.761791
SCANNING,0,1762537503126881,0.390331,0.007932,-0.011420,984.351257,3.187544,15.920957,-17.673840
SCANNING,0,1762537503157452,0.383996,0.007583,-0.010963,984.426941,0.875780,15.892739,-17.673840
SCANNING,1762537503170176,1762537503167016,0.382078,0.007478,-0.010825,984.455811,1.701118,15.884198,-17.673840
SCANNING,0,1762537503176082,0.380192,0.007460,-0.010744,984.486572,1.942741,15.876060,-17.673840
SCANNING,0,1762537503185942,0.378170,0.007440,-0.010657,984.512512,2.261171,15.867338,-17.673840
SCANNING,0,1762537503198398,0.376007,0.007419,-0.010565,984.538330,2.788651,15.858008,-17.673840
SCANNING,0,1762537503206931,0.373757,0.007397,-0.010468,984.562744,3.770737,15.848302,-17.673840
SCANNING,0,1762537503215950,0.371458,0.007374,-0.010369,984.594238,4.669990,15.838383,-17.673840
SCANNING,0,1762537503226938,0.348424,0.007149,-0.009381,984.621582,4.654866,15.829414,-17.583437
SCANNING,0,1762537503257417,0.342521,0.007091,-0.009128,984.692322,3.391213,15.803949,-17.583437
SCANNING,1762537503270121,1762537503266988,0.340347,0.007070,-0.009035,984.721069,3.530986,15.794571,-17.583437
SCANNING,0,1762537503275995,0.338188,0.006915,-0.008677,984.745850,3.754621,15.784792,-17.583437
SCANNING,0,1762537503285977,0.336016,0.006758,-0.008317,984.768860,2.053283,15.774957,-17.583437
SCANNING,0,1762537503298402,0.334018,0.006615,-0.007986,984.791809,0.328440,15.765908,-17.583437
SCANNING,0,1762537503306472,0.332195,0.006483,-0.007684,984.822144,1.177666,15.757654,-17.583437
SCANNING,0,1762537503315983,0.330407,0.006355,-0.007388,984.849060,3.075784,15.749557,-17.583437
SCANNING,0,1762537503326988,0.308795,0.004799,-0.003806,984.878418,3.830696,15.741230,-17.493893
SCANNING,0,1762537503339573,0.306808,0.004656,-0.003477,984.903992,4.228616,15.732229,-17.493893
SCANNING,0,1762537503358731,0.302771,0.004366,-0.002808,984.954529,3.412910,15.713950,-17.493893
SCANNING,1762537503370137,1762537503367794,0.300993,0.004238,-0.002513,984.982117,3.558730,15.705897,-17.493893
SCANNING,0,1762537503376924,0.299538,0.003981,-0.002481,985.008667,3.689767,15.698690,-17.493893
SCANNING,0,1762537503386020,0.298237,0.003751,-0.002452,985.036804,3.006947,15.692248,-17.493893
SCANNING,0,1762537503398406,0.296917,0.003518,-0.002423,985.062988,3.477034,15.685706,-17.493893
SCANNING,0,1762537503406583,0.295633,0.003291,-0.002394,985.096680,4.261942,15.679348,-17.493893
SCANNING,0,1762537503416640,0.294248,0.003047,-0.002364,985.123535,4.496778,15.672488,-17.493893
SCANNING,0,1762537503438531,0.276336,-0.000116,-0.001967,985.175049,4.375676,15.659765,-17.417898
SCANNING,0,1762537503449620,0.275126,-0.000330,-0.001941,985.199341,3.396848,15.653770,-17.417898
SCANNING,0,1762537503458704,0.274095,-0.000512,-0.001918,985.228821,4.594121,15.648664,-17.417898
SCANNING,1762537503470208,1762537503467802,0.273160,-0.000677,-0.001897,985.254944,4.785206,15.644034,-17.417898
SCANNING,0,1762537503476922,0.272265,-0.000994,-0.001830,985.280090,4.143577,15.639710,-17.417898
SCANNING,0,1762537503486054,0.271495,-0.001266,-0.001772,985.305847,4.255582,15.635996,-17.417898
SCANNING,0,1762537503498381,0.270724,-0.001540,-0.001714,985.333130,4.170334,15.632269,-17.417898
SCANNING,0,1762537503506557,0.270069,-0.001772,-0.001664,985.359253,4.195673,15.629109,-17.417898
SCANNING,0,1762537503516695,0.269379,-0.002016,-0.001612,985.382996,2.859165,15.625774,-17.417898
SCANNING,0,1762537503538586,0.258789,-0.005767,-0.000815,985.430054,1.425956,15.620317,-17.372217
SCANNING,0,1762537503549576,0.258267,-0.005952,-0.000776,985.458862,1.541208,15.617795,-17.372217
SCANNING,0,1762537503558678,0.257823,-0.006109,-0.000743,985.486389,1.453442,15.615650,-17.372217
SCANNING,1762537503570118,1762537503567744,0.257441,-0.006244,-0.000714,985.515808,1.826755,15.613807,-17.372217
SCANNING,0,1762537503576833,0.257019,-0.006167,-0.000805,985.540833,2.371556,15.612190,-17.372217
SCANNING,0,1762537503585979,0.256640,-0.006097,-0.000886,985.567444,4.038926,15.610738,-17.372217
SCANNING,0,1762537503598502,0.256303,-0.006036,-0.000958,985.596252,3.780193,15.609450,-17.372217
SCANNING,0,1762537503606547,0.256076,-0.005994,-0.001007,985.624634,3.663065,15.608578,-17.372217
SCANNING,0,1762537503616616,0.255966,-0.005974,-0.001031,985.648560,3.546820,15.608160,-17.372217
SCANNING,0,1762537503637488,0.252350,-0.005313,-0.001808,985.695496,3.007770,15.608356,-17.357464
SCANNING,0,1762537503658656,0.252350,-0.005313,-0.001808,985.751526,4.764850,15.608690,-17.357464
SCANNING,1762537503670166,1762537503666729,0.252350,-0.005313,-0.001808,985.776062,3.801448,15.609064,-17.357464
SCANNING,0,1762537503675895,0.252340,-0.005084,-0.001713,985.796936,1.502308,15.609579,-17.357464
SCANNING,0,1762537503685023,0.252329,-0.004847,-0.001614,985.820435,0.544711,15.610114,-17.357464
SCANNING,0,1762537503697580,0.252319,-0.004640,-0.001527,985.850769,1.386936,15.610581,-17.357464
SCANNING,0,1762537503706665,0.252312,-0.004485,-0.001463,985.882812,2.736266,15.610930,-17.357464
SCANNING,0,1762537503715801,0.252307,-0.004375,-0.001417,985.909790,4.376117,15.611177,-17.357464
SCANNING,0,1762537503730094,0.252272,-0.003596,-0.001092,985.936523,4.610736,15.611277,-17.359188
SCANNING,0,1762537503738845,0.252272,-0.003596,-0.001092,985.961304,3.333948,15.611277,-17.359188
SCANNING,0,1762537503758455,0.252272,-0.003596,-0.001092,986.014221,3.849821,15.611222,-17.359188
SCANNING,1762537503770210,1762537503766535,0.252272,-0.003596,-0.001092,986.041138,2.050350,15.611208,-17.359188
SCANNING,0,1762537503776690,0.252272,-0.003596,-0.001092,986.069824,2.689825,15.611199,-17.359188
SCANNING,0,1762537503785818,0.252272,-0.003596,-0.001092,986.099976,4.108693,15.611197,-17.359188
SCANNING,0,1762537503797447,0.252272,-0.003596,-0.001092,986.126099,3.588271,15.611200,-17.359188
SCANNING,0,1762537503805577,0.252272,-0.003596,-0.001092,986.153320,3.892821,15.611198,-17.359188
SCANNING,0,1762537503815648,0.252272,-0.003596,-0.001092,986.180176,3.441910,15.611199,-17.359188
SCANNING,0,1762537503825948,0.253964,-0.004068,-0.002150,986.205994,3.277095,15.611198,-17.359268
SCANNING,0,1762537503839255,0.253940,-0.004062,-0.002135,986.234924,3.172541,15.611197,-17.359268
SCANNING,0,1762537503856467,0.253964,-0.004068,-0.002150,986.287415,3.355267,15.611198,-17.359268
SCANNING,1762537503870241,1762537503866576,0.253988,-0.004075,-0.002165,986.314148,3.203410,15.611199,-17.359268
SCANNING,0,1762537503875673,0.254089,-0.003278,-0.002488,986.340576,3.209883,15.611198,-17.359268
SCANNING,0,1762537503885016,0.253988,-0.004075,-0.002165,986.368286,2.935582,15.611200,-17.359268
SCANNING,0,1762537503897391,0.254089,-0.003278,-0.002488,986.395691,3.987522,15.611198,-17.359268
SCANNING,0,1762537503905655,0.253988,-0.004075,-0.002165,986.419373,4.336872,15.611203,-17.359268
SCANNING,0,1762537503915639,0.253988,-0.004075,-0.002165,986.447693,4.785821,15.611202,-17.359268
SCANNING,0,1762537503937778,0.254089,-0.003278,-0.002488,986.495056,2.848021,15.611202,-17.359264
SCANNING,0,1762537503949296,0.254394,-0.000888,-0.003456,986.521301,1.795984,15.611199,-17.359264
SCANNING,0,1762537503958432,0.253988,-0.004075,-0.002165,986.544800,1.186466,15.611203,-17.359264
SCANNING,1762537503970124,1762537503967422,0.254394,-0.000888,-0.003456,986.571472,1.381516,15.611199,-17.359264
SCANNING,0,1762537503975619,0.254394,-0.000888,-0.003456,986.597290,0.424593,15.611199,-17.359264
SCANNING,0,1762537503985635,0.254394,-0.000888,-0.003456,986.626953,1.269105,15.611202,-17.359264
SCANNING,0,1762537503997456,0.254394,-0.000888,-0.003456,986.653625,1.836137,15.611201,-17.359264
SCANNING,0,1762537504005583,0.254394,-0.000888,-0.003456,986.678894,1.897595,15.611203,-17.359264
SCANNING,0,1762537504015702,0.254394,-0.000888,-0.003456,986.703430,1.999166,15.611201,-17.359264
SCANNING,0,1762537504037751,0.254124,-0.003754,-0.005764,986.763611,2.395993,15.611196,-17.359259
SCANNING,0,1762537504048760,0.254259,-0.002321,-0.004610,986.787476,3.160234,15.611202,-17.359259
SCANNING,0,1762537504058310,0.254124,-0.003754,-0.005764,986.805603,2.898291,15.611200,-17.359259
SCANNING,1762537504070057,1762537504067415,0.254124,-0.003754,-0.005764,986.825806,1.626909,15.611200,-17.359259
SCANNING,0,1762537504075955,0.254124,-0.003754,-0.005764,986.855408,1.917076,15.611200,-17.359259
SCANNING,0,1762537504085569,0.254789,-0.004064,-0.007143,986.886353,1.708076,15.611204,-17.359259
SCANNING,0,1762537504097410,0.254456,-0.003909,-0.006454,986.910706,0.897804,15.611202,-17.359259
SCANNING,0,1762537504105554,0.254789,-0.004064,-0.007143,986.940491,2.017828,15.611204,-17.359259
SCANNING,0,1762537504115595,0.254456,-0.003909,-0.006454,986.965393,2.214605,15.611202,-17.359259
SCANNING,0,1762537504137786,0.255287,-0.004296,-0.008178,987.020264,2.505118,15.611200,-17.359266
SCANNING,0,1762537504149266,0.255786,-0.004528,-0.009212,987.045776,1.872076,15.611203,-17.359266
SCANNING,0,1762537504158400,0.255786,-0.004528,-0.009212,987.073120,2.102437,15.611204,-17.359266
SCANNING,1762537504170145,1762537504167440,0.255786,-0.004528,-0.009212,987.098999,1.168381,15.611203,-17.359266
SCANNING,0,1762537504175573,0.255766,-0.004507,-0.010455,987.129456,1.557488,15.611204,-17.359266
SCANNING,0,1762537504185639,0.255786,-0.004528,-0.009212,987.157410,1.741086,15.611203,-17.359266
SCANNING,0,1762537504197495,0.255746,-0.004486,-0.011698,987.184387,1.559411,15.611205,-17.359266
SCANNING,0,1762537504206516,0.255766,-0.004507,-0.010455,987.210632,2.578353,15.611204,-17.359266
SCANNING,0,1762537504215650,0.255786,-0.004528,-0.009212,987.235535,0.482967,15.611203,-17.359266
SCANNING,0,1762537504237722,0.255746,-0.004486,-0.011698,987.288391,1.136495,15.611213,-17.359264
SCANNING,0,1762537504249237,0.255746,-0.004486,-0.011698,987.316711,1.865959,15.611208,-17.359264
SCANNING,0,1762537504257814,0.255746,-0.004486,-0.011698,987.340698,1.118741,15.611210,-17.359264
SCANNING,1762537504270153,1762537504267382,0.255746,-0.004486,-0.011698,987.371704,2.261125,15.611207,-17.359264
SCANNING,0,1762537504275547,0.256551,-0.004124,-0.012173,987.398621,2.806188,15.611206,-17.359264
SCANNING,0,1762537504285583,0.257355,-0.003763,-0.012648,987.426331,4.056850,15.611205,-17.359264
SCANNING,0,1762537504297408,0.257355,-0.003763,-0.012648,987.451172,3.868104,15.611202,-17.359264
SCANNING,0,1762537504305543,0.255746,-0.004486,-0.011698,987.478516,4.475566,15.611207,-17.359264
SCANNING,0,1762537504315677,0.255746,-0.004486,-0.011698,987.500305,3.618272,15.611207,-17.359264
SCANNING,0,1762537504337790,0.257355,-0.003763,-0.012648,987.546509,1.443927,15.611204,-17.359264
SCANNING,0,1762537504349297,0.255746,-0.004486,-0.011698,987.575012,2.039715,15.611207,-17.359264
SCANNING,0,1762537504358383,0.257355,-0.003763,-0.012648,987.601379,2.145962,15.611204,-17.359264
SCANNING,1762537504370213,1762537504367440,0.257355,-0.003763,-0.012648,987.630859,2.016577,15.611205,-17.359264
SCANNING,0,1762537504375563,0.256693,-0.003946,-0.012465,987.654663,1.136541,15.611202,-17.359264
SCANNING,0,1762537504385629,0.257355,-0.003763,-0.012648,987.679382,1.257298,15.611210,-17.359264
SCANNING,0,1762537504397491,0.257355,-0.003763,-0.012648,987.706421,1.805259,15.611209,-17.359264
SCANNING,0,1762537504406571,0.257355,-0.003763,-0.012648,987.733276,0.635231,15.611207,-17.359264
SCANNING,0,1762537504415678,0.257355,-0.003763,-0.012648,987.762268,0.527940,15.611208,-17.359264
SCANNING,0,1762537504425945,0.254267,-0.004618,-0.011796,987.790771,1.573322,15.611204,-17.359251
SCANNING,0,1762537504438760,0.254929,-0.004435,-0.011978,987.817078,2.983795,15.611207,-17.359251
SCANNING,0,1762537504456460,0.255370,-0.004313,-0.012100,987.864014,3.126464,15.611209,-17.359251
SCANNING,1762537504470087,1762537504465622,0.253826,-0.004740,-0.011674,987.890564,1.810028,15.611202,-17.359251
SCANNING,0,1762537504475666,0.253438,-0.004643,-0.011721,987.913574,1.217811,15.611204,-17.359251
SCANNING,0,1762537504485021,0.253243,-0.004594,-0.011745,987.944397,2.545497,15.611205,-17.359251
SCANNING,0,1762537504497436,0.253438,-0.004643,-0.011721,987.970093,1.881487,15.611204,-17.359251
SCANNING,0,1762537504505620,0.253826,-0.004740,-0.011674,987.996460,1.832586,15.611202,-17.359251
SCANNING,0,1762537504515728,0.253049,-0.004545,-0.011768,988.029236,3.302198,15.611206,-17.359251
SCANNING,0,1762537504537605,0.250913,-0.004010,-0.012028,988.082214,3.853466,15.611206,-17.359264
SCANNING,0,1762537504548654,0.250913,-0.004010,-0.012028,988.112488,4.135126,15.611206,-17.359264
SCANNING,0,1762537504557723,0.250913,-0.004010,-0.012028,988.138428,2.959343,15.611207,-17.359264
SCANNING,1762537504570200,1762537504566751,0.250913,-0.004010,-0.012028,988.164124,2.563591,15.611204,-17.359264
SCANNING,0,1762537504575834,0.250128,-0.004435,-0.013529,988.191101,2.296965,15.611206,-17.359264
SCANNING,0,1762537504585099,0.250128,-0.004435,-0.013529,988.221436,3.764737,15.611205,-17.359264
SCANNING,0,1762537504597457,0.250128,-0.004435,-0.013529,988.242615,2.312483,15.611208,-17.359264
SCANNING,0,1762537504605568,0.250128,-0.004435,-0.013529,988.270630,2.251038,15.611206,-17.359264
SCANNING,0,1762537504615624,0.250128,-0.004435,-0.013529,988.299622,3.161478,15.611206,-17.359264
SCANNING,0,1762537504637722,0.250913,-0.004010,-0.012028,988.355408,3.614795,15.611200,-17.359264
SCANNING,0,1762537504656473,0.250128,-0.004435,-0.013529,988.401733,1.012983,15.611205,-17.359264
SCANNING,1762537504670188,1762537504665606,0.250128,-0.004435,-0.013529,988.427917,0.719231,15.611205,-17.359264
SCANNING,0,1762537504675684,0.251073,-0.004987,-0.012989,988.457825,1.398188,15.611203,-17.359264
SCANNING,0,1762537504685035,0.250601,-0.004711,-0.013259,988.487244,1.474005,15.611204,-17.359264
SCANNING,0,1762537504697423,0.250128,-0.004435,-0.013529,988.513977,1.996060,15.611208,-17.359264
SCANNING,0,1762537504705522,0.250128,-0.004435,-0.013529,988.540649,2.532935,15.611208,-17.359264
SCANNING,0,1762537504715614,0.250601,-0.004711,-0.013259,988.564392,3.001429,15.611204,-17.359264
SCANNING,0,1762537504737551,0.250128,-0.004435,-0.013529,988.622742,4.099095,15.611208,-17.359261
SCANNING,0,1762537504748642,0.250128,-0.004435,-0.013529,988.648376,4.018594,15.611208,-17.359261
SCANNING,0,1762537504757614,0.251546,-0.005263,-0.012719,988.671082,4.163416,15.611205,-17.359261
SCANNING,1762537504769179,1762537504766648,0.252018,-0.005539,-0.012449,988.695435,3.110074,15.611204,-17.359261
SCANNING,0,1762537504775716,0.252268,-0.005540,-0.012342,988.723694,4.186320,15.611207,-17.359261
SCANNING,0,1762537504785001,0.252351,-0.005541,-0.012306,988.748047,4.342167,15.611210,-17.359261
SCANNING,0,1762537504797538,0.252101,-0.005539,-0.012413,988.772217,3.262300,15.611205,-17.359261
SCANNING,0,1762537504806547,0.252351,-0.005541,-0.012306,988.794189,1.705075,15.611212,-17.359261
SCANNING,0,1762537504815692,0.252018,-0.005539,-0.012449,988.821716,1.091251,15.611204,-17.359261
SCANNING,0,1762537504837616,0.252351,-0.005541,-0.012306,988.879333,3.494711,15.611207,-17.359262
SCANNING,0,1762537504848689,0.252184,-0.005540,-0.012378,988.904053,3.594895,15.611205,-17.359262
SCANNING,0,1762537504857715,0.252351,-0.005541,-0.012306,988.931030,4.659266,15.611207,-17.359262
SCANNING,1762537504870135,1762537504866903,0.252351,-0.005541,-0.012306,988.957947,4.186052,15.611207,-17.359262
SCANNING,0,1762537504875921,0.252351,-0.005541,-0.012306,988.985168,4.301481,15.611202,-17.359262
SCANNING,0,1762537504885008,0.252351,-0.005541,-0.012306,989.012573,3.889770,15.611204,-17.359262
SCANNING,0,1762537504897458,0.252351,-0.005541,-0.012306,989.039978,3.132585,15.611205,-17.359262
SCANNING,0,1762537504905568,0.252351,-0.005541,-0.012306,989.067627,3.716539,15.611205,-17.359262
SCANNING,0,1762537504915593,0.252351,-0.005541,-0.012306,989.096802,3.641430,15.611203,-17.359262
SCANNING,0,1762537504937515,0.252479,-0.005088,-0.012368,989.148865,3.790568,15.611204,-17.359266
SCANNING,0,1762537504957750,0.252351,-0.005541,-0.012306,989.199890,3.126907,15.611203,-17.359266
SCANNING,1762537504970135,1762537504965801,0.252736,-0.004182,-0.012492,989.231750,4.641001,15.611206,-17.359266
SCANNING,0,1762537504974941,0.253213,-0.002295,-0.012234,989.258667,5.200303,15.611213,-17.359266
SCANNING,0,1762537504985059,0.253213,-0.002295,-0.012234,989.283020,4.815211,15.611213,-17.359266
SCANNING,0,1762537504996706,0.252736,-0.004182,-0.012492,989.310242,5.020631,15.611205,-17.359266
SCANNING,0,1762537505005791,0.252804,-0.003912,-0.012455,989.335205,3.878717,15.611207,-17.359266
SCANNING,0,1762537505014894,0.253077,-0.002834,-0.012308,989.365601,4.919504,15.611211,-17.359266
SCANNING,0,1762537505024994,0.253213,-0.002295,-0.012234,989.388550,3.338797,15.611208,-17.359272
SCANNING,0,1762537505037777,0.253145,-0.002565,-0.012271,989.412537,3.634428,15.611206,-17.359272
SCANNING,0,1762537505057462,0.253145,-0.002565,-0.012271,989.463074,2.820482,15.611206,-17.359272
SCANNING,1762537505069238,1762537505065569,0.253213,-0.002295,-0.012234,989.488647,1.265471,15.611207,-17.359272
SCANNING,0,1762537505075679,0.253213,-0.002295,-0.012234,989.516602,1.433109,15.611209,-17.359272
SCANNING,0,1762537505084813,0.253213,-0.002295,-0.012234,989.542297,1.995145,15.611214,-17.359272
SCANNING,0,1762537505096438,0.253213,-0.002295,-0.012234,989.569214,3.224703,15.611210,-17.359272
SCANNING,0,1762537505104628,0.253213,-0.002295,-0.012234,989.598450,2.544104,15.611208,-17.359272
SCANNING,0,1762537505114641,0.253213,-0.002295,-0.012234,989.625000,2.130649,15.611209,-17.359272
SCANNING,0,1762537505124943,0.254520,-0.002919,-0.013014,989.651367,2.944462,15.611208,-17.359264
SCANNING,0,1762537505137732,0.253586,-0.002473,-0.012457,989.676941,2.989830,15.611213,-17.359264
SCANNING,0,1762537505157339,0.255080,-0.003187,-0.013349,989.730896,3.629615,15.611205,-17.359264
SCANNING,1762537505170123,1762537505166425,0.255267,-0.003276,-0.013460,989.758362,4.882745,15.611204,-17.359264
SCANNING,0,1762537505174552,0.255267,-0.003276,-0.013460,989.783386,4.373438,15.611202,-17.359264
SCANNING,0,1762537505184610,0.255267,-0.003276,-0.013460,989.802124,3.119308,15.611205,-17.359264
SCANNING,0,1762537505196459,0.255267,-0.003276,-0.013460,989.823425,1.054055,15.611209,-17.359264
SCANNING,0,1762537505205548,0.255267,-0.003276,-0.013460,989.851501,1.554950,15.611207,-17.359264
SCANNING,0,1762537505214628,0.255267,-0.003276,-0.013460,989.882874,1.826469,15.611207,-17.359264
SCANNING,0,1762537505236757,0.255267,-0.003276,-0.013460,989.937317,2.439487,15.611204,-17.359262
SCANNING,0,1762537505248333,0.255267,-0.003276,-0.013460,989.963013,2.669196,15.611206,-17.359262
SCANNING,0,1762537505257398,0.255267,-0.003276,-0.013460,989.990051,2.744711,15.611206,-17.359262
SCANNING,1762537505270149,1762537505266482,0.255714,-0.006700,-0.012917,990.017029,2.782653,15.611206,-17.359262
SCANNING,0,1762537505274598,0.255714,-0.006700,-0.012917,990.043518,1.971042,15.611206,-17.359262
SCANNING,0,1762537505284705,0.255714,-0.006700,-0.012917,990.070435,2.210760,15.611204,-17.359262
SCANNING,0,1762537505296422,0.256062,-0.006634,-0.013094,990.098328,1.185113,15.611207,-17.359262
SCANNING,0,1762537505304608,0.257800,-0.006306,-0.013980,990.128174,2.313929,15.611217,-17.359262
SCANNING,0,1762537505314662,0.257800,-0.006306,-0.013980,990.154907,2.692635,15.611213,-17.359262
SCANNING,0,1762537505336785,0.257800,-0.006306,-0.013980,990.205322,2.371588,15.611209,-17.359266
SCANNING,0,1762537505348254,0.257800,-0.006306,-0.013980,990.237915,3.028731,15.611208,-17.359266
SCANNING,0,1762537505357364,0.257800,-0.006306,-0.013980,990.265747,3.813852,15.611210,-17.359266
SCANNING,1762537505370127,1762537505366376,0.257800,-0.006306,-0.013980,990.287720,2.477471,15.611208,-17.359266
SCANNING,0,1762537505374539,0.257800,-0.006306,-0.013980,990.315125,2.931964,15.611206,-17.359266
SCANNING,0,1762537505384659,0.257800,-0.006306,-0.013980,990.339417,2.263952,15.611206,-17.359266
SCANNING,0,1762537505396477,0.257800,-0.006306,-0.013980,990.371216,3.547418,15.611208,-17.359266
SCANNING,0,1762537505404615,0.257800,-0.006306,-0.013980,990.397461,3.694501,15.611206,-17.359266
SCANNING,0,1762537505414667,0.257800,-0.006306,-0.013980,990.422058,4.006614,15.611203,-17.359266
SCANNING,0,1762537505436813,0.257800,-0.006306,-0.013980,990.476379,4.153600,15.611207,-17.359264
SCANNING,0,1762537505448334,0.257800,-0.006306,-0.013980,990.500610,3.373994,15.611206,-17.359264
SCANNING,0,1762537505457486,0.257800,-0.006306,-0.013980,990.525269,2.902826,15.611213,-17.359264
SCANNING,0,1762537505465515,0.257800,-0.006306,-0.013980,990.548157,1.841928,15.611212,-17.359264
SCANNING,1762537505470275,1762537505474628,0.258822,-0.004681,-0.013170,990.572205,0.948728,15.611210,-17.359264
SCANNING,0,1762537505484668,0.258822,-0.004681,-0.013170,990.601990,2.342275,15.611211,-17.359264
SCANNING,0,1762537505496477,0.259638,-0.003709,-0.013850,990.629761,1.643385,15.611207,-17.359264
SCANNING,0,1762537505505552,0.259638,-0.003709,-0.013850,990.653320,1.330787,15.611207,-17.359264
SCANNING,0,1762537505514740,0.259094,-0.004357,-0.013397,990.679626,1.510626,15.611209,-17.359264
SCANNING,0,1762537505536803,0.260455,-0.002736,-0.014530,990.732544,0.809299,15.611204,-17.359261
SCANNING,0,1762537505555509,0.260455,-0.002736,-0.014530,990.790466,2.442055,15.611205,-17.359261
SCANNING,0,1762537505565562,0.260183,-0.003060,-0.014303,990.814453,4.391111,15.611208,-17.359261
SCANNING,1762537505570141,1762537505574681,0.260455,-0.002736,-0.014530,990.830872,3.233749,15.611207,-17.359261
SCANNING,0,1762537505584048,0.260455,-0.002736,-0.014530,990.859314,2.829533,15.611206,-17.359261
SCANNING,0,1762537505596493,0.260359,-0.002711,-0.015091,990.887207,1.911462,15.611208,-17.359261
SCANNING,0,1762537505604622,0.260359,-0.002711,-0.015091,990.911621,0.928398,15.611208,-17.359261
SCANNING,0,1762537505614668,0.260455,-0.002736,-0.014530,990.940430,1.607981,15.611206,-17.359261
SCANNING,0,1762537505637297,0.260073,-0.002638,-0.016772,990.992615,1.184804,15.611208,-17.359266
SCANNING,0,1762537505656545,0.260073,-0.002638,-0.016772,991.047058,1.419152,15.611208,-17.359266
SCANNING,1762537505670140,1762537505665638,0.260073,-0.002638,-0.016772,991.074768,1.961770,15.611206,-17.359266
SCANNING,0,1762537505674754,0.260073,-0.002638,-0.016772,991.101990,1.785066,15.611209,-17.359266
SCANNING,0,1762537505684064,0.260073,-0.002638,-0.016772,991.131775,1.306188,15.611209,-17.359266
SCANNING,0,1762537505696474,0.260073,-0.002638,-0.016772,991.158508,1.293901,15.611206,-17.359266
SCANNING,0,1762537505705546,0.260073,-0.002638,-0.016772,991.186462,1.738753,15.611207,-17.359266
SCANNING,0,1762537505714654,0.260073,-0.002638,-0.016772,991.213318,2.412083,15.611200,-17.359266
SCANNING,0,1762537505725003,0.260073,-0.002638,-0.016772,991.237244,0.907274,15.611202,-17.359262
SCANNING,0,1762537505737771,0.260073,-0.002638,-0.016772,991.263611,0.362108,15.611206,-17.359262
SCANNING,0,1762537505755467,0.260073,-0.002638,-0.016772,991.316833,1.058275,15.611212,-17.359262
SCANNING,0,1762537505765571,0.260073,-0.002638,-0.016772,991.346802,2.098138,15.611209,-17.359262
SCANNING,0,1762537505774732,0.260073,-0.002638,-0.016772,991.375610,1.839530,15.611205,-17.359262
SCANNING,0,1762537505784048,0.260073,-0.002638,-0.016772,991.399963,1.203637,15.611204,-17.359262
SCANNING,0,1762537505796517,0.260073,-0.002638,-0.016772,991.428101,1.108888,15.611207,-17.359262
SCANNING,0,1762537505805606,0.260073,-0.002638,-0.016772,991.456238,2.054941,15.611209,-17.359262
SCANNING,0,1762537505814681,0.260073,-0.002638,-0.016772,991.485596,3.167835,15.611208,-17.359262
KEY_PRESS_STOP,1762537505769235,1762537505765571,0.260074,-0.001575,-0.020881,991.346802,2.098138,0.000000,0.000000
MOTOR_STOPPING,0,1762537505855440,0.262029,-0.000614,-0.018225,991.538696,0.209692,15.611204,-17.359257
POST_STOP,0,1762537505864525,0.262029,-0.000614,-0.018225,991.537476,-0.354714,15.611206,-17.359257
POST_STOP,1762537505870098,1762537505874611,0.262029,-0.000614,-0.018225,991.537476,-0.296900,15.611208,-17.359257
POST_STOP,0,1762537505884060,0.262029,-0.000614,-0.018225,991.538940,0.277195,15.611207,-17.359257
POST_STOP,0,1762537505896445,0.262029,-0.000614,-0.018225,991.536987,-0.302987,15.611208,-17.359257
POST_STOP,0,1762537505905567,0.262029,-0.000614,-0.018225,991.538574,-0.013582,15.611208,-17.359257
POST_STOP,0,1762537505914717,0.261898,-0.001211,-0.018122,991.538391,-0.176420,15.611211,-17.359257
POST_STOP,0,1762537505937400,0.261767,-0.001808,-0.018020,991.538574,-0.176874,15.611209,-17.359262
POST_STOP,0,1762537505955495,0.261811,-0.001609,-0.018054,991.539429,0.489358,15.611208,-17.359262
POST_STOP,0,1762537505965525,0.261942,-0.001012,-0.018157,991.538269,0.063674,15.611205,-17.359262
POST_STOP,1762537505970131,1762537505974638,0.261593,-0.002604,-0.017883,991.537964,-0.156759,15.611213,-17.359262
POST_STOP,0,1762537505984033,0.261593,-0.002604,-0.017883,991.538879,-0.022580,15.611205,-17.359262
POST_STOP,0,1762537505996506,0.261593,-0.002604,-0.017883,991.539551,0.562986,15.611205,-17.359262
POST_STOP,0,1762537506005564,0.261593,-0.002604,-0.017883,991.539368,0.289926,15.611203,-17.359262
POST_STOP,0,1762537506014682,0.261593,-0.002604,-0.017883,991.537292,-0.516501,15.611209,-17.359262
POST_STOP,0,1762537506036579,0.261593,-0.002604,-0.017883,991.538879,-0.070509,15.611208,-17.359264
POST_STOP,0,1762537506047638,0.261593,-0.002604,-0.017883,991.539185,0.004463,15.611208,-17.359264
POST_STOP,0,1762537506056668,0.261593,-0.002604,-0.017883,991.537659,-0.346055,15.611207,-17.359264
POST_STOP,1762537506070085,1762537506065715,0.261691,-0.003894,-0.017097,991.537537,-0.451711,15.611215,-17.359264
POST_STOP,0,1762537506074843,0.261691,-0.003894,-0.017097,991.539062,0.079441,15.611206,-17.359264
POST_STOP,0,1762537506084019,0.261691,-0.003894,-0.017097,991.539368,0.067732,15.611211,-17.359264
POST_STOP,0,1762537506096535,0.261691,-0.003894,-0.017097,991.538452,-0.242438,15.611209,-17.359264
POST_STOP,0,1762537506105608,0.261691,-0.003894,-0.017097,991.537903,-0.149987,15.611209,-17.359264
POST_STOP,0,1762537506114790,0.261691,-0.003894,-0.017097,991.539124,0.144956,15.611207,-17.359264
POST_STOP,0,1762537506136641,0.261691,-0.003894,-0.017097,991.538574,-0.014616,15.611208,-17.359270
POST_STOP,0,1762537506147734,0.261691,-0.003894,-0.017097,991.539551,0.281796,15.611209,-17.359270
POST_STOP,0,1762537506156741,0.261680,-0.005138,-0.013060,991.539368,0.266088,15.611213,-17.359270
POST_STOP,1762537506169213,1762537506165761,0.261680,-0.005138,-0.013060,991.538757,-0.080615,15.611212,-17.359270
POST_STOP,0,1762537506174871,0.261409,-0.005407,-0.013599,991.539429,0.143377,15.611207,-17.359270
POST_STOP,0,1762537506184081,0.261354,-0.005461,-0.013707,991.538879,0.210490,15.611206,-17.359270
POST_STOP,0,1762537506196510,0.261191,-0.005622,-0.014031,991.538208,-0.098276,15.611203,-17.359270
POST_STOP,0,1762537506205537,0.261300,-0.005514,-0.013815,991.539307,0.431841,15.611205,-17.359270
POST_STOP,0,1762537506214614,0.261409,-0.005407,-0.013599,991.539917,0.531650,15.611207,-17.359270
POST_STOP,0,1762537506237483,0.260757,-0.006052,-0.014894,991.537476,-0.771047,15.611204,-17.359261
POST_STOP,0,1762537506256681,0.260757,-0.006052,-0.014894,991.539917,0.535295,15.611201,-17.359261
POST_STOP,0,1762537506264691,0.260757,-0.006052,-0.014894,991.538757,0.175233,15.611202,-17.359261
POST_STOP,1762537506270085,1762537506273851,0.260757,-0.006052,-0.014894,991.539062,-0.280545,15.611204,-17.359261
POST_STOP,0,1762537506283026,0.258353,-0.008071,-0.013445,991.538635,-0.083145,15.611210,-17.359261
POST_STOP,0,1762537506294107,0.259956,-0.006725,-0.014411,991.536682,-0.880601,15.611206,-17.359261
POST_STOP,0,1762537506303695,0.260356,-0.006388,-0.014653,991.538086,-0.359749,15.611205,-17.359261
POST_STOP,0,1762537506313013,0.260356,-0.006388,-0.014653,991.538879,0.264813,15.611205,-17.359261
POST_STOP,0,1762537506323048,0.259154,-0.007398,-0.013928,991.539307,-0.027998,15.611203,-17.359266
POST_STOP,0,1762537506336817,0.257952,-0.008407,-0.013204,991.539673,0.195157,15.611210,-17.359266
POST_STOP,0,1762537506354525,0.258353,-0.008071,-0.013445,991.539124,-0.169952,15.611205,-17.359266
POST_STOP,0,1762537506364049,0.257952,-0.008407,-0.013204,991.538574,-0.242687,15.611208,-17.359266
POST_STOP,1762537506369303,1762537506373620,0.257952,-0.008407,-0.013204,991.538025,-0.897466,15.611206,-17.359266
POST_STOP,0,1762537506382852,0.257952,-0.008407,-0.013204,991.539978,0.439616,15.611206,-17.359266
POST_STOP,0,1762537506394047,0.257952,-0.008407,-0.013204,991.538818,-0.055585,15.611209,-17.359266
POST_STOP,0,1762537506403690,0.257952,-0.008407,-0.013204,991.539795,0.167603,15.611204,-17.359266
POST_STOP,0,1762537506412761,0.257952,-0.008407,-0.013204,991.539062,0.139650,15.611205,-17.359266
POST_STOP,0,1762537506423050,0.257952,-0.008407,-0.013204,991.540039,0.096797,15.611207,-17.359264
POST_STOP,0,1762537506436738,0.257952,-0.008407,-0.013204,991.540161,0.490398,15.611211,-17.359264
POST_STOP,0,1762537506454477,0.257952,-0.008407,-0.013204,991.540161,0.391015,15.611206,-17.359264
POST_STOP,0,1762537506463570,0.257952,-0.008407,-0.013204,991.540466,0.381081,15.611209,-17.359264
POST_STOP,1762537506470054,1762537506473115,0.259421,-0.009206,-0.014227,991.540100,0.230723,15.611208,-17.359264
POST_STOP,0,1762537506482702,0.257720,-0.005903,-0.013121,991.539917,0.007772,15.611217,-17.359264
POST_STOP,0,1762537506494057,0.257720,-0.005903,-0.013121,991.540100,-0.313601,15.611211,-17.359264
POST_STOP,0,1762537506503115,0.259421,-0.009206,-0.014227,991.539124,-0.117250,15.611206,-17.359264
POST_STOP,0,1762537506512807,0.259421,-0.009206,-0.014227,991.539001,-0.457138,15.611205,-17.359264
POST_STOP,0,1762537506534792,0.257720,-0.005903,-0.013121,991.540649,0.391724,15.611206,-17.359268
POST_STOP,0,1762537506547273,0.257720,-0.005903,-0.013121,991.539490,-0.035219,15.611208,-17.359268
POST_STOP,0,1762537506554460,0.257720,-0.005903,-0.013121,991.538940,-0.089040,15.611209,-17.359268
POST_STOP,0,1762537506563951,0.257720,-0.005903,-0.013121,991.539551,-0.180477,15.611206,-17.359268
POST_STOP,1762537506569378,1762537506573079,0.257720,-0.005903,-0.013121,991.539551,-0.010237,15.611206,-17.359268
POST_STOP,0,1762537506582881,0.257720,-0.005903,-0.013121,991.538513,-0.259050,15.611208,-17.359268
POST_STOP,0,1762537506594083,0.258553,-0.006722,-0.013905,991.540344,0.080120,15.611202,-17.359268
POST_STOP,0,1762537506603157,0.257720,-0.005903,-0.013121,991.538940,-0.147915,15.611211,-17.359268
POST_STOP,0,1762537506612867,0.257720,-0.005903,-0.013121,991.539490,-0.097733,15.611207,-17.359268
POST_STOP,0,1762537506634760,0.258553,-0.006722,-0.013905,991.540100,-0.084163,15.611205,-17.359264
POST_STOP,0,1762537506653558,0.257720,-0.005903,-0.013121,991.540588,0.228479,15.611213,-17.359264
POST_STOP,0,1762537506663119,0.257720,-0.005903,-0.013121,991.539795,-0.154887,15.611213,-17.359264
POST_STOP,1762537506670105,1762537506672777,0.258553,-0.006722,-0.013905,991.539673,-0.019492,15.611208,-17.359264
POST_STOP,0,1762537506682079,0.258553,-0.006722,-0.013905,991.540833,0.331816,15.611206,-17.359264
POST_STOP,0,1762537506694059,0.258553,-0.006722,-0.013905,991.541565,0.635043,15.611206,-17.359264
POST_STOP,0,1762537506703747,0.259035,-0.006374,-0.013770,991.540405,0.296260,15.611209,-17.359264
POST_STOP,0,1762537506712828,0.261445,-0.004634,-0.013093,991.540222,0.117511,15.611214,-17.359264
POST_STOP,0,1762537506734757,0.260481,-0.005330,-0.013364,991.540771,0.438960,15.611208,-17.359268
POST_STOP,0,1762537506747247,0.260963,-0.004982,-0.013228,991.539856,-0.229206,15.611209,-17.359268
POST_STOP,0,1762537506754445,0.261445,-0.004634,-0.013093,991.540039,0.267240,15.611212,-17.359268
POST_STOP,1762537506768344,1762537506763925,0.261445,-0.004634,-0.013093,991.539490,-0.236945,15.611210,-17.359268
POST_STOP,0,1762537506773088,0.261445,-0.004634,-0.013093,991.541016,0.494272,15.611206,-17.359268
POST_STOP,0,1762537506782722,0.261445,-0.004634,-0.013093,991.539612,0.097347,15.611208,-17.359268
POST_STOP,0,1762537506794041,0.259175,-0.004146,-0.015677,991.539368,0.001918,15.611213,-17.359268
POST_STOP,0,1762537506803177,0.259175,-0.004146,-0.015677,991.540771,-0.083605,15.611213,-17.359268
POST_STOP,0,1762537506812805,0.261445,-0.004634,-0.013093,991.539612,-0.167305,15.611208,-17.359268
POST_STOP,0,1762537506824767,0.261445,-0.004634,-0.013093,991.540894,0.581899,15.611205,-17.359268
POST_STOP,0,1762537506836871,0.261445,-0.004634,-0.013093,991.539124,-0.286797,15.611210,-17.359268
POST_STOP,0,1762537506854472,0.258418,-0.003983,-0.016538,991.538940,-0.370431,15.611214,-17.359268
POST_STOP,1762537506868376,1762537506863982,0.258418,-0.003983,-0.016538,991.541016,0.462531,15.611214,-17.359268
POST_STOP,0,1762537506873216,0.258380,-0.004505,-0.017660,991.540405,0.392521,15.611210,-17.359268
POST_STOP,0,1762537506882792,0.258380,-0.004505,-0.017660,991.539795,0.183001,15.611210,-17.359268
POST_STOP,0,1762537506894042,0.258351,-0.004897,-0.018501,991.540710,0.188715,15.611207,-17.359268
POST_STOP,0,1762537506903645,0.258370,-0.004636,-0.017940,991.540344,-0.231453,15.611209,-17.359268
POST_STOP,0,1762537506912857,0.258370,-0.004636,-0.017940,991.540100,0.208088,15.611209,-17.359268
POST_STOP,0,1762537506923099,0.258313,-0.005419,-0.019623,991.540527,0.136844,15.611210,-17.359261
POST_STOP,0,1762537506936778,0.258313,-0.005419,-0.019623,991.540161,0.155215,15.611210,-17.359261
POST_STOP,0,1762537506956325,0.258303,-0.005550,-0.019903,991.541687,0.608204,15.611208,-17.359261
POST_STOP,0,1762537506963954,0.258322,-0.005289,-0.019342,991.539612,0.008698,15.611211,-17.359261
POST_STOP,1762537506969291,1762537506973037,0.258303,-0.005550,-0.019903,991.539429,-0.042248,15.611209,-17.359261
POST_STOP,0,1762537506982133,0.257623,-0.003360,-0.021770,991.540771,0.319431,15.611205,-17.359261
POST_STOP,0,1762537506994042,0.257623,-0.003360,-0.021770,991.540039,0.082951,15.611205,-17.359261
POST_STOP,0,1762537507003130,0.257963,-0.004455,-0.020837,991.540039,-0.191878,15.611207,-17.359261
POST_STOP,0,1762537507012774,0.257623,-0.003360,-0.021770,991.541870,0.755101,15.611205,-17.359261
POST_STOP,0,1762537507023044,0.258133,-0.005003,-0.020370,991.539917,-0.025154,15.611210,-17.359259
POST_STOP,0,1762537507036763,0.257623,-0.003360,-0.021770,991.540039,0.228773,15.611207,-17.359259
POST_STOP,0,1762537507053550,0.257963,-0.004455,-0.020836,991.538757,-0.554346,15.611209,-17.359259
POST_STOP,0,1762537507063098,0.257623,-0.003360,-0.021770,991.538940,-0.594411,15.611204,-17.359259
POST_STOP,1762537507069301,1762537507072697,0.257623,-0.003360,-0.021770,991.539673,-0.468920,15.611207,-17.359259
POST_STOP,0,1762537507082137,0.257623,-0.003360,-0.021770,991.539978,-0.245825,15.611207,-17.359259
POST_STOP,0,1762537507094110,0.257414,-0.003444,-0.021415,991.540710,0.120124,15.611208,-17.359259
POST_STOP,0,1762537507103697,0.256787,-0.003698,-0.020348,991.540344,0.052867,15.611211,-17.359259
POST_STOP,0,1762537507112796,0.256578,-0.003782,-0.019993,991.540100,0.119588,15.611212,-17.359259
POST_STOP,0,1762537507122918,0.256578,-0.003782,-0.019993,991.539673,-0.200110,15.611211,-17.359261
POST_STOP,0,1762537507136685,0.256996,-0.003613,-0.020704,991.540283,0.163098,15.611208,-17.359261
POST_STOP,0,1762537507154902,0.256996,-0.003613,-0.020704,991.541992,0.753042,15.611208,-17.359261
POST_STOP,0,1762537507163934,0.257623,-0.003360,-0.021770,991.540405,0.281207,15.611205,-17.359261
POST_STOP,1762537507170171,1762537507173124,0.256578,-0.003782,-0.019993,991.541016,0.086497,15.611210,-17.359261
POST_STOP,0,1762537507182134,0.256578,-0.003782,-0.019993,991.541199,-0.100675,15.611204,-17.359261
POST_STOP,0,1762537507194025,0.256578,-0.003782,-0.019993,991.539001,-0.764470,15.611209,-17.359261
POST_STOP,0,1762537507203135,0.256578,-0.003782,-0.019993,991.539978,0.104913,15.611204,-17.359261
POST_STOP,0,1762537507212804,0.256578,-0.003782,-0.019993,991.539734,-0.213014,15.611210,-17.359261
POST_STOP,0,1762537507234634,0.256578,-0.003782,-0.019993,991.540710,-0.012250,15.611207,-17.359261
POST_STOP,0,1762537507246739,0.256578,-0.003782,-0.019993,991.539734,-0.157245,15.611208,-17.359261
POST_STOP,0,1762537507254730,0.256578,-0.003782,-0.019993,991.539795,-0.212199,15.611206,-17.359261
POST_STOP,0,1762537507263876,0.256578,-0.003782,-0.019993,991.539673,-0.354706,15.611210,-17.359261
POST_STOP,1762537507270141,1762537507273048,0.255094,-0.002920,-0.018827,991.539734,-0.158003,15.611210,-17.359261
POST_STOP,0,1762537507282202,0.255094,-0.002920,-0.018827,991.540222,-0.276496,15.611208,-17.359261
POST_STOP,0,1762537507294028,0.255094,-0.002920,-0.018827,991.539795,-0.076247,15.611206,-17.359261
POST_STOP,0,1762537507303662,0.255094,-0.002920,-0.018827,991.541138,0.432486,15.611204,-17.359261
POST_STOP,0,1762537507312847,0.255094,-0.002920,-0.018827,991.540161,0.237825,15.611212,-17.359261
ARDUINO_STOP,0,1762537507273048,0.255094,-0.002920,-0.018827,991.539734,-0.158003,0.000000,0.000000
