event,fastlio_time_us,gpr_time_us,pos_x,pos_y,pos_z,gpr_position,gpr_velocity,left_position,right_position
KEY_PRESS_START,1762538995434523,1762538995435471,0.013086,0.001550,0.020073,1154.317993,0.121018,0.000000,0.000000
ARDUINO_START,0,1762538995435471,0.013086,0.001550,0.020073,1154.317993,0.121018,0.000000,0.000000
PRE_MOTOR,1762538997339286,1762538997423349,0.013050,-0.004299,0.020513,1154.317627,-0.249657,64.060677,-58.957413
PRE_MOTOR,0,1762538997432556,0.012054,-0.000438,0.017258,1154.318359,-0.015097,64.060669,-58.957413
PRE_MOTOR,1762538997439007,1762538997441593,0.012054,-0.000438,0.017258,1154.319702,0.362446,64.060669,-58.957417
PRE_MOTOR,0,1762538997451297,0.012054,-0.000438,0.017258,1154.317871,-0.535096,64.060677,-58.957413
PRE_MOTOR,0,1762538997461161,0.011296,-0.000126,0.014670,1154.318970,-0.195364,64.060669,-58.957413
PRE_MOTOR,0,1762538997471092,0.012054,-0.000438,0.017258,1154.318604,-0.241915,64.060677,-58.957409
PRE_MOTOR,0,1762538997481449,0.011296,-0.000126,0.014670,1154.317993,-0.242236,64.060669,-58.957413
PRE_MOTOR,0,1762538997491118,0.011296,-0.000126,0.014670,1154.318359,0.052204,64.060669,-58.957413
PRE_MOTOR,0,1762538997501094,0.012054,-0.000438,0.017258,1154.318848,0.292098,64.060677,-58.957413
PRE_MOTOR,0,1762538997511111,0.011296,-0.000126,0.014670,1154.318970,0.065391,64.060669,-58.957413
PRE_MOTOR,0,1762538997533294,0.012054,-0.000438,0.017258,1154.319092,-0.224146,64.060677,-58.957413
PRE_MOTOR,1762538997539358,1762538997542487,0.011296,-0.000126,0.014670,1154.317871,-0.153596,64.060669,-58.957413
PRE_MOTOR,0,1762538997551582,0.011296,-0.000126,0.014670,1154.318115,-0.055092,64.060669,-58.957413
PRE_MOTOR,0,1762538997561345,0.011296,-0.000126,0.014670,1154.320190,0.298550,64.060669,-58.957413
PRE_MOTOR,0,1762538997572457,0.011296,-0.000126,0.014670,1154.317505,-0.306720,64.060669,-58.957413
PRE_MOTOR,0,1762538997582510,0.009769,-0.000131,0.013414,1154.318359,-0.184240,64.060677,-58.957413
PRE_MOTOR,0,1762538997591678,0.009769,-0.000131,0.013414,1154.319824,0.474391,64.060677,-58.957413
PRE_MOTOR,0,1762538997601342,0.011296,-0.000126,0.014670,1154.318848,-0.076043,64.060669,-58.957413
PRE_MOTOR,0,1762538997611103,0.009769,-0.000131,0.013414,1154.319458,0.046944,64.060677,-58.957413
PRE_MOTOR,0,1762538997633214,0.011296,-0.000126,0.014670,1154.319336,0.283708,64.060669,-58.957413
PRE_MOTOR,1762538997639323,1762538997642363,0.009769,-0.000131,0.013414,1154.317505,-0.372904,64.060677,-58.957413
PRE_MOTOR,0,1762538997651468,0.008809,-0.000993,0.015017,1154.318115,-0.071312,64.060669,-58.957413
PRE_MOTOR,0,1762538997661151,0.008809,-0.000993,0.015017,1154.319214,0.175578,64.060669,-58.957413
PRE_MOTOR,0,1762538997672475,0.009769,-0.000131,0.013414,1154.319702,0.240085,64.060677,-58.957413
PRE_MOTOR,0,1762538997682594,0.008809,-0.000993,0.015017,1154.319336,0.431632,64.060669,-58.957413
PRE_MOTOR,0,1762538997691678,0.008809,-0.000993,0.015017,1154.318726,-0.043126,64.060669,-58.957413
PRE_MOTOR,0,1762538997701361,0.009769,-0.000131,0.013414,1154.320190,0.499425,64.060677,-58.957413
PRE_MOTOR,0,1762538997713580,0.008809,-0.000993,0.015017,1154.318237,0.085426,64.060669,-58.957413
PRE_MOTOR,0,1762538997733263,0.008809,-0.000993,0.015017,1154.318848,-0.092472,64.060669,-58.957413
PRE_MOTOR,1762538997738967,1762538997742522,0.008809,-0.000993,0.015017,1154.319092,0.005265,64.060669,-58.957413
PRE_MOTOR,0,1762538997751686,0.008809,-0.000993,0.015017,1154.318237,-0.210973,64.060677,-58.957413
PRE_MOTOR,0,1762538997761314,0.008809,-0.000993,0.015017,1154.319458,0.221399,64.060677,-58.957413
PRE_MOTOR,0,1762538997772448,0.008809,-0.000993,0.015017,1154.318726,-0.256518,64.060669,-58.957413
PRE_MOTOR,0,1762538997782532,0.008809,-0.000993,0.015017,1154.317017,-0.333170,64.060669,-58.957413
PRE_MOTOR,0,1762538997791655,0.008809,-0.000993,0.015017,1154.317749,-0.585894,64.060669,-58.957413
PRE_MOTOR,0,1762538997801314,0.008809,-0.000993,0.015017,1154.319580,0.282285,64.060677,-58.957413
PRE_MOTOR,0,1762538997828100,0.008809,-0.000993,0.015017,1154.317871,-0.341701,64.060669,-58.957413
PRE_MOTOR,0,1762538997833375,0.008809,-0.000993,0.015017,1154.318848,0.018803,64.060677,-58.957413
PRE_MOTOR,1762538997839377,1762538997842458,0.010502,0.000029,0.011822,1154.318604,-0.288601,64.060669,-58.957413
PRE_MOTOR,0,1762538997851619,0.010502,0.000029,0.011822,1154.319458,0.306962,64.060669,-58.957413
PRE_MOTOR,0,1762538997861326,0.010502,0.000029,0.011822,1154.319458,0.393508,64.060669,-58.957413
PRE_MOTOR,0,1762538997872463,0.010502,0.000029,0.011822,1154.318848,0.171793,64.060677,-58.957413
PRE_MOTOR,0,1762538997882471,0.010502,0.000029,0.011822,1154.319092,0.100215,64.060677,-58.957413
PRE_MOTOR,0,1762538997891659,0.010502,0.000029,0.011822,1154.318481,-0.217552,64.060669,-58.957413
PRE_MOTOR,0,1762538997901342,0.010502,0.000029,0.011822,1154.318481,-0.171768,64.060669,-58.957413
PRE_MOTOR,0,1762538997928136,0.010502,0.000029,0.011822,1154.319946,0.750077,64.060669,-58.957413
PRE_MOTOR,0,1762538997933402,0.010502,0.000029,0.011822,1154.319336,0.477111,64.060669,-58.957413
PRE_MOTOR,1762538997939215,1762538997942535,0.009521,-0.001421,0.009925,1154.317749,-0.410999,64.060669,-58.957413
PRE_MOTOR,0,1762538997951720,0.009521,-0.001421,0.009925,1154.319824,0.359078,64.060669,-58.957413
PRE_MOTOR,0,1762538997961347,0.009521,-0.001421,0.009925,1154.317871,0.019183,64.060669,-58.957413
PRE_MOTOR,0,1762538997972522,0.009521,-0.001421,0.009925,1154.318726,-0.180575,64.060669,-58.957413
PRE_MOTOR,0,1762538997982631,0.009521,-0.001421,0.009925,1154.318604,-0.088426,64.060669,-58.957413
PRE_MOTOR,0,1762538997991738,0.009521,-0.001421,0.009925,1154.318848,-0.011372,64.060669,-58.957413
PRE_MOTOR,0,1762538998001355,0.009521,-0.001421,0.009925,1154.318359,-0.149685,64.060669,-58.957413
GPR_MOTOR_START,0,1762538998028223,0.009521,-0.001421,0.009925,1154.318115,-0.152717,64.060669,-58.957413
SCANNING,1762538998038979,1762538998041688,0.010313,-0.000131,0.009046,1154.317261,0.132506,64.060677,-58.957413
SCANNING,0,1762538998051326,0.010313,-0.000131,0.009046,1154.325439,0.882988,64.060677,-58.957413
SCANNING,0,1762538998061112,0.008723,-0.000177,0.011711,1154.342407,1.283367,64.060669,-58.957413
SCANNING,0,1762538998072413,0.008723,-0.000177,0.011711,1154.371216,2.959629,64.060669,-58.957413
SCANNING,0,1762538998082660,0.008723,-0.000177,0.011711,1154.397095,3.733402,64.060669,-58.957413
SCANNING,0,1762538998091680,0.008723,-0.000177,0.011711,1154.422607,4.681125,64.060669,-58.957413
SCANNING,0,1762538998101329,0.008723,-0.000177,0.011711,1154.446533,3.649131,64.060669,-58.957413
SCANNING,0,1762538998128123,0.010313,-0.000131,0.009046,1154.493164,1.792370,64.060677,-58.957413
SCANNING,1762538998139411,1762538998137184,0.008723,-0.000177,0.011711,1154.523071,2.760619,64.060669,-58.957413
SCANNING,0,1762538998143389,0.008723,-0.000177,0.011711,1154.544556,1.203666,64.060669,-58.957413
SCANNING,0,1762538998152609,0.008723,-0.000177,0.011711,1154.572144,1.353131,64.060669,-58.957413
SCANNING,0,1762538998162307,0.008723,-0.000177,0.011711,1154.596069,-0.018672,64.060669,-58.957413
SCANNING,0,1762538998173408,0.008723,-0.000177,0.011711,1154.627686,1.339701,64.060669,-58.957413
SCANNING,0,1762538998183472,0.008723,-0.000177,0.011711,1154.652588,1.268148,64.060669,-58.957413
SCANNING,0,1762538998192601,0.008723,-0.000177,0.011711,1154.679565,1.959034,64.060669,-58.957413
SCANNING,0,1762538998202266,0.008723,-0.000177,0.011711,1154.704590,2.008892,64.060669,-58.957413
SCANNING,0,1762538998232511,0.008723,-0.000177,0.011711,1154.788574,3.439238,64.060669,-58.957413
SCANNING,1762538998239064,1762538998241651,0.009798,-0.000459,0.012088,1154.806885,3.828901,64.060677,-58.957413
SCANNING,0,1762538998251294,0.008651,0.000900,0.011956,1154.823975,1.077203,64.060669,-58.957413
SCANNING,0,1762538998260417,0.009798,-0.000459,0.012088,1154.853760,1.906532,64.060677,-58.957413
SCANNING,0,1762538998271616,0.008651,0.000900,0.011956,1154.884644,1.670539,64.060669,-58.957413
SCANNING,0,1762538998282263,0.008651,0.000900,0.011956,1154.910522,1.554466,64.060669,-58.957413
SCANNING,0,1762538998291360,0.009798,-0.000459,0.012088,1154.936401,0.891896,64.060677,-58.957413
SCANNING,0,1762538998300534,0.008651,0.000900,0.011956,1154.964722,1.833031,64.060669,-58.957413
SCANNING,0,1762538998310254,0.009798,-0.000459,0.012088,1154.990967,1.778653,64.060677,-58.957413
SCANNING,0,1762538998332622,0.008651,0.000900,0.011956,1155.046631,2.120826,64.060669,-58.957413
SCANNING,1762538998338965,1762538998342200,0.008651,0.000900,0.011956,1155.070557,1.091021,64.060669,-58.957413
SCANNING,0,1762538998351468,0.008651,0.000900,0.011956,1155.097778,0.482316,64.060669,-58.957413
SCANNING,0,1762538998360592,0.008651,0.000900,0.011956,1155.129150,1.596974,64.060669,-58.957413
SCANNING,0,1762538998372180,0.008651,0.000900,0.011956,1155.156616,1.768009,64.060669,-58.957413
SCANNING,0,1762538998382277,0.008651,0.000900,0.011956,1155.183228,1.682030,64.060669,-58.957413
SCANNING,0,1762538998391441,0.008651,0.000900,0.011956,1155.208740,1.869747,64.060669,-58.957413
SCANNING,0,1762538998400698,0.008651,0.000900,0.011956,1155.237915,1.320520,64.060669,-58.957413
SCANNING,0,1762538998413517,0.011964,0.001052,0.011728,1155.264893,1.344697,64.060677,-58.957413
SCANNING,0,1762538998432655,0.008651,0.000900,0.011956,1155.316040,1.490677,64.060669,-58.957413
SCANNING,1762538998439342,1762538998442251,0.011964,0.001052,0.011728,1155.341187,1.415544,64.060677,-58.957413
SCANNING,0,1762538998451419,0.011964,0.001052,0.011728,1155.373047,2.101662,64.060669,-58.957413
SCANNING,0,1762538998460586,0.011964,0.001052,0.011728,1155.399536,2.507583,64.060669,-58.957413
SCANNING,0,1762538998472304,0.011964,0.001052,0.011728,1155.426880,3.751004,64.060669,-58.957413
SCANNING,0,1762538998482403,0.011964,0.001052,0.011728,1155.451904,2.817841,64.060677,-58.957413
SCANNING,0,1762538998491577,0.011964,0.001052,0.011728,1155.481079,4.470112,64.060669,-58.957413
SCANNING,0,1762538998500763,0.011964,0.001052,0.011728,1155.505981,4.401874,64.060669,-58.957413
SCANNING,0,1762538998513513,0.011964,0.001052,0.011728,1155.530029,3.530461,64.060677,-58.957413
SCANNING,0,1762538998533136,0.011964,0.001052,0.011728,1155.577148,2.249137,64.060669,-58.957413
SCANNING,1762538998539352,1762538998542288,0.011803,0.002020,0.011648,1155.605225,2.693774,64.060677,-58.957413
SCANNING,0,1762538998551496,0.013253,-0.000073,0.013489,1155.631714,1.599271,64.060669,-58.957413
SCANNING,0,1762538998560666,0.013253,-0.000073,0.013489,1155.657349,1.968437,64.060669,-58.957413
SCANNING,0,1762538998572269,0.013253,-0.000073,0.013489,1155.682983,1.825158,64.060669,-58.957413
SCANNING,0,1762538998582375,0.013253,-0.000073,0.013489,1155.710693,2.577699,64.060669,-58.957413
SCANNING,0,1762538998591521,0.013253,-0.000073,0.013489,1155.734985,1.242443,64.060669,-58.957413
SCANNING,0,1762538998600734,0.013253,-0.000073,0.013489,1155.762207,0.593162,64.060669,-58.957413
SCANNING,0,1762538998613598,0.013253,-0.000073,0.013489,1155.790161,0.999828,64.060669,-58.957413
SCANNING,0,1762538998633196,0.013253,-0.000073,0.013489,1155.839966,3.914537,64.060669,-58.957413
SCANNING,1762538998639060,1762538998642347,0.013253,-0.000073,0.013489,1155.866821,3.768890,64.060669,-58.957413
SCANNING,0,1762538998651507,0.013253,-0.000073,0.013489,1155.890869,2.288095,64.060669,-58.957413
SCANNING,0,1762538998660638,0.013253,-0.000073,0.013489,1155.914307,1.554709,64.060669,-58.957413
SCANNING,0,1762538998672284,0.013253,-0.000073,0.013489,1155.943970,2.290632,64.060669,-58.957413
SCANNING,0,1762538998682409,0.013253,-0.000073,0.013489,1155.971313,2.534337,64.060669,-58.957413
SCANNING,0,1762538998691617,0.013253,-0.000073,0.013489,1155.998535,2.787109,64.060669,-58.957413
SCANNING,0,1762538998701213,0.013253,-0.000073,0.013489,1156.030029,3.654267,64.060669,-58.957413
SCANNING,0,1762538998716456,0.013253,-0.000073,0.013489,1156.054688,3.105335,64.060669,-58.957413
SCANNING,0,1762538998733216,0.013253,-0.000073,0.013489,1156.113159,4.576886,64.060669,-58.957413
SCANNING,1762538998738995,1762538998742307,0.013300,-0.001797,0.014040,1156.137817,3.181077,64.060669,-58.957413
SCANNING,0,1762538998751537,0.014489,-0.005740,0.013231,1156.163574,2.975702,64.060677,-58.957413
SCANNING,0,1762538998760667,0.014489,-0.005740,0.013231,1156.190186,2.261213,64.060677,-58.957413
SCANNING,0,1762538998772330,0.014489,-0.005740,0.013231,1156.217773,2.595454,64.060677,-58.957413
SCANNING,0,1762538998782381,0.013300,-0.001797,0.014040,1156.243530,2.773999,64.060669,-58.957413
SCANNING,0,1762538998791524,0.013300,-0.001797,0.014040,1156.268921,2.286202,64.060669,-58.957413
SCANNING,0,1762538998800696,0.013300,-0.001797,0.014040,1156.294800,1.904486,64.060669,-58.957413
SCANNING,0,1762538998813551,0.013300,-0.001797,0.014040,1156.323608,2.721807,64.060669,-58.957413
SCANNING,0,1762538998833167,0.014489,-0.005740,0.013231,1156.378784,1.977321,64.060677,-58.957413
SCANNING,1762538998838964,1762538998842329,0.014489,-0.005740,0.013231,1156.400757,0.430969,64.060677,-58.957413
SCANNING,0,1762538998851557,0.014489,-0.005740,0.013231,1156.427124,0.195009,64.060677,-58.957413
SCANNING,0,1762538998860702,0.014489,-0.005740,0.013231,1156.456909,1.910654,64.060669,-58.957413
SCANNING,0,1762538998872355,0.014489,-0.005740,0.013231,1156.486450,1.941418,64.060669,-58.957413
SCANNING,0,1762538998882431,0.014489,-0.005740,0.013231,1156.513184,2.521468,64.060677,-58.957413
SCANNING,0,1762538998891610,0.014489,-0.005740,0.013231,1156.538330,2.999546,64.060669,-58.957413
SCANNING,0,1762538998901222,0.014489,-0.005740,0.013231,1156.561279,3.042577,64.060677,-58.957413
SCANNING,0,1762538998910486,0.014489,-0.005740,0.013231,1156.594482,4.603030,64.060677,-58.957413
SCANNING,0,1762538998933305,0.014489,-0.005740,0.013231,1156.645020,3.710964,64.060677,-58.957413
SCANNING,1762538998939259,1762538998942426,0.015775,-0.005440,0.011162,1156.669312,4.006942,64.060677,-58.957413
SCANNING,0,1762538998951629,0.015775,-0.005440,0.011162,1156.694092,3.391703,64.060677,-58.957413
SCANNING,0,1762538998961171,0.015775,-0.005440,0.011162,1156.724487,4.224196,64.060677,-58.957413
SCANNING,0,1762538998972349,0.016218,-0.006044,0.007467,1156.751587,5.093711,64.060669,-58.957413
SCANNING,0,1762538998982445,0.016218,-0.006044,0.007467,1156.771851,3.475081,64.060669,-58.957413
SCANNING,0,1762538998991642,0.016218,-0.006044,0.007467,1156.793213,1.317394,64.060669,-58.957413
SCANNING,0,1762538999001270,0.016218,-0.006044,0.007467,1156.821289,1.281933,64.060669,-58.957413
SCANNING,0,1762538999013606,0.016218,-0.006044,0.007467,1156.848267,3.183656,64.060669,-58.957413
SCANNING,0,1762538999033248,0.016218,-0.006044,0.007467,1156.902588,4.003751,64.060669,-58.957413
SCANNING,1762538999038515,1762538999042355,0.016218,-0.006044,0.007467,1156.931763,5.057703,64.060669,-58.957413
SCANNING,0,1762538999051582,0.016218,-0.006044,0.007467,1156.954834,3.225403,64.060669,-58.957413
SCANNING,0,1762538999060690,0.016218,-0.006044,0.007467,1156.983276,3.712477,64.060669,-58.957413
SCANNING,0,1762538999072299,0.016218,-0.006044,0.007467,1157.012451,4.398854,64.060669,-58.957413
SCANNING,0,1762538999082369,0.016218,-0.006044,0.007467,1157.039551,3.319340,64.060669,-58.957413
SCANNING,0,1762538999091504,0.016218,-0.006044,0.007467,1157.065674,3.634954,64.060677,-58.957413
SCANNING,0,1762538999100731,0.016218,-0.006044,0.007467,1157.097900,3.913246,64.060677,-58.957413
SCANNING,0,1762538999113441,0.016218,-0.006044,0.007467,1157.125122,4.223347,64.060669,-58.957413
SCANNING,0,1762538999132641,0.016218,-0.006044,0.007467,1157.176392,4.477875,64.060669,-58.957413
SCANNING,1762538999139320,1762538999142244,0.016382,-0.004182,0.008542,1157.199707,3.284449,64.060669,-58.957413
SCANNING,0,1762538999151446,0.016382,-0.004182,0.008542,1157.230469,4.271352,64.060669,-58.957413
SCANNING,0,1762538999160579,0.016382,-0.004182,0.008542,1157.258789,5.534353,64.060669,-58.957413
SCANNING,0,1762538999172208,0.016382,-0.004182,0.008542,1157.282104,4.573460,64.060669,-58.957413
SCANNING,0,1762538999182288,0.016382,-0.004182,0.008542,1157.308838,4.429207,64.060669,-58.957413
SCANNING,0,1762538999191453,0.016382,-0.004182,0.008542,1157.334961,3.804969,64.060669,-58.957413
SCANNING,0,1762538999200608,0.016382,-0.004182,0.008542,1157.363525,4.081654,64.060669,-58.957413
SCANNING,0,1762538999213483,0.016382,-0.004182,0.008542,1157.388306,3.104048,64.060669,-58.957413
SCANNING,0,1762538999232598,0.016382,-0.004182,0.008542,1157.435669,3.179621,64.060677,-58.957413
SCANNING,1762538999239415,1762538999242172,0.013791,-0.000461,0.007730,1157.462280,2.401690,64.060669,-58.957413
SCANNING,0,1762538999251342,0.013791,-0.000461,0.007730,1157.487305,0.903989,64.060669,-58.957413
SCANNING,0,1762538999260550,0.013791,-0.000461,0.007730,1157.515625,1.106712,64.060669,-58.957413
SCANNING,0,1762538999272153,0.013791,-0.000461,0.007730,1157.542969,2.280807,64.060669,-58.957413
SCANNING,0,1762538999282322,0.013791,-0.000461,0.007730,1157.570679,3.063998,64.060669,-58.957413
SCANNING,0,1762538999291486,0.013791,-0.000461,0.007730,1157.598389,2.213129,64.060669,-58.957413
SCANNING,0,1762538999300660,0.013791,-0.000461,0.007730,1157.626953,2.721703,64.060669,-58.957413
SCANNING,0,1762538999313462,0.013791,-0.000461,0.007730,1157.651855,2.689646,64.060669,-58.957413
SCANNING,0,1762538999333112,0.013791,-0.000461,0.007730,1157.700806,2.873988,64.060669,-58.957413
SCANNING,1762538999339354,1762538999342293,0.011048,-0.001321,0.008990,1157.730469,2.250030,64.060669,-58.957413
SCANNING,0,1762538999351413,0.011048,-0.001321,0.008990,1157.759399,3.745693,64.060677,-58.957413
SCANNING,0,1762538999360587,0.011048,-0.001321,0.008990,1157.787109,4.662890,64.060669,-58.957413
SCANNING,0,1762538999372281,0.009301,-0.000121,0.009583,1157.801270,2.860283,64.060669,-58.957409
SCANNING,0,1762538999382380,0.011048,-0.001321,0.008990,1157.822388,0.950829,64.060677,-58.957409
SCANNING,0,1762538999391546,0.009301,-0.000121,0.009583,1157.851807,1.668532,64.060669,-58.957409
SCANNING,0,1762538999400708,0.009301,-0.000121,0.009583,1157.883423,2.522972,64.060669,-58.957409
SCANNING,0,1762538999435458,0.009301,-0.000121,0.009583,1157.961426,2.102979,64.060669,-58.957409
SCANNING,1762538999439341,1762538999442164,0.009301,-0.000121,0.009583,1157.989380,2.227661,64.060669,-58.957409
SCANNING,0,1762538999451266,0.009301,-0.000121,0.009583,1158.017212,2.350987,64.060669,-58.957409
SCANNING,0,1762538999460607,0.009301,-0.000121,0.009583,1158.045288,2.511831,64.060669,-58.957409
SCANNING,0,1762538999472512,0.007480,0.001407,0.011654,1158.071533,2.042701,64.060669,-58.957413
SCANNING,0,1762538999482531,0.007480,0.001407,0.011654,1158.097778,0.882311,64.060669,-58.957413
SCANNING,0,1762538999492211,0.007480,0.001407,0.011654,1158.128052,2.020835,64.060669,-58.957413
SCANNING,0,1762538999501318,0.007480,0.001407,0.011654,1158.157471,2.641037,64.060669,-58.957413
SCANNING,0,1762538999531474,0.007480,0.001407,0.011654,1158.237671,3.320508,64.060669,-58.957413
SCANNING,1762538999539306,1762538999540629,0.007480,0.001407,0.011654,1158.264526,3.592537,64.060669,-58.957413
SCANNING,0,1762538999550298,0.007480,0.001407,0.011654,1158.287598,2.869169,64.060669,-58.957413
SCANNING,0,1762538999559461,0.007480,0.001407,0.011654,1158.315063,3.354269,64.060669,-58.957413
SCANNING,0,1762538999570633,0.007480,0.001407,0.011654,1158.340942,2.954418,64.060669,-58.957413
SCANNING,0,1762538999581233,0.007480,0.001407,0.011654,1158.368530,3.109047,64.060669,-58.957413
SCANNING,0,1762538999590457,0.007480,0.001407,0.011654,1158.396362,3.923656,64.060677,-58.957413
SCANNING,0,1762538999599624,0.007480,0.001407,0.011654,1158.420532,4.958766,64.060677,-58.957413
SCANNING,0,1762538999609314,0.007480,0.001407,0.011654,1158.443604,3.869148,64.060677,-58.957413
SCANNING,0,1762538999632118,0.007480,0.001407,0.011654,1158.494263,2.639617,64.060669,-58.957413
SCANNING,1762538999638959,1762538999641241,0.005658,0.001025,0.012258,1158.520996,2.225230,64.060669,-58.957413
SCANNING,0,1762538999650430,0.005658,0.001025,0.012258,1158.546509,1.947417,64.060669,-58.957413
SCANNING,0,1762538999659606,0.005658,0.001025,0.012258,1158.570312,1.276036,64.060669,-58.957413
SCANNING,0,1762538999671316,0.005658,0.001025,0.012258,1158.598145,0.993262,64.060669,-58.957413
SCANNING,0,1762538999681322,0.005658,0.001025,0.012258,1158.628296,1.494633,64.060669,-58.957413
SCANNING,0,1762538999690503,0.005658,0.001025,0.012258,1158.651978,0.889776,64.060669,-58.957413
SCANNING,0,1762538999699709,0.005658,0.001025,0.012258,1158.677734,1.362878,64.060677,-58.957413
SCANNING,0,1762538999712411,0.005658,0.001025,0.012258,1158.704468,1.946462,64.060669,-58.957413
SCANNING,0,1762538999731606,0.005658,0.001025,0.012258,1158.761719,1.013201,64.060669,-58.957413
SCANNING,1762538999739248,1762538999741273,0.007580,0.002030,0.014270,1158.787109,2.090509,64.060669,-58.957413
SCANNING,0,1762538999750450,0.007580,0.002030,0.014270,1158.811768,4.221717,64.060669,-58.957413
SCANNING,0,1762538999759614,0.007580,0.002030,0.014270,1158.829712,2.768157,64.060669,-58.957413
SCANNING,0,1762538999771198,0.007580,0.002030,0.014270,1158.857422,2.364285,64.060669,-58.957413
SCANNING,0,1762538999781334,0.007580,0.002030,0.014270,1158.885010,1.288481,64.060677,-58.957413
SCANNING,0,1762538999790519,0.007580,0.002030,0.014270,1158.909180,0.497579,64.060669,-58.957413
SCANNING,0,1762538999799696,0.007580,0.002030,0.014270,1158.937134,0.715928,64.060669,-58.957413
SCANNING,0,1762538999812461,0.007580,0.002030,0.014270,1158.965698,1.632931,64.060677,-58.957413
SCANNING,0,1762538999832110,0.007580,0.002030,0.014270,1159.021729,2.515541,64.060669,-58.957413
SCANNING,1762538999839136,1762538999841346,0.008914,0.001050,0.011691,1159.047607,1.831816,64.060669,-58.957413
SCANNING,0,1762538999850503,0.008914,0.001050,0.011691,1159.072144,1.410023,64.060669,-58.957413
SCANNING,0,1762538999859704,0.008914,0.001050,0.011691,1159.100952,1.478099,64.060669,-58.957413
SCANNING,0,1762538999871282,0.008914,0.001050,0.011691,1159.131348,1.836531,64.060669,-58.957413
SCANNING,0,1762538999881361,0.008914,0.001050,0.011691,1159.156128,0.767893,64.060669,-58.957413
SCANNING,0,1762538999890539,0.008914,0.001050,0.011691,1159.184570,1.020885,64.060669,-58.957413
SCANNING,0,1762538999899722,0.008914,0.001050,0.011691,1159.211426,1.893937,64.060669,-58.957413
SCANNING,0,1762538999912482,0.008914,0.001050,0.011691,1159.237061,0.628138,64.060677,-58.957413
SCANNING,0,1762538999932265,0.008914,0.001050,0.011691,1159.290405,1.034970,64.060669,-58.957413
SCANNING,1762538999938624,1762538999941330,0.011458,-0.000177,0.012243,1159.318848,1.450214,64.060669,-58.957413
SCANNING,0,1762538999950536,0.011458,-0.000177,0.012243,1159.344727,1.774105,64.060677,-58.957413
SCANNING,0,1762538999959750,0.011458,-0.000177,0.012243,1159.374634,1.855712,64.060669,-58.957413
SCANNING,0,1762538999971435,0.011458,-0.000177,0.012243,1159.399414,1.004244,64.060669,-58.957413
SCANNING,0,1762538999981461,0.011458,-0.000177,0.012243,1159.428589,2.116862,64.060669,-58.957413
SCANNING,0,1762538999990667,0.011458,-0.000177,0.012243,1159.454102,2.264466,64.060669,-58.957413
SCANNING,0,1762539000000348,0.011458,-0.000177,0.012243,1159.484375,3.044079,64.060669,-58.957413
SCANNING,0,1762539000016046,0.011458,-0.000177,0.012243,1159.509644,3.706347,64.060669,-58.957413
SCANNING,1762539000029405,1762539000032344,0.010793,0.000261,0.011670,1159.555664,2.741951,64.060669,-58.957413
SCANNING,0,1762539000041472,0.011200,-0.000637,0.009690,1159.583374,3.228401,64.060677,-58.957413
SCANNING,0,1762539000050612,0.010793,0.000261,0.011670,1159.614136,4.946354,64.060669,-58.957413
SCANNING,0,1762539000060324,0.010793,0.000261,0.011670,1159.635864,2.400353,64.060669,-58.957413
SCANNING,0,1762539000071373,0.010793,0.000261,0.011670,1159.660400,2.586912,64.060669,-58.957413
SCANNING,0,1762539000081541,0.010793,0.000261,0.011670,1159.686401,2.676255,64.060669,-58.957413
SCANNING,0,1762539000090627,0.010793,0.000261,0.011670,1159.714966,3.443039,64.060669,-58.957413
SCANNING,0,1762539000100236,0.011200,-0.000637,0.009690,1159.737671,2.522299,64.060677,-58.957413
SCANNING,0,1762539000109430,0.011200,-0.000637,0.009690,1159.762329,0.870815,64.060677,-58.957413
SCANNING,1762539000131068,1762539000132255,0.011200,-0.000637,0.009690,1159.820679,3.369007,64.060677,-58.957413
SCANNING,0,1762539000141379,0.013933,-0.002613,0.011472,1159.844116,4.795637,64.060669,-58.957413
SCANNING,0,1762539000150488,0.013933,-0.002613,0.011472,1159.871460,4.505466,64.060669,-58.957413
SCANNING,0,1762539000159685,0.013933,-0.002613,0.011472,1159.892090,2.592153,64.060669,-58.957413
SCANNING,0,1762539000171391,0.011200,-0.000637,0.009690,1159.917480,2.817083,64.060677,-58.957413
SCANNING,0,1762539000181325,0.011200,-0.000637,0.009690,1159.947388,2.511258,64.060677,-58.957413
SCANNING,0,1762539000190595,0.013933,-0.002613,0.011472,1159.974731,2.920600,64.060669,-58.957413
SCANNING,0,1762539000199737,0.013933,-0.002613,0.011472,1160.000977,3.326724,64.060669,-58.957413
SCANNING,0,1762539000209420,0.013933,-0.002613,0.011472,1160.032715,3.625975,64.060669,-58.957413
SCANNING,1762539000233977,1762539000232195,0.013933,-0.002613,0.011472,1160.088623,4.841709,64.060669,-58.957413
SCANNING,0,1762539000241279,0.013933,-0.002613,0.011472,1160.114014,3.767590,64.060669,-58.957413
SCANNING,0,1762539000250422,0.013933,-0.002613,0.011472,1160.140991,3.294760,64.060669,-58.957413
SCANNING,0,1762539000259634,0.013933,-0.002613,0.011472,1160.166382,2.868891,64.060669,-58.957413
SCANNING,0,1762539000271293,0.013933,-0.002613,0.011472,1160.194214,3.396445,64.060669,-58.957413
SCANNING,0,1762539000281480,0.013933,-0.002613,0.011472,1160.222656,3.779114,64.060669,-58.957413
SCANNING,0,1762539000290583,0.013933,-0.002613,0.011472,1160.246094,3.276594,64.060669,-58.957413
SCANNING,0,1762539000299681,0.013933,-0.002613,0.011472,1160.272949,2.868682,64.060669,-58.957413
SCANNING,0,1762539000312411,0.014424,-0.004717,0.011727,1160.298218,2.947278,64.060677,-58.957413
SCANNING,1762539000336198,1762539000331539,0.014424,-0.004717,0.011727,1160.354370,3.471516,64.060677,-58.957413
SCANNING,0,1762539000341222,0.014329,-0.004751,0.009709,1160.379395,2.151132,64.060669,-58.957413
SCANNING,0,1762539000350380,0.014329,-0.004751,0.009709,1160.401245,0.795134,64.060669,-58.957413
SCANNING,0,1762539000359569,0.014329,-0.004751,0.009709,1160.427979,0.769124,64.060669,-58.957413
SCANNING,0,1762539000371207,0.014424,-0.004717,0.011727,1160.456787,1.219824,64.060677,-58.957413
SCANNING,0,1762539000381228,0.014424,-0.004717,0.011727,1160.486938,1.530805,64.060677,-58.957413
SCANNING,0,1762539000390469,0.014424,-0.004717,0.011727,1160.514282,2.698959,64.060677,-58.957413
SCANNING,0,1762539000399642,0.014329,-0.004751,0.009709,1160.540527,3.177874,64.060669,-58.957413
SCANNING,0,1762539000412356,0.014329,-0.004751,0.009709,1160.562988,2.863816,64.060669,-58.957413
SCANNING,1762539000434723,1762539000431518,0.014329,-0.004751,0.009709,1160.622070,3.939135,64.060669,-58.957413
SCANNING,0,1762539000440722,0.014329,-0.004751,0.009709,1160.647827,3.372716,64.060669,-58.957413
SCANNING,0,1762539000450357,0.014329,-0.004751,0.009709,1160.672729,3.740906,64.060669,-58.957413
SCANNING,0,1762539000459551,0.014329,-0.004751,0.009709,1160.695557,2.701698,64.060669,-58.957413
SCANNING,0,1762539000470694,0.013684,-0.006184,0.010419,1160.728638,4.255917,64.060677,-58.957413
SCANNING,0,1762539000481239,0.014329,-0.004751,0.009709,1160.755249,5.040479,64.060669,-58.957413
SCANNING,0,1762539000490395,0.014329,-0.004751,0.009709,1160.777954,3.993944,64.060669,-58.957413
SCANNING,0,1762539000499593,0.013684,-0.006184,0.010419,1160.796265,1.882114,64.060677,-58.957413
SCANNING,0,1762539000512467,0.014329,-0.004751,0.009709,1160.819824,0.610830,64.060669,-58.957413
SCANNING,0,1762539000531609,0.013684,-0.006184,0.010419,1160.881592,3.176228,64.060677,-58.957413
SCANNING,1762539000539152,1762539000541239,0.013684,-0.006184,0.010419,1160.907227,3.321347,64.060677,-58.957413
SCANNING,0,1762539000550413,0.013684,-0.006184,0.010419,1160.935425,4.246303,64.060677,-58.957413
SCANNING,0,1762539000559598,0.013684,-0.006184,0.010419,1160.960205,2.983075,64.060669,-58.957413
SCANNING,0,1762539000571202,0.013684,-0.006184,0.010419,1160.988403,3.697417,64.060669,-58.957413
SCANNING,0,1762539000581297,0.013684,-0.006184,0.010419,1161.014282,2.500470,64.060677,-58.957413
SCANNING,0,1762539000590438,0.013684,-0.006184,0.010419,1161.041748,2.821367,64.060677,-58.957413
SCANNING,0,1762539000599626,0.013684,-0.006184,0.010419,1161.069580,2.799658,64.060669,-58.957413
SCANNING,0,1762539000612418,0.013684,-0.006184,0.010419,1161.098022,1.961282,64.060669,-58.957413
SCANNING,0,1762539000631536,0.013684,-0.006184,0.010419,1161.154541,4.035779,64.060669,-58.957413
SCANNING,1762539000639139,1762539000641192,0.013999,-0.009681,0.008563,1161.180664,3.581039,64.060677,-58.957413
SCANNING,0,1762539000650339,0.013999,-0.009681,0.008563,1161.204956,3.188132,64.060669,-58.957413
SCANNING,0,1762539000659546,0.013999,-0.009681,0.008563,1161.236816,3.450609,64.060669,-58.957413
SCANNING,0,1762539000670652,0.013999,-0.009681,0.008563,1161.263306,4.499309,64.060669,-58.957413
SCANNING,0,1762539000681240,0.013999,-0.009681,0.008563,1161.286987,3.663003,64.060669,-58.957413
SCANNING,0,1762539000690431,0.013999,-0.009681,0.008563,1161.314453,4.178494,64.060669,-58.957413
SCANNING,0,1762539000699664,0.013999,-0.009681,0.008563,1161.339111,3.442438,64.060669,-58.957413
SCANNING,0,1762539000731558,0.013999,-0.009681,0.008563,1161.414673,3.706471,64.060669,-58.957413
SCANNING,1762539000739141,1762539000741118,0.012384,-0.010015,0.006808,1161.444458,4.492583,64.060677,-58.957413
SCANNING,0,1762539000750275,0.012210,-0.011233,0.008421,1161.469482,3.934513,64.060669,-58.957413
SCANNING,0,1762539000759562,0.012384,-0.010015,0.006808,1161.491699,1.665565,64.060677,-58.957413
SCANNING,0,1762539000771529,0.012210,-0.011233,0.008421,1161.518555,1.328344,64.060669,-58.957413
SCANNING,0,1762539000781586,0.012210,-0.011233,0.008421,1161.544678,1.518221,64.060669,-58.957413
SCANNING,0,1762539000791189,0.012210,-0.011233,0.008421,1161.572998,2.501611,64.060669,-58.957413
SCANNING,0,1762539000800334,0.012384,-0.010015,0.006808,1161.597534,0.899806,64.060677,-58.957413
SCANNING,0,1762539000809527,0.012384,-0.010015,0.006808,1161.626221,1.823122,64.060677,-58.957413
SCANNING,0,1762539000831313,0.012384,-0.010015,0.006808,1161.678345,2.671096,64.060677,-58.957413
SCANNING,1762539000839249,1762539000840405,0.012210,-0.011233,0.008421,1161.702148,2.878544,64.060669,-58.957413
SCANNING,0,1762539000849566,0.012210,-0.011233,0.008421,1161.734131,2.978023,64.060677,-58.957413
SCANNING,0,1762539000858713,0.012210,-0.011233,0.008421,1161.763184,4.597273,64.060669,-58.957413
SCANNING,0,1762539000870351,0.012210,-0.011233,0.008421,1161.785522,3.924525,64.060669,-58.957413
SCANNING,0,1762539000880445,0.012210,-0.011233,0.008421,1161.802002,3.312965,64.060677,-58.957413
SCANNING,0,1762539000889630,0.012210,-0.011233,0.008421,1161.823975,1.216271,64.060669,-58.957413
SCANNING,0,1762539000899332,0.012210,-0.011233,0.008421,1161.850708,1.232881,64.060677,-58.957413
SCANNING,0,1762539000908477,0.012210,-0.011233,0.008421,1161.883057,1.841731,64.060677,-58.957413
SCANNING,0,1762539000931483,0.012210,-0.011233,0.008421,1161.936768,1.763645,64.060677,-58.957413
SCANNING,1762539000938972,1762539000940471,0.012935,-0.012246,0.007412,1161.962280,1.699831,64.060669,-58.957413
SCANNING,0,1762539000949576,0.012935,-0.012246,0.007412,1161.990845,1.954843,64.060669,-58.957413
SCANNING,0,1762539000959223,0.012935,-0.012246,0.007412,1162.017212,1.868643,64.060677,-58.957413
SCANNING,0,1762539000970383,0.012935,-0.012246,0.007412,1162.044312,1.888450,64.060669,-58.957413
SCANNING,0,1762539000980449,0.012935,-0.012246,0.007412,1162.069580,1.350692,64.060669,-58.957413
SCANNING,0,1762539000989647,0.012935,-0.012246,0.007412,1162.096802,0.380531,64.060669,-58.957413
SCANNING,0,1762539000999300,0.012935,-0.012246,0.007412,1162.127319,1.028829,64.060669,-58.957413
SCANNING,0,1762539001011547,0.012935,-0.012246,0.007412,1162.156006,2.168529,64.060669,-58.957413
SCANNING,0,1762539001031226,0.012935,-0.012246,0.007412,1162.207886,2.132147,64.060669,-58.957413
SCANNING,1762539001038660,1762539001040334,0.010114,-0.007856,0.007479,1162.237427,1.946747,64.060669,-58.957413
SCANNING,0,1762539001049520,0.010851,-0.008607,0.009958,1162.264526,1.988941,64.060677,-58.957413
SCANNING,0,1762539001058679,0.010114,-0.007856,0.007479,1162.290405,2.321900,64.060669,-58.957413
SCANNING,0,1762539001070370,0.010114,-0.007856,0.007479,1162.315430,1.911307,64.060669,-58.957413
SCANNING,0,1762539001080357,0.010851,-0.008607,0.009958,1162.340698,1.490335,64.060677,-58.957413
SCANNING,0,1762539001089612,0.010851,-0.008607,0.009958,1162.370850,2.507228,64.060677,-58.957413
SCANNING,0,1762539001098748,0.010851,-0.008607,0.009958,1162.399292,3.238273,64.060677,-58.957413
SCANNING,0,1762539001111556,0.010114,-0.007856,0.007479,1162.425171,4.682353,64.060669,-58.957413
SCANNING,0,1762539001131124,0.010851,-0.008607,0.009958,1162.473633,3.724416,64.060677,-58.957413
SCANNING,1762539001138370,1762539001140312,0.010851,-0.008607,0.009958,1162.494019,2.072137,64.060677,-58.957413
SCANNING,0,1762539001149461,0.010851,-0.008607,0.009958,1162.522339,2.357138,64.060677,-58.957413
SCANNING,0,1762539001158607,0.010851,-0.008607,0.009958,1162.545898,1.526017,64.060677,-58.957413
SCANNING,0,1762539001170155,0.010949,-0.010374,0.010009,1162.571777,1.263339,64.060669,-58.957413
SCANNING,0,1762539001180336,0.010851,-0.008607,0.009958,1162.596924,0.500653,64.060677,-58.957413
SCANNING,0,1762539001189487,0.010851,-0.008607,0.009958,1162.627441,1.819493,64.060677,-58.957413
SCANNING,0,1762539001198659,0.010949,-0.010374,0.010009,1162.652588,1.314931,64.060669,-58.957413
SCANNING,0,1762539001211441,0.010949,-0.010374,0.010009,1162.677734,1.536807,64.060669,-58.957413
SCANNING,0,1762539001231110,0.010949,-0.010374,0.010009,1162.731934,1.488389,64.060669,-58.957413
SCANNING,1762539001239485,1762539001240253,0.010949,-0.010374,0.010009,1162.760986,2.407414,64.060669,-58.957413
SCANNING,0,1762539001249468,0.010949,-0.010374,0.010009,1162.787476,2.847965,64.060669,-58.957413
SCANNING,0,1762539001258606,0.010949,-0.010374,0.010009,1162.809448,3.453898,64.060669,-58.957413
SCANNING,0,1762539001270195,0.011260,-0.013194,0.007110,1162.828247,2.463307,64.060677,-58.957413
SCANNING,0,1762539001280251,0.011416,-0.014604,0.005661,1162.856079,2.090633,64.060677,-58.957417
SCANNING,0,1762539001289489,0.011416,-0.014604,0.005661,1162.883667,0.774641,64.060677,-58.957417
SCANNING,0,1762539001298625,0.011105,-0.011784,0.008560,1162.912476,1.429334,64.060669,-58.957417
SCANNING,0,1762539001311445,0.011105,-0.011784,0.008560,1162.938110,0.878046,64.060669,-58.957417
SCANNING,0,1762539001330639,0.011416,-0.014604,0.005661,1162.992310,1.548593,64.060677,-58.957417
SCANNING,1762539001339473,1762539001340257,0.011416,-0.014604,0.005661,1163.022461,2.520390,64.060677,-58.957417
SCANNING,0,1762539001349468,0.011201,-0.012215,0.006663,1163.051025,3.015779,64.060669,-58.957417
SCANNING,0,1762539001358630,0.011201,-0.012215,0.006663,1163.076294,2.666726,64.060669,-58.957417
SCANNING,0,1762539001370191,0.011093,-0.011020,0.007164,1163.105713,3.128633,64.060669,-58.957413
SCANNING,0,1762539001380354,0.011093,-0.011020,0.007164,1163.132080,1.152298,64.060669,-58.957413
SCANNING,0,1762539001389530,0.011308,-0.013409,0.006162,1163.160400,2.120226,64.060677,-58.957413
SCANNING,0,1762539001398640,0.011308,-0.013409,0.006162,1163.186401,1.375064,64.060677,-58.957413
SCANNING,0,1762539001411490,0.011308,-0.013409,0.006162,1163.214355,2.320752,64.060677,-58.957413
SCANNING,0,1762539001430590,0.011308,-0.013409,0.006162,1163.263184,-0.086032,64.060677,-58.957413
SCANNING,1762539001439257,1762539001440281,0.011093,-0.011020,0.007164,1163.291870,0.729554,64.060669,-58.957413
SCANNING,0,1762539001449380,0.011093,-0.011020,0.007164,1163.317017,0.824929,64.060677,-58.957413
SCANNING,0,1762539001458513,0.011093,-0.011020,0.007164,1163.345093,1.241611,64.060677,-58.957413
SCANNING,0,1762539001470257,0.011093,-0.011020,0.007164,1163.375732,1.839908,64.060677,-58.957413
SCANNING,0,1762539001480370,0.011093,-0.011020,0.007164,1163.400391,1.131939,64.060677,-58.957413
SCANNING,0,1762539001489581,0.011093,-0.011020,0.007164,1163.425537,0.435831,64.060669,-58.957413
SCANNING,0,1762539001498731,0.011093,-0.011020,0.007164,1163.454590,1.090126,64.060677,-58.957413
SCANNING,0,1762539001508523,0.011093,-0.011020,0.007164,1163.485596,2.887037,64.060677,-58.957413
SCANNING,0,1762539001531194,0.011093,-0.011020,0.007164,1163.536499,3.314443,64.060669,-58.957413
SCANNING,1762539001538991,1762539001540318,0.012754,-0.010106,0.006932,1163.558594,3.324130,64.060669,-58.957413
SCANNING,0,1762539001549504,0.012754,-0.010106,0.006932,1163.587158,4.166445,64.060669,-58.957413
SCANNING,0,1762539001558611,0.012754,-0.010106,0.006932,1163.615601,4.365635,64.060669,-58.957413
SCANNING,0,1762539001570311,0.012754,-0.010106,0.006932,1163.639893,3.071589,64.060669,-58.957413
SCANNING,0,1762539001580411,0.012754,-0.010106,0.006932,1163.664917,3.657670,64.060669,-58.957413
SCANNING,0,1762539001589543,0.012754,-0.010106,0.006932,1163.690063,3.263643,64.060669,-58.957413
SCANNING,0,1762539001598752,0.012754,-0.010106,0.006932,1163.719727,3.742131,64.060669,-58.957413
SCANNING,0,1762539001608413,0.013273,-0.005929,0.008321,1163.744995,4.068342,64.060677,-58.957413
SCANNING,0,1762539001631185,0.013273,-0.005929,0.008321,1163.789917,0.413686,64.060677,-58.957413
SCANNING,1762539001639098,1762539001640315,0.013273,-0.005929,0.008321,1163.820557,1.648383,64.060677,-58.957413
SCANNING,0,1762539001649566,0.013273,-0.005929,0.008321,1163.846802,3.583385,64.060669,-58.957413
SCANNING,0,1762539001658732,0.013273,-0.005929,0.008321,1163.874023,3.468325,64.060669,-58.957413
SCANNING,0,1762539001670298,0.013273,-0.005929,0.008321,1163.900513,4.048263,64.060677,-58.957413
SCANNING,0,1762539001680365,0.013273,-0.005929,0.008321,1163.926147,4.550685,64.060677,-58.957413
SCANNING,0,1762539001689545,0.013273,-0.005929,0.008321,1163.953979,3.712852,64.060677,-58.957413
SCANNING,0,1762539001698737,0.013273,-0.005929,0.008321,1163.981567,4.023470,64.060669,-58.957413
SCANNING,0,1762539001708381,0.013273,-0.005929,0.008321,1164.006470,3.752031,64.060669,-58.957413
SCANNING,0,1762539001731255,0.013273,-0.005929,0.008321,1164.061157,3.538182,64.060669,-58.957413
SCANNING,1762539001739018,1762539001740392,0.013198,-0.004079,0.008744,1164.094604,4.646669,64.060677,-58.957413
SCANNING,0,1762539001749523,0.015552,-0.005416,0.007683,1164.120239,4.417191,64.060669,-58.957413
SCANNING,0,1762539001758697,0.015552,-0.005416,0.007683,1164.143921,2.914066,64.060669,-58.957413
SCANNING,0,1762539001770502,0.015552,-0.005416,0.007683,1164.172363,3.889422,64.060669,-58.957409
SCANNING,0,1762539001780389,0.015552,-0.005416,0.007683,1164.199097,3.631408,64.060669,-58.957409
SCANNING,0,1762539001789503,0.015552,-0.005416,0.007683,1164.227783,4.074420,64.060669,-58.957409
SCANNING,0,1762539001798674,0.015552,-0.005416,0.007683,1164.252319,4.192334,64.060669,-58.957409
SCANNING,0,1762539001808347,0.015552,-0.005416,0.007683,1164.278809,4.157696,64.060677,-58.957409
SCANNING,0,1762539001830383,0.015552,-0.005416,0.007683,1164.333008,4.183446,64.060669,-58.957409
SCANNING,1762539001838987,1762539001839596,0.015552,-0.005416,0.007683,1164.362427,4.198287,64.060677,-58.957409
SCANNING,0,1762539001848597,0.015552,-0.005416,0.007683,1164.385742,3.255796,64.060677,-58.957409
SCANNING,0,1762539001858223,0.015552,-0.005416,0.007683,1164.405640,1.878146,64.060677,-58.957409
SCANNING,0,1762539001869597,0.015552,-0.005416,0.007683,1164.431763,2.042461,64.060677,-58.957409
SCANNING,0,1762539001879685,0.015947,-0.005172,0.007774,1164.459106,1.338881,64.060722,-58.958160
SCANNING,0,1762539001889266,0.016193,-0.005021,0.007830,1164.488647,1.458181,64.061218,-58.958160
SCANNING,0,1762539001898390,0.016745,-0.004680,0.007957,1164.514771,1.327409,64.062332,-58.958160
SCANNING,0,1762539001911430,0.017589,-0.004159,0.008150,1164.540771,1.687639,64.064034,-58.958160
SCANNING,0,1762539001930519,0.019682,-0.002868,0.008630,1164.598267,3.631751,64.068253,-58.958160
SCANNING,1762539001939342,1762539001939644,0.020730,-0.002221,0.008870,1164.624268,3.112245,64.070366,-58.958160
SCANNING,0,1762539001948668,0.021316,-0.002141,0.008991,1164.651245,3.440698,64.072479,-58.958160
SCANNING,0,1762539001958345,0.021933,-0.002057,0.009117,1164.675781,3.188195,64.074699,-58.958160
SCANNING,0,1762539001969604,0.022758,-0.001944,0.009287,1164.698242,3.085616,64.077675,-58.958160
SCANNING,0,1762539001979648,0.028544,-0.001155,0.010478,1164.729492,3.831097,64.081299,-58.975384
SCANNING,0,1762539001988681,0.029603,-0.001010,0.010696,1164.757568,5.233353,64.085114,-58.975384
SCANNING,0,1762539001998259,0.031009,-0.000818,0.010985,1164.780518,4.855945,64.090179,-58.975384
SCANNING,0,1762539002033550,0.036063,-0.000129,0.012025,1164.848267,1.969871,64.108391,-58.975384
SCANNING,1762539002039317,1762539002040195,0.037945,0.000128,0.012412,1164.881226,3.827343,64.115173,-58.975384
SCANNING,0,1762539002049369,0.039891,0.000379,0.012454,1164.903809,3.505265,64.122383,-58.975384
SCANNING,0,1762539002058575,0.041846,0.000630,0.012497,1164.930420,4.437206,64.129631,-58.975384
SCANNING,0,1762539002070538,0.058485,0.002773,0.012858,1164.958496,4.069658,64.136978,-59.029697
SCANNING,0,1762539002080489,0.060538,0.003037,0.012903,1164.984131,3.972518,64.144585,-59.029697
SCANNING,0,1762539002089604,0.062782,0.003326,0.012952,1165.011230,3.864674,64.152901,-59.029697
SCANNING,0,1762539002099204,0.065320,0.003653,0.013007,1165.038818,3.341985,64.162308,-59.029697
SCANNING,0,1762539002130145,0.073623,0.004722,0.013187,1165.119873,4.991216,64.193077,-59.029697
SCANNING,1762539002138996,1762539002139177,0.076201,0.005054,0.013243,1165.142456,3.611346,64.202629,-59.029697
SCANNING,0,1762539002148319,0.078742,0.005348,0.013292,1165.168335,3.392515,64.212845,-59.029697
SCANNING,0,1762539002157466,0.081626,0.005683,0.013347,1165.194580,3.158000,64.224442,-59.029697
SCANNING,0,1762539002167099,0.084764,0.006047,0.013407,1165.221436,3.421675,64.237061,-59.029697
SCANNING,0,1762539002178611,0.112159,0.009222,0.013931,1165.245239,3.053184,64.249306,-59.127613
SCANNING,0,1762539002187733,0.114952,0.009546,0.013985,1165.271362,2.615551,64.260536,-59.127613
SCANNING,0,1762539002197315,0.117669,0.009861,0.014037,1165.297241,2.802986,64.271461,-59.127613
SCANNING,0,1762539002207106,0.120549,0.010194,0.014092,1165.323975,2.251726,64.283043,-59.127613
SCANNING,0,1762539002230228,0.126786,0.010917,0.014211,1165.380371,2.339784,64.308121,-59.127613
SCANNING,1762539002239180,1762539002239327,0.129552,0.011238,0.014264,1165.402222,1.084137,64.319244,-59.127613
SCANNING,0,1762539002248386,0.131935,0.011565,0.014332,1165.429199,0.992779,64.330154,-59.127613
SCANNING,0,1762539002257536,0.134542,0.011922,0.014406,1165.457642,1.291667,64.342087,-59.127613
SCANNING,0,1762539002267153,0.137466,0.012323,0.014489,1165.488159,2.085028,64.355476,-59.127613
SCANNING,0,1762539002278702,0.166666,0.016327,0.015321,1165.514648,1.751429,64.369118,-59.247643
SCANNING,0,1762539002287753,0.169324,0.016692,0.015397,1165.539917,2.354156,64.381287,-59.247643
SCANNING,0,1762539002297400,0.171735,0.017022,0.015465,1165.567505,3.549750,64.392326,-59.247643
SCANNING,0,1762539002307083,0.174167,0.017356,0.015535,1165.596436,2.983541,64.403458,-59.247643
SCANNING,0,1762539002330305,0.179558,0.018095,0.015688,1165.649414,3.043363,64.428139,-59.247643
SCANNING,1762539002338996,1762539002339386,0.182046,0.018436,0.015759,1165.675415,2.840168,64.439529,-59.247643
SCANNING,0,1762539002348466,0.184086,0.018573,0.015684,1165.700439,2.943229,64.449753,-59.247643
SCANNING,0,1762539002357587,0.186091,0.018707,0.015611,1165.730835,3.540900,64.459801,-59.247643
SCANNING,0,1762539002367147,0.188244,0.018852,0.015532,1165.762695,4.963071,64.470589,-59.247643
SCANNING,0,1762539002379181,0.213463,0.020543,0.014607,1165.784912,4.779386,64.482544,-59.362072
SCANNING,0,1762539002388310,0.215800,0.020700,0.014521,1165.801392,2.864696,64.494255,-59.362072
SCANNING,0,1762539002397483,0.217892,0.020840,0.014444,1165.821533,0.564295,64.504738,-59.362072
SCANNING,0,1762539002407135,0.219830,0.020970,0.014373,1165.852661,1.697477,64.514450,-59.362072
SCANNING,0,1762539002430318,0.223962,0.021248,0.014221,1165.910645,2.821447,64.535156,-59.362072
SCANNING,1762539002438932,1762539002439417,0.226264,0.021402,0.014137,1165.938721,3.033294,64.546692,-59.362072
SCANNING,0,1762539002448476,0.228465,0.021513,0.013909,1165.963135,2.625837,64.557541,-59.362072
SCANNING,0,1762539002457605,0.230374,0.021608,0.013712,1165.989624,2.231572,64.566948,-59.362072
SCANNING,0,1762539002467188,0.232120,0.021696,0.013531,1166.017090,2.539154,64.575554,-59.362072
SCANNING,0,1762539002479134,0.254422,0.022816,0.011223,1166.043701,2.073086,64.584137,-59.463417
SCANNING,0,1762539002488339,0.256307,0.022911,0.011027,1166.069946,2.365219,64.593430,-59.463417
SCANNING,0,1762539002497475,0.258403,0.023016,0.010811,1166.098022,1.207288,64.603760,-59.463417
SCANNING,0,1762539002507102,0.260524,0.023122,0.010591,1166.126709,1.932311,64.614212,-59.463417
SCANNING,0,1762539002529529,0.264177,0.023306,0.010213,1166.182251,3.443044,64.632217,-59.463417
SCANNING,1762539002539004,1762539002538575,0.265771,0.023386,0.010048,1166.206299,3.242117,64.640076,-59.463417
SCANNING,0,1762539002547710,0.267207,0.023480,0.009836,1166.236572,3.284220,64.647644,-59.463417
SCANNING,0,1762539002557347,0.268719,0.023579,0.009614,1166.264404,3.903937,64.655609,-59.463417
SCANNING,0,1762539002567205,0.270307,0.023682,0.009379,1166.288940,3.368866,64.663979,-59.463417
SCANNING,0,1762539002578689,0.288674,0.024882,0.006672,1166.315186,3.244264,64.672653,-59.551529
SCANNING,0,1762539002588192,0.290240,0.024984,0.006441,1166.341553,2.736737,64.680908,-59.551529
SCANNING,0,1762539002597414,0.291669,0.025078,0.006231,1166.369141,2.646353,64.688438,-59.551529
SCANNING,0,1762539002607206,0.292993,0.025164,0.006036,1166.397461,3.242028,64.695412,-59.551529
SCANNING,0,1762539002629581,0.295644,0.025337,0.005645,1166.450317,4.273554,64.709381,-59.551529
SCANNING,1762539002639240,1762539002638686,0.297048,0.025429,0.005438,1166.476196,4.247179,64.716782,-59.551529
SCANNING,0,1762539002647720,0.298591,0.025461,0.005313,1166.497925,2.746521,64.724510,-59.551529
SCANNING,0,1762539002657416,0.300150,0.025494,0.005187,1166.525879,3.047464,64.732315,-59.551529
SCANNING,0,1762539002667135,0.301587,0.025524,0.005071,1166.547485,1.990062,64.739510,-59.551529
SCANNING,0,1762539002678603,0.317533,0.025856,0.003783,1166.574097,1.422859,64.746323,-59.624554
SCANNING,0,1762539002687721,0.318827,0.025883,0.003678,1166.602539,1.950342,64.752800,-59.624554
SCANNING,0,1762539002697376,0.320157,0.025911,0.003570,1166.631592,1.900656,64.759460,-59.624554
SCANNING,0,1762539002707119,0.321477,0.025938,0.003464,1166.654419,1.127536,64.766068,-59.624554
SCANNING,0,1762539002730499,0.324413,0.026000,0.003227,1166.708252,2.358276,64.780769,-59.624554
SCANNING,1762539002739164,1762539002739487,0.326016,0.026033,0.003097,1166.732788,0.491491,64.788795,-59.624554
SCANNING,0,1762539002748563,0.327572,0.026081,0.003079,1166.761597,0.012404,64.796776,-59.624554
SCANNING,0,1762539002757647,0.329069,0.026128,0.003062,1166.791748,1.780544,64.804459,-59.624554
SCANNING,0,1762539002767300,0.330448,0.026170,0.003046,1166.815796,3.305201,64.811531,-59.624554
SCANNING,0,1762539002779353,0.345732,0.026644,0.002868,1166.837280,3.929534,64.818237,-59.696259
SCANNING,0,1762539002788450,0.347035,0.026684,0.002853,1166.864380,3.573900,64.824921,-59.696259
SCANNING,0,1762539002797485,0.348418,0.026727,0.002837,1166.887451,1.282773,64.832016,-59.696259
SCANNING,0,1762539002807132,0.349911,0.026773,0.002820,1166.911743,0.630311,64.839676,-59.696259
SCANNING,0,1762539002817095,0.351551,0.026824,0.002801,1166.940430,1.626831,64.848091,-59.696259
SCANNING,1762539002839046,1762539002839582,0.354970,0.026930,0.002761,1166.993530,1.394741,64.865631,-59.696259
SCANNING,0,1762539002848677,0.356756,0.027210,0.002765,1167.025635,3.055621,64.873848,-59.696259
SCANNING,0,1762539002857775,0.358491,0.027482,0.002768,1167.050903,2.661702,64.881828,-59.696259
SCANNING,0,1762539002867318,0.360163,0.027743,0.002772,1167.079224,3.170901,64.889519,-59.696259
SCANNING,0,1762539002879340,0.379018,0.030697,0.002811,1167.106079,2.793395,64.897354,-59.775154
SCANNING,0,1762539002888400,0.380775,0.030972,0.002815,1167.134521,2.501019,64.905434,-59.775154
SCANNING,0,1762539002897576,0.382735,0.031279,0.002819,1167.160400,1.531936,64.914452,-59.775154
SCANNING,0,1762539002907213,0.384778,0.031599,0.002823,1167.186279,1.374744,64.923851,-59.775154
SCANNING,0,1762539002917075,0.386797,0.031915,0.002827,1167.215088,2.781681,64.933136,-59.775154
SCANNING,1762539002939001,1762539002939499,0.390441,0.032486,0.002835,1167.263916,0.739851,64.949898,-59.775154
SCANNING,0,1762539002948611,0.392177,0.032850,0.002893,1167.291138,1.051046,64.958084,-59.775154
SCANNING,0,1762539002957702,0.394005,0.033234,0.002955,1167.317139,1.334875,64.966705,-59.775154
SCANNING,0,1762539002967242,0.396077,0.033669,0.003024,1167.345947,1.886486,64.976479,-59.775154
SCANNING,0,1762539002979342,0.416635,0.037986,0.003714,1167.374390,1.591219,64.986816,-59.861771
SCANNING,0,1762539002988473,0.418748,0.038430,0.003785,1167.400635,1.054979,64.996780,-59.861771
SCANNING,0,1762539002997461,0.420725,0.038845,0.003852,1167.428223,1.536025,65.006104,-59.861771
SCANNING,0,1762539003007153,0.422551,0.039228,0.003913,1167.455200,2.037622,65.014717,-59.861771
SCANNING,0,1762539003030330,0.426416,0.040040,0.004043,1167.510376,4.158975,65.032944,-59.861771
SCANNING,1762539003039303,1762539003039341,0.428593,0.040497,0.004116,1167.532471,2.696969,65.043213,-59.861771
SCANNING,0,1762539003048393,0.430861,0.040882,0.004213,1167.554443,2.856388,65.053688,-59.861771
SCANNING,0,1762539003057463,0.432949,0.041237,0.004302,1167.583252,3.771550,65.063332,-59.861771
SCANNING,0,1762539003067138,0.434884,0.041565,0.004384,1167.612427,4.194873,65.072266,-59.861771
SCANNING,0,1762539003078634,0.457068,0.045333,0.005330,1167.638794,3.154801,65.081062,-59.955433
SCANNING,0,1762539003087759,0.459105,0.045679,0.005417,1167.661865,2.651387,65.090469,-59.955433
SCANNING,0,1762539003097368,0.461340,0.046059,0.005512,1167.688721,3.168492,65.100792,-59.955433
SCANNING,0,1762539003107109,0.463671,0.046455,0.005611,1167.717407,3.737426,65.111557,-59.955433
SCANNING,0,1762539003130438,0.467936,0.047179,0.005793,1167.766113,1.636196,65.131256,-59.955433
SCANNING,1762539003139019,1762539003139532,0.469902,0.047513,0.005877,1167.791504,0.816148,65.140335,-59.955433
SCANNING,0,1762539003148498,0.471597,0.047530,0.005651,1167.822754,2.333706,65.149422,-59.955433
SCANNING,0,1762539003157573,0.473382,0.047547,0.005414,1167.848267,3.596335,65.158997,-59.955433
SCANNING,0,1762539003167205,0.475234,0.047565,0.005167,1167.875610,4.031464,65.168922,-59.955433
SCANNING,0,1762539003179185,0.495026,0.047760,0.002533,1167.900024,3.988205,65.178688,-60.051792
SCANNING,0,1762539003188342,0.496704,0.047777,0.002310,1167.924683,4.260114,65.187683,-60.051792
SCANNING,0,1762539003197439,0.498257,0.047792,0.002103,1167.952148,3.438572,65.196014,-60.051792
SCANNING,0,1762539003207169,0.499825,0.047808,0.001894,1167.977661,3.263236,65.204422,-60.051792
SCANNING,0,1762539003230353,0.503343,0.047842,0.001426,1168.036133,3.683934,65.223282,-60.051792
SCANNING,1762539003239396,1762539003239421,0.505258,0.047861,0.001171,1168.062012,3.612647,65.233551,-60.051792
SCANNING,0,1762539003248439,0.507405,0.047717,0.001183,1168.094604,4.804860,65.243355,-60.051792
SCANNING,0,1762539003257645,0.509301,0.047590,0.001194,1168.122437,4.553903,65.252014,-60.051792
SCANNING,0,1762539003267276,0.511041,0.047473,0.001204,1168.146729,3.789488,65.259964,-60.051792
SCANNING,0,1762539003279174,0.532341,0.046043,0.001327,1168.174805,4.325633,65.267792,-60.141243
SCANNING,0,1762539003288501,0.533991,0.045933,0.001336,1168.198608,3.330331,65.275330,-60.141243
SCANNING,0,1762539003297455,0.535980,0.045799,0.001348,1168.229248,4.631851,65.284416,-60.141243
SCANNING,0,1762539003307637,0.538048,0.045660,0.001359,1168.256348,5.365734,65.293861,-60.141243
SCANNING,0,1762539003329599,0.541859,0.045405,0.001381,1168.305664,4.312162,65.311264,-60.141243
SCANNING,1762539003339021,1762539003338583,0.543536,0.045292,0.001391,1168.334229,4.191821,65.318924,-60.141243
SCANNING,0,1762539003347762,0.545242,0.045171,0.001447,1168.362793,4.225586,65.326469,-60.141243
SCANNING,0,1762539003357675,0.547094,0.045039,0.001508,1168.387451,3.386354,65.334656,-60.141243
SCANNING,0,1762539003369590,0.568257,0.043537,0.002202,1168.408813,3.013848,65.343086,-60.226391
SCANNING,0,1762539003379548,0.570310,0.043391,0.002269,1168.435547,2.581967,65.352165,-60.226391
SCANNING,0,1762539003388665,0.572300,0.043250,0.002335,1168.461304,1.996769,65.360962,-60.226391
SCANNING,0,1762539003397644,0.574224,0.043114,0.002398,1168.488403,1.775741,65.369469,-60.226391
SCANNING,0,1762539003406752,0.576023,0.042986,0.002457,1168.515869,2.099693,65.377426,-60.226391
SCANNING,0,1762539003416522,0.577800,0.042860,0.002515,1168.541992,2.225634,65.385284,-60.226391
SCANNING,1762539003439030,1762539003439251,0.581429,0.042602,0.002634,1168.598511,3.261713,65.401329,-60.226391
SCANNING,0,1762539003448359,0.583448,0.042821,0.002596,1168.626343,3.323067,65.409897,-60.226391
SCANNING,0,1762539003457354,0.585502,0.043043,0.002557,1168.650635,2.888362,65.418610,-60.226391
SCANNING,0,1762539003466515,0.587497,0.043259,0.002519,1168.675659,3.400210,65.427078,-60.226391
SCANNING,0,1762539003478466,0.609860,0.045682,0.002094,1168.698975,2.611667,65.435188,-60.313168
SCANNING,0,1762539003487484,0.611703,0.045882,0.002059,1168.730347,3.631518,65.443008,-60.313168
SCANNING,0,1762539003496555,0.613521,0.046079,0.002025,1168.757568,5.100335,65.450722,-60.313168
SCANNING,0,1762539003506143,0.615378,0.046280,0.001989,1168.780884,4.318323,65.458603,-60.313168
SCANNING,0,1762539003516222,0.617349,0.046494,0.001952,1168.797729,1.815435,65.466965,-60.313168
SCANNING,1762539003539329,1762539003539196,0.621772,0.046973,0.001868,1168.850342,1.714929,65.485733,-60.313168
SCANNING,0,1762539003548288,0.623730,0.047165,0.001696,1168.881958,2.416485,65.494919,-60.313168
SCANNING,0,1762539003557431,0.625585,0.047347,0.001533,1168.909180,3.594016,65.503624,-60.313168
SCANNING,0,1762539003566436,0.627368,0.047522,0.001376,1168.936157,4.303497,65.511993,-60.313168
SCANNING,0,1762539003578425,0.648119,0.049557,-0.000450,1168.960815,3.520218,65.520744,-60.401787
SCANNING,0,1762539003587517,0.650099,0.049751,-0.000624,1168.987549,2.974713,65.530037,-60.401787
SCANNING,0,1762539003596666,0.652255,0.049963,-0.000814,1169.014893,3.687035,65.540154,-60.401787
SCANNING,0,1762539003606268,0.654422,0.050175,-0.001005,1169.041748,2.738472,65.550323,-60.401787
SCANNING,0,1762539003629277,0.658318,0.050557,-0.001347,1169.097656,2.262998,65.568604,-60.401787
SCANNING,1762539003639066,1762539003638283,0.660110,0.050733,-0.001505,1169.126221,3.300447,65.577011,-60.401787
SCANNING,0,1762539003647457,0.662099,0.051102,-0.001362,1169.152466,3.104824,65.585945,-60.401787
SCANNING,0,1762539003656526,0.664252,0.051501,-0.001207,1169.180908,3.386560,65.595612,-60.401787
SCANNING,0,1762539003666165,0.666620,0.051940,-0.001036,1169.204712,2.921353,65.606247,-60.401787
SCANNING,0,1762539003678383,0.689725,0.056224,0.000629,1169.236816,3.557454,65.616562,-60.495228
SCANNING,0,1762539003687386,0.691798,0.056608,0.000778,1169.265259,4.101087,65.625870,-60.495228
SCANNING,0,1762539003696458,0.693726,0.056966,0.000917,1169.287231,3.583167,65.634529,-60.495228
SCANNING,0,1762539003706113,0.695661,0.057325,0.001056,1169.313965,3.474075,65.643219,-60.495228
SCANNING,0,1762539003729421,0.699941,0.058118,0.001364,1169.368286,2.906780,65.662437,-60.495228
SCANNING,1762539003739001,1762539003738362,0.702280,0.058552,0.001533,1169.395630,3.672566,65.672943,-60.495228
SCANNING,0,1762539003747423,0.704701,0.058774,0.001369,1169.419800,4.364501,65.682770,-60.495228
SCANNING,0,1762539003756495,0.706876,0.058973,0.001222,1169.445801,4.328114,65.691597,-60.495228
SCANNING,0,1762539003766108,0.708913,0.059160,0.001084,1169.473022,4.159054,65.699867,-60.495228
SCANNING,0,1762539003778309,0.733378,0.061401,-0.000574,1169.492432,2.185581,65.708435,-60.585957
SCANNING,0,1762539003787463,0.735658,0.061610,-0.000728,1169.519409,1.504911,65.717690,-60.585957
SCANNING,0,1762539003796568,0.738173,0.061840,-0.000899,1169.545410,1.820689,65.727898,-60.585957
SCANNING,0,1762539003806140,0.740685,0.062070,-0.001069,1169.571411,1.514453,65.738091,-60.585957
SCANNING,0,1762539003828444,0.745102,0.062475,-0.001368,1169.628418,1.667289,65.756020,-60.585957
SCANNING,1762539003839017,1762539003837617,0.747181,0.062665,-0.001509,1169.653564,1.115003,65.764458,-60.585957
SCANNING,0,1762539003846692,0.749095,0.062912,-0.001470,1169.678589,1.672972,65.773453,-60.585957
SCANNING,0,1762539003856265,0.751115,0.063173,-0.001429,1169.704834,2.415990,65.782944,-60.585957
SCANNING,0,1762539003866076,0.753262,0.063450,-0.001385,1169.734131,1.963189,65.793030,-60.585957
SCANNING,0,1762539003878441,0.774900,0.066244,-0.000946,1169.763672,2.042053,65.802773,-60.677891
SCANNING,0,1762539003887428,0.776838,0.066494,-0.000906,1169.790405,3.272832,65.811882,-60.677891
SCANNING,0,1762539003896478,0.778629,0.066726,-0.000870,1169.808960,3.683432,65.820297,-60.677891
SCANNING,0,1762539003906104,0.780383,0.066952,-0.000834,1169.826782,1.761842,65.828537,-60.677891
SCANNING,0,1762539003928587,0.784301,0.067458,-0.000755,1169.883911,1.211774,65.846947,-60.677891
SCANNING,1762539003939021,1762539003937627,0.786447,0.067735,-0.000711,1169.912354,1.907365,65.857033,-60.677891
SCANNING,0,1762539003946706,0.788428,0.068062,-0.000782,1169.936890,0.858190,65.866592,-60.677891
SCANNING,0,1762539003956330,0.790200,0.068355,-0.000846,1169.964233,1.837591,65.875145,-60.677891
SCANNING,0,1762539003966130,0.791878,0.068632,-0.000906,1169.991577,1.696823,65.883240,-60.677891
SCANNING,0,1762539003978302,0.811422,0.071861,-0.001610,1170.019043,2.081391,65.891251,-60.764187
SCANNING,0,1762539003987429,0.813175,0.072151,-0.001673,1170.045532,1.699996,65.899712,-60.764187
SCANNING,0,1762539003996509,0.815030,0.072458,-0.001740,1170.070435,0.982699,65.908661,-60.764187
SCANNING,0,1762539004006245,0.816982,0.072780,-0.001810,1170.097168,0.569959,65.918083,-60.764187
SCANNING,0,1762539004028540,0.820720,0.073398,-0.001944,1170.156982,1.923284,65.936119,-60.764187
SCANNING,1762539004039333,1762539004037618,0.822404,0.073676,-0.002005,1170.182007,0.721460,65.944244,-60.764187
SCANNING,0,1762539004046667,0.824052,0.073925,-0.001990,1170.209595,2.058497,65.952354,-60.764187
SCANNING,0,1762539004056401,0.825745,0.074181,-0.001975,1170.237183,0.979108,65.960686,-60.764187
SCANNING,0,1762539004066110,0.827587,0.074459,-0.001958,1170.264893,1.429853,65.969749,-60.764187
SCANNING,0,1762539004078304,0.847296,0.077436,-0.001781,1170.289917,1.305674,65.979324,-60.851601
SCANNING,0,1762539004087431,0.849208,0.077724,-0.001763,1170.316772,1.223107,65.988731,-60.851601
SCANNING,0,1762539004096472,0.850952,0.077988,-0.001748,1170.343262,1.607677,65.997314,-60.851601
SCANNING,0,1762539004106098,0.852583,0.078234,-0.001733,1170.373047,1.750975,66.005341,-60.851601
SCANNING,0,1762539004116071,0.854129,0.078468,-0.001719,1170.399536,1.812131,66.012947,-60.851601
SCANNING,1762539004139331,1762539004139245,0.857555,0.078985,-0.001688,1170.453125,3.009387,66.029808,-60.851601
SCANNING,0,1762539004148216,0.859330,0.079578,-0.001684,1170.481567,3.218109,66.039490,-60.851601
SCANNING,0,1762539004157386,0.861082,0.080164,-0.001681,1170.505981,3.835800,66.049049,-60.851601
SCANNING,0,1762539004166450,0.862787,0.080734,-0.001677,1170.531128,3.216925,66.058350,-60.851601
SCANNING,0,1762539004178396,0.880125,0.086528,-0.001640,1170.552490,2.532018,66.066765,-60.937771
SCANNING,0,1762539004187455,0.881618,0.087027,-0.001637,1170.578491,2.646343,66.074913,-60.937771
SCANNING,0,1762539004196576,0.883203,0.087557,-0.001634,1170.606689,3.173312,66.083557,-60.937771
SCANNING,0,1762539004206204,0.884902,0.088125,-0.001630,1170.633911,2.332564,66.092827,-60.937771
SCANNING,0,1762539004216117,0.886740,0.088739,-0.001626,1170.657959,2.328956,66.102852,-60.937771
SCANNING,1762539004239453,1762539004239155,0.890285,0.089924,-0.001619,1170.710693,2.557973,66.122192,-60.937771
SCANNING,0,1762539004248189,0.892130,0.090213,-0.001632,1170.734009,0.766966,66.130699,-60.937771
SCANNING,0,1762539004257342,0.893932,0.090496,-0.001644,1170.763062,0.405156,66.139008,-60.937771
SCANNING,0,1762539004266583,0.895760,0.090782,-0.001657,1170.791016,1.101554,66.147438,-60.937771
SCANNING,0,1762539004278434,0.916584,0.094048,-0.001799,1170.818481,2.583163,66.156334,-61.024899
SCANNING,0,1762539004287490,0.918661,0.094373,-0.001814,1170.842773,4.306108,66.165909,-61.024899
SCANNING,0,1762539004296581,0.920752,0.094701,-0.001828,1170.869873,4.203900,66.175552,-61.024899
SCANNING,0,1762539004306128,0.922726,0.095011,-0.001841,1170.890991,2.213213,66.184654,-61.024899
SCANNING,0,1762539004329261,0.926338,0.095577,-0.001866,1170.943970,2.464629,66.201309,-61.024899
SCANNING,1762539004339412,1762539004338386,0.928201,0.095869,-0.001879,1170.971558,2.585608,66.209900,-61.024899
SCANNING,0,1762539004347440,0.930118,0.096184,-0.001968,1170.996826,2.134357,66.219208,-61.024899
SCANNING,0,1762539004356505,0.932199,0.096527,-0.002064,1171.027954,3.157955,66.229317,-61.024899
SCANNING,0,1762539004366160,0.934323,0.096876,-0.002162,1171.054199,3.190164,66.239632,-61.024899
SCANNING,0,1762539004378275,0.954923,0.100265,-0.003116,1171.082031,3.390011,66.249115,-61.115467
SCANNING,0,1762539004387556,0.956747,0.100565,-0.003201,1171.111206,3.579993,66.257973,-61.115467
SCANNING,0,1762539004396510,0.958499,0.100853,-0.003282,1171.138062,2.734972,66.266479,-61.115467
SCANNING,0,1762539004406106,0.960349,0.101158,-0.003367,1171.164429,2.732744,66.275467,-61.115467
SCANNING,0,1762539004429433,0.964478,0.101837,-0.003559,1171.220093,3.148062,66.295517,-61.115467
SCANNING,1762539004439350,1762539004438358,0.966581,0.102183,-0.003656,1171.242432,1.996404,66.305733,-61.115467
SCANNING,0,1762539004447551,0.968463,0.102431,-0.003759,1171.270386,2.324766,66.314926,-61.115467
SCANNING,0,1762539004456660,0.970232,0.102664,-0.003856,1171.297119,2.751513,66.323563,-61.115467
SCANNING,0,1762539004466162,0.971982,0.102894,-0.003951,1171.324951,3.036199,66.332108,-61.115467
SCANNING,0,1762539004478299,0.993108,0.105676,-0.005106,1171.354736,3.426887,66.341164,-61.209579
SCANNING,0,1762539004487491,0.995158,0.105945,-0.005218,1171.379517,1.854859,66.351173,-61.209579
SCANNING,0,1762539004496549,0.997267,0.106223,-0.005334,1171.401123,0.865922,66.361473,-61.209579
SCANNING,0,1762539004506110,0.999309,0.106492,-0.005445,1171.428345,0.884952,66.371445,-61.209579
SCANNING,0,1762539004529324,1.002985,0.106976,-0.005646,1171.487427,2.147751,66.389397,-61.209579
SCANNING,1762539004539036,1762539004538411,1.004808,0.107216,-0.005746,1171.514160,1.836311,66.398300,-61.209579
SCANNING,0,1762539004547491,1.006739,0.107575,-0.005736,1171.540771,2.673810,66.407722,-61.209579
SCANNING,0,1762539004556567,1.008805,0.107960,-0.005726,1171.563965,3.561027,66.417801,-61.209579
SCANNING,0,1762539004566191,1.010824,0.108336,-0.005716,1171.596802,4.508278,66.427650,-61.209579
SCANNING,0,1762539004578270,1.031593,0.112201,-0.005610,1171.624756,4.334576,66.436676,-61.301884
SCANNING,0,1762539004587411,1.033309,0.112521,-0.005602,1171.646973,3.631606,66.445045,-61.301884
SCANNING,0,1762539004596504,1.035004,0.112836,-0.005593,1171.672241,4.137482,66.453316,-61.301884
SCANNING,0,1762539004606656,1.036791,0.113169,-0.005584,1171.697754,4.219255,66.462036,-61.301884
SCANNING,0,1762539004629505,1.040877,0.113929,-0.005563,1171.747925,4.437188,66.481972,-61.301884
SCANNING,1762539004639392,1762539004638448,1.042912,0.114308,-0.005553,1171.773193,3.678884,66.491898,-61.301884
SCANNING,0,1762539004647571,1.044841,0.114395,-0.005631,1171.794556,1.157521,66.500755,-61.301884
SCANNING,0,1762539004656727,1.046614,0.114474,-0.005703,1171.821045,1.029357,66.508896,-61.301884
SCANNING,0,1762539004666750,1.048359,0.114553,-0.005773,1171.848633,2.235156,66.516907,-61.301884
SCANNING,0,1762539004678556,1.067426,0.115410,-0.006544,1171.879639,3.927757,66.525146,-61.381187
SCANNING,0,1762539004687639,1.069339,0.115496,-0.006622,1171.906128,4.702535,66.533928,-61.381187
SCANNING,0,1762539004696732,1.071366,0.115587,-0.006704,1171.922852,4.139419,66.543236,-61.381187
SCANNING,0,1762539004706446,1.073359,0.115677,-0.006784,1171.950684,3.270625,66.552383,-61.381187
SCANNING,0,1762539004732208,1.077016,0.115841,-0.006932,1172.000366,3.031856,66.569176,-61.381187
SCANNING,1762539004739081,1762539004739283,1.078746,0.115919,-0.007002,1172.029907,3.048437,66.577118,-61.381187
SCANNING,0,1762539004748282,1.080538,0.116110,-0.007041,1172.052368,2.747560,66.585510,-61.381187
SCANNING,0,1762539004757330,1.082397,0.116308,-0.007082,1172.079346,3.039708,66.594215,-61.381187
SCANNING,0,1762539004766507,1.084409,0.116523,-0.007126,1172.104004,2.160845,66.603638,-61.381187
SCANNING,0,1762539004778411,1.105126,0.118732,-0.007579,1172.131714,1.421806,66.613007,-61.468845
SCANNING,0,1762539004787531,1.107025,0.118935,-0.007620,1172.157104,1.157572,66.621902,-61.468845
SCANNING,0,1762539004796588,1.108790,0.119123,-0.007659,1172.184570,1.017023,66.630165,-61.468845
SCANNING,0,1762539004806486,1.110530,0.119308,-0.007697,1172.212891,2.525274,66.638313,-61.468845
SCANNING,0,1762539004816535,1.112274,0.119494,-0.007735,1172.236206,0.336128,66.646484,-61.468845
SCANNING,1762539004839353,1762539004838426,1.116106,0.119903,-0.007819,1172.290649,0.991981,66.664429,-61.468845
SCANNING,0,1762539004847490,1.118166,0.120124,-0.007835,1172.318970,1.803365,66.673843,-61.468845
SCANNING,0,1762539004856613,1.120107,0.120333,-0.007849,1172.348999,2.875601,66.682716,-61.468845
SCANNING,0,1762539004866525,1.121895,0.120525,-0.007863,1172.376709,2.025126,66.690887,-61.468845
SCANNING,0,1762539004878405,1.142161,0.122704,-0.008015,1172.401001,0.941850,66.698669,-61.553677
SCANNING,0,1762539004887465,1.143859,0.122887,-0.008028,1172.428711,1.572832,66.706429,-61.553677
SCANNING,0,1762539004896572,1.145575,0.123071,-0.008041,1172.457031,1.354285,66.714272,-61.553677
SCANNING,0,1762539004906501,1.147396,0.123267,-0.008055,1172.488159,1.694546,66.722595,-61.553677
SCANNING,0,1762539004916514,1.149346,0.123477,-0.008070,1172.515015,2.089778,66.731506,-61.553677
SCANNING,1762539004939470,1762539004938433,1.153246,0.123896,-0.008099,1172.567017,3.411880,66.749329,-61.553677
SCANNING,0,1762539004947448,1.154944,0.123976,-0.008148,1172.598267,3.647683,66.757416,-61.553677
SCANNING,0,1762539004956528,1.156513,0.124050,-0.008194,1172.623657,2.293949,66.764885,-61.553677
SCANNING,0,1762539004966520,1.158095,0.124125,-0.008240,1172.651978,3.666436,66.772415,-61.553677
SCANNING,0,1762539004978443,1.177513,0.125040,-0.008803,1172.675415,2.903733,66.780334,-61.638218
SCANNING,0,1762539004987476,1.179345,0.125127,-0.008856,1172.699341,2.936818,66.789055,-61.638218
SCANNING,0,1762539004996546,1.181249,0.125217,-0.008912,1172.730835,3.757827,66.798119,-61.638218
SCANNING,0,1762539005006519,1.183207,0.125309,-0.008968,1172.759155,4.837831,66.807442,-61.638218
SCANNING,0,1762539005016484,1.185009,0.125394,-0.009021,1172.782837,4.516750,66.816025,-61.638218
SCANNING,1762539005039475,1762539005038381,1.188467,0.125557,-0.009121,1172.822510,0.662672,66.832489,-61.638218
SCANNING,0,1762539005047513,1.190397,0.125971,-0.009290,1172.851929,1.380408,66.841148,-61.638218
SCANNING,0,1762539005056673,1.192474,0.126416,-0.009472,1172.881470,2.101781,66.850471,-61.638218
SCANNING,0,1762539005066492,1.194583,0.126868,-0.009656,1172.910034,3.423651,66.859932,-61.638218
SCANNING,0,1762539005078518,1.215734,0.131400,-0.011508,1172.937988,4.012773,66.869148,-61.723911
SCANNING,0,1762539005087526,1.217616,0.131804,-0.011672,1172.961670,2.499213,66.877594,-61.723911
SCANNING,0,1762539005096583,1.219487,0.132205,-0.011836,1172.990112,3.492954,66.885986,-61.723911
SCANNING,0,1762539005106479,1.221388,0.132612,-0.012003,1173.015015,2.711096,66.894516,-61.723911
SCANNING,0,1762539005128429,1.225529,0.133499,-0.012365,1173.070435,2.980076,66.913101,-61.723911
SCANNING,1762539005139034,1762539005137523,1.227711,0.133967,-0.012556,1173.096680,1.015313,66.922890,-61.723911
SCANNING,0,1762539005146580,1.229852,0.134247,-0.012648,1173.127197,2.313330,66.932220,-61.723911
SCANNING,0,1762539005156502,1.231762,0.134498,-0.012730,1173.154541,2.976305,66.940544,-61.723911
SCANNING,0,1762539005166486,1.233608,0.134739,-0.012809,1173.181885,2.164497,66.948586,-61.723911
SCANNING,0,1762539005178421,1.255572,0.137616,-0.013753,1173.207397,3.028444,66.956825,-61.811378
SCANNING,0,1762539005187476,1.257572,0.137877,-0.013839,1173.237305,2.804481,66.965538,-61.811378
SCANNING,0,1762539005196629,1.259806,0.138170,-0.013935,1173.264771,3.093414,66.975273,-61.811378
SCANNING,0,1762539005206523,1.262082,0.138468,-0.014033,1173.288696,2.174385,66.985191,-61.811378
SCANNING,0,1762539005228377,1.266177,0.139004,-0.014209,1173.341064,2.732106,67.003036,-61.811378
SCANNING,1762539005239198,1762539005237442,1.268000,0.139243,-0.014287,1173.370239,3.001063,67.010979,-61.811378
SCANNING,0,1762539005246577,1.269740,0.139274,-0.014441,1173.396362,3.356607,67.019157,-61.811378
SCANNING,0,1762539005256515,1.271601,0.139307,-0.014605,1173.423828,4.808122,67.027901,-61.811378
SCANNING,0,1762539005266485,1.273650,0.139343,-0.014786,1173.450684,4.479478,67.037529,-61.811378
SCANNING,0,1762539005278450,1.294431,0.139711,-0.016621,1173.477417,4.497897,67.047249,-61.899300
SCANNING,0,1762539005287415,1.296415,0.139746,-0.016796,1173.496948,2.608593,67.056572,-61.899300
SCANNING,0,1762539005296560,1.298175,0.139777,-0.016951,1173.523193,1.962218,67.064842,-61.899300
SCANNING,0,1762539005306483,1.299865,0.139807,-0.017101,1173.546997,1.700060,67.072784,-61.899300
SCANNING,0,1762539005329474,1.303482,0.139871,-0.017420,1173.597656,0.906997,67.089775,-61.899300
SCANNING,1762539005338978,1762539005338486,1.305521,0.139907,-0.017600,1173.627930,1.221304,67.099358,-61.899300
SCANNING,0,1762539005347522,1.307652,0.139811,-0.017414,1173.652344,0.853041,67.109200,-61.899300
SCANNING,0,1762539005356621,1.309651,0.139720,-0.017240,1173.678955,1.349108,67.118431,-61.899300
SCANNING,0,1762539005366426,1.311376,0.139643,-0.017089,1173.704346,1.775329,67.126396,-61.899300
SCANNING,0,1762539005378431,1.332139,0.138705,-0.015278,1173.731812,0.902778,67.134216,-61.987354
SCANNING,0,1762539005387497,1.333837,0.138628,-0.015130,1173.763428,1.936605,67.142059,-61.987354
SCANNING,0,1762539005396528,1.335671,0.138545,-0.014970,1173.790649,3.885010,67.150528,-61.987354
SCANNING,0,1762539005406471,1.337656,0.138456,-0.014797,1173.810303,4.027026,67.159691,-61.987354
SCANNING,0,1762539005416471,1.339699,0.138363,-0.014618,1173.828979,2.470856,67.169128,-61.987354
SCANNING,1762539005439071,1762539005439268,1.343407,0.138196,-0.014295,1173.886230,1.565778,67.186249,-61.987354
SCANNING,0,1762539005448432,1.344991,0.138170,-0.014422,1173.910645,0.715532,67.193756,-61.987354
SCANNING,0,1762539005457420,1.346546,0.138145,-0.014546,1173.939453,1.411838,67.201126,-61.987354
SCANNING,0,1762539005466636,1.348202,0.138117,-0.014678,1173.966309,1.835399,67.208977,-61.987354
SCANNING,0,1762539005478425,1.367655,0.137798,-0.016233,1173.990845,1.143065,67.217499,-62.071033
SCANNING,0,1762539005487451,1.369593,0.137767,-0.016388,1174.020752,2.005280,67.226685,-62.071033
SCANNING,0,1762539005496596,1.371565,0.137734,-0.016546,1174.046875,1.385343,67.236031,-62.071033
SCANNING,0,1762539005506439,1.373411,0.137704,-0.016694,1174.072510,0.910770,67.244781,-62.071033
SCANNING,0,1762539005516541,1.375112,0.137676,-0.016830,1174.099365,0.757557,67.252846,-62.071033
SCANNING,1762539005539256,1762539005538423,1.378407,0.137622,-0.017093,1174.157593,1.319330,67.268463,-62.071033
SCANNING,0,1762539005547489,1.380116,0.137678,-0.016975,1174.185059,1.548801,67.276878,-62.071033
SCANNING,0,1762539005556602,1.380116,0.137678,-0.016975,1174.211670,1.637887,67.276878,-62.071033
SCANNING,0,1762539005566531,1.399458,0.138309,-0.015639,1174.236572,0.476314,67.286041,-62.157093
SCANNING,0,1762539005578424,1.403197,0.138432,-0.015381,1174.262573,-0.064546,67.304451,-62.157093
SCANNING,0,1762539005587446,1.404840,0.138485,-0.015268,1174.290161,0.935621,67.312538,-62.157093
SCANNING,0,1762539005596674,1.406425,0.138537,-0.015158,1174.316406,0.964471,67.320343,-62.157093
SCANNING,0,1762539005606498,1.407976,0.138588,-0.015051,1174.344360,1.825312,67.327980,-62.157093
SCANNING,0,1762539005628760,1.411441,0.138701,-0.014812,1174.399658,2.147200,67.345039,-62.157093
SCANNING,1762539005638997,1762539005638238,1.413405,0.138765,-0.014676,1174.428345,3.391605,67.354706,-62.157093
SCANNING,0,1762539005647397,1.415413,0.138599,-0.014709,1174.452271,2.979378,67.364113,-62.157093
SCANNING,0,1762539005656564,1.417297,0.138443,-0.014740,1174.479126,3.664974,67.372940,-62.157093
SCANNING,0,1762539005666538,1.419082,0.138295,-0.014769,1174.499756,3.448080,67.381302,-62.157093
SCANNING,0,1762539005678463,1.439370,0.136616,-0.015104,1174.523071,1.828011,67.389603,-62.243847
SCANNING,0,1762539005687464,1.441222,0.136463,-0.015134,1174.545654,1.204020,67.398277,-62.243847
SCANNING,0,1762539005696545,1.443194,0.136299,-0.015167,1174.573242,1.970050,67.407516,-62.243847
SCANNING,0,1762539005706536,1.445262,0.136128,-0.015201,1174.598755,1.149104,67.417206,-62.243847
SCANNING,0,1762539005728497,1.449064,0.135813,-0.015263,1174.652954,1.250672,67.435020,-62.243847
SCANNING,1762539005739238,1762539005737518,1.450748,0.135674,-0.015291,1174.679321,1.349178,67.442909,-62.243847
SCANNING,0,1762539005746558,1.452462,0.135721,-0.015309,1174.706299,2.510941,67.450897,-62.243847
SCANNING,0,1762539005756545,1.454286,0.135771,-0.015328,1174.732178,1.078202,67.459396,-62.243847
SCANNING,0,1762539005766536,1.456302,0.135826,-0.015349,1174.761597,1.471953,67.468796,-62.243847
SCANNING,0,1762539005778467,1.477382,0.136404,-0.015571,1174.789551,1.885628,67.479164,-62.331722
SCANNING,0,1762539005787534,1.479604,0.136465,-0.015595,1174.815430,3.669662,67.489517,-62.331722
SCANNING,0,1762539005796652,1.481586,0.136520,-0.015615,1174.836548,4.385216,67.498756,-62.331722
SCANNING,0,1762539005806519,1.483398,0.136569,-0.015635,1174.861694,3.064784,67.507202,-62.331722
SCANNING,0,1762539005828443,1.487067,0.136670,-0.015673,1174.909912,0.292624,67.524300,-62.331722
SCANNING,1762539005839106,1762539005837417,1.489144,0.136727,-0.015695,1174.939575,1.245263,67.533981,-62.331722
SCANNING,0,1762539005846604,1.491239,0.137034,-0.015725,1174.968384,1.988387,67.544334,-62.331722
SCANNING,0,1762539005856499,1.493251,0.137330,-0.015754,1174.994385,1.453701,67.554283,-62.331722
SCANNING,0,1762539005866486,1.495066,0.137596,-0.015779,1175.024780,2.332196,67.563255,-62.331722
SCANNING,0,1762539005878359,1.515466,0.140590,-0.016070,1175.052002,2.600268,67.570755,-62.425053
SCANNING,0,1762539005887479,1.517145,0.140836,-0.016094,1175.082764,4.299645,67.579056,-62.425053
SCANNING,0,1762539005897420,1.518979,0.141105,-0.016120,1175.110474,3.464741,67.588120,-62.425053
SCANNING,0,1762539005906550,1.520968,0.141397,-0.016149,1175.136475,2.451856,67.597954,-62.425053
SCANNING,0,1762539005931388,1.525009,0.141990,-0.016206,1175.193970,3.313680,67.617928,-62.425053
SCANNING,1762539005939083,1762539005938447,1.526747,0.142245,-0.016231,1175.218018,2.648709,67.626518,-62.425053
SCANNING,0,1762539005947471,1.528427,0.142144,-0.016177,1175.242920,2.295686,67.634521,-62.425053
SCANNING,0,1762539005956585,1.530119,0.142042,-0.016122,1175.269775,2.462244,67.642578,-62.425053
SCANNING,0,1762539005965624,1.531930,0.141933,-0.016064,1175.297607,2.629777,67.651207,-62.425053
SCANNING,0,1762539005977609,1.552508,0.140696,-0.015401,1175.325562,3.093091,67.660309,-62.513966
SCANNING,0,1762539005987098,1.554518,0.140575,-0.015336,1175.355957,3.791277,67.669884,-62.513966
SCANNING,0,1762539005996239,1.556416,0.140461,-0.015275,1175.378296,1.926316,67.678925,-62.513966
SCANNING,0,1762539006005530,1.558202,0.140354,-0.015217,1175.401978,1.253634,67.687431,-62.513966
SCANNING,0,1762539006015478,1.559853,0.140255,-0.015164,1175.429321,0.861755,67.695297,-62.513966
SCANNING,1762539006038987,1762539006037441,1.563292,0.140048,-0.015053,1175.488159,1.699567,67.711678,-62.513966
SCANNING,0,1762539006046479,1.565144,0.140160,-0.014945,1175.515991,2.662375,67.720543,-62.513966
SCANNING,0,1762539006055546,1.567119,0.140279,-0.014830,1175.540405,2.697748,67.730003,-62.513966
SCANNING,0,1762539006065540,1.569051,0.140395,-0.014717,1175.564575,3.484800,67.739250,-62.513966
SCANNING,0,1762539006077422,1.589041,0.141601,-0.013550,1175.597412,4.826297,67.747887,-62.601040
SCANNING,0,1762539006086609,1.590724,0.141703,-0.013452,1175.623535,3.890213,67.755943,-62.601040
SCANNING,0,1762539006095630,1.592378,0.141803,-0.013356,1175.648682,4.165085,67.763863,-62.601040
SCANNING,0,1762539006105535,1.594108,0.141907,-0.013255,1175.671387,3.429735,67.772148,-62.601040
SCANNING,0,1762539006115499,1.595966,0.142019,-0.013146,1175.696045,4.020065,67.781044,-62.601040
SCANNING,1762539006138986,1762539006137353,1.599840,0.142253,-0.012920,1175.750244,4.558099,67.799591,-62.601040
SCANNING,0,1762539006146398,1.601599,0.142408,-0.012769,1175.774292,3.701832,67.808464,-62.601040
SCANNING,0,1762539006155527,1.603202,0.142549,-0.012632,1175.792236,0.805232,67.816551,-62.601040
SCANNING,0,1762539006165537,1.604774,0.142687,-0.012497,1175.820435,1.051040,67.824486,-62.601040
SCANNING,0,1762539006177432,1.623165,0.144305,-0.010921,1175.848877,2.425102,67.832512,-62.685802
SCANNING,0,1762539006186461,1.624871,0.144455,-0.010775,1175.880005,3.820511,67.841118,-62.685802
SCANNING,0,1762539006195564,1.626713,0.144617,-0.010618,1175.903198,4.162712,67.850410,-62.685802
SCANNING,0,1762539006205488,1.628565,0.144780,-0.010459,1175.930420,4.608932,67.859756,-62.685802
SCANNING,0,1762539006215512,1.630369,0.144938,-0.010304,1175.956543,3.706306,67.868858,-62.685802
SCANNING,1762539006239089,1762539006237465,1.633640,0.145226,-0.010024,1176.009888,3.435086,67.885361,-62.685802
SCANNING,0,1762539006246481,1.635347,0.145516,-0.009855,1176.038574,3.350962,67.893578,-62.685802
SCANNING,0,1762539006255590,1.637128,0.145818,-0.009678,1176.066650,4.092384,67.902145,-62.685802
SCANNING,0,1762539006265538,1.639033,0.146141,-0.009489,1176.097656,3.869843,67.911316,-62.685802
SCANNING,0,1762539006277414,1.658770,0.149490,-0.007531,1176.124390,3.603254,67.920624,-62.771477
SCANNING,0,1762539006286488,1.660668,0.149812,-0.007343,1176.148926,3.563103,67.929756,-62.771477
SCANNING,0,1762539006295617,1.662377,0.150102,-0.007174,1176.177979,3.938687,67.937981,-62.771477
SCANNING,0,1762539006305539,1.664005,0.150378,-0.007012,1176.202393,3.452247,67.945816,-62.771477
SCANNING,0,1762539006328364,1.667359,0.150948,-0.006680,1176.259033,4.863649,67.961960,-62.771477
SCANNING,1762539006339272,1762539006337372,1.669200,0.151260,-0.006497,1176.284546,4.596628,67.970818,-62.771477
SCANNING,0,1762539006346448,1.671340,0.151490,-0.006527,1176.311890,4.742810,67.980095,-62.771477
SCANNING,0,1762539006355562,1.673438,0.151716,-0.006556,1176.337280,3.661537,67.989189,-62.771477
SCANNING,0,1762539006365503,1.675398,0.151927,-0.006583,1176.366699,4.208307,67.997688,-62.771477
SCANNING,0,1762539006377483,1.697294,0.154283,-0.006886,1176.390259,3.415469,68.005920,-62.858162
SCANNING,0,1762539006386484,1.699137,0.154481,-0.006911,1176.413330,3.661994,68.013908,-62.858162
SCANNING,0,1762539006395660,1.701117,0.154694,-0.006938,1176.440308,3.660295,68.022491,-62.858162
SCANNING,0,1762539006405549,1.703179,0.154916,-0.006967,1176.466919,2.742823,68.031433,-62.858162
SCANNING,0,1762539006427473,1.707583,0.155390,-0.007028,1176.518799,1.651732,68.050522,-62.858162
SCANNING,1762539006438982,1762539006436470,1.709686,0.155616,-0.007057,1176.543823,1.742899,68.059639,-62.858162
SCANNING,0,1762539006445568,1.711624,0.155866,-0.007237,1176.571411,3.139559,68.068336,-62.858162
SCANNING,0,1762539006455513,1.713551,0.156114,-0.007416,1176.597900,2.318776,68.076988,-62.858162
SCANNING,0,1762539006465536,1.715649,0.156384,-0.007610,1176.625977,2.765436,68.086403,-62.858162
SCANNING,0,1762539006477462,1.737952,0.159256,-0.009680,1176.651001,3.024644,68.096672,-62.947998
SCANNING,0,1762539006486454,1.740405,0.159572,-0.009908,1176.676880,3.469591,68.107681,-62.947998
SCANNING,0,1762539006495525,1.742769,0.159877,-0.010127,1176.701050,3.386256,68.118294,-62.947998
SCANNING,0,1762539006505563,1.744880,0.160148,-0.010323,1176.731323,3.655152,68.127769,-62.947998
SCANNING,0,1762539006527740,1.748717,0.160642,-0.010679,1176.783447,4.754637,68.144989,-62.947998
SCANNING,1762539006539136,1762539006537305,1.750546,0.160878,-0.010849,1176.799194,2.726951,68.153198,-62.947998
SCANNING,0,1762539006546498,1.752030,0.160836,-0.010812,1176.821289,0.926415,68.161919,-62.947998
SCANNING,0,1762539006555681,1.753472,0.160794,-0.010776,1176.851807,1.651930,68.170387,-62.947998
SCANNING,0,1762539006565571,1.754804,0.160756,-0.010743,1176.882690,2.206764,68.178215,-62.947998
SCANNING,0,1762539006577623,1.771374,0.160283,-0.010332,1176.911011,2.701878,68.184685,-63.038879
SCANNING,0,1762539006586678,1.772311,0.160257,-0.010309,1176.936523,2.116853,68.190186,-63.038879
SCANNING,0,1762539006596292,1.773113,0.160234,-0.010289,1176.962769,2.116711,68.194901,-63.038879
SCANNING,0,1762539006608249,1.773761,0.160215,-0.010273,1176.989746,1.858138,68.198708,-63.038879
SCANNING,0,1762539006628344,1.774671,0.160189,-0.010251,1177.045044,1.766842,68.204056,-63.038879
SCANNING,1762539006639181,1762539006637527,1.775061,0.160178,-0.010241,1177.069580,0.790163,68.206345,-63.038879
SCANNING,0,1762539006646632,1.774990,0.160273,-0.010281,1177.096680,0.507622,68.207298,-63.038879
SCANNING,0,1762539006656252,1.774968,0.160301,-0.010293,1177.125732,0.651366,68.207581,-63.038879
SCANNING,0,1762539006665549,1.774983,0.160281,-0.010285,1177.156372,2.090744,68.207382,-63.038879
SCANNING,0,1762539006677493,1.772638,0.163392,-0.011598,1177.182617,1.506216,68.206940,-63.071678
SCANNING,0,1762539006686637,1.772638,0.163392,-0.011598,1177.207520,1.865303,68.206604,-63.071678
SCANNING,0,1762539006696285,1.772638,0.163392,-0.011598,1177.235962,1.061065,68.206474,-63.071678
SCANNING,0,1762539006705585,1.772638,0.163392,-0.011598,1177.264893,1.536123,68.206360,-63.071678
SCANNING,0,1762539006727797,1.772638,0.163392,-0.011598,1177.315918,1.937449,68.205978,-63.071678
SCANNING,1762539006739100,1762539006737380,1.772638,0.163392,-0.011598,1177.342407,1.454571,68.205887,-63.071678
SCANNING,0,1762539006746565,1.772638,0.163392,-0.011598,1177.372437,2.295160,68.205887,-63.071678
SCANNING,0,1762539006755629,1.772638,0.163392,-0.011598,1177.398804,2.274888,68.205902,-63.071678
SCANNING,0,1762539006765558,1.772638,0.163392,-0.011598,1177.427856,3.926891,68.205917,-63.071678
SCANNING,0,1762539006777537,1.770860,0.166471,-0.009495,1177.453613,3.757093,68.205925,-63.070736
SCANNING,0,1762539006786631,1.770875,0.166444,-0.009513,1177.482300,4.216005,68.205933,-63.070736
SCANNING,0,1762539006796292,1.770889,0.166420,-0.009530,1177.503906,3.133510,68.205940,-63.070736
SCANNING,0,1762539006805611,1.770875,0.166444,-0.009513,1177.531372,3.571345,68.205933,-63.070736
SCANNING,0,1762539006828350,1.770860,0.166471,-0.009495,1177.577759,2.498060,68.205925,-63.070736
SCANNING,1762539006839038,1762539006837413,1.770844,0.166498,-0.009476,1177.605225,2.785461,68.205917,-63.070736
SCANNING,0,1762539006846507,1.770664,0.166406,-0.009274,1177.634399,2.560347,68.205925,-63.070736
SCANNING,0,1762539006855688,1.770484,0.166315,-0.009072,1177.655640,1.258882,68.205933,-63.070736
SCANNING,0,1762539006865529,1.770484,0.166315,-0.009072,1177.682617,1.804876,68.205933,-63.070736
SCANNING,0,1762539006877533,1.769538,0.165834,-0.008011,1177.709229,1.962385,68.205933,-63.070778
SCANNING,0,1762539006886610,1.769718,0.165926,-0.008213,1177.735229,1.138950,68.205925,-63.070778
SCANNING,0,1762539006896213,1.769538,0.165834,-0.008011,1177.762085,0.498036,68.205933,-63.070778
SCANNING,0,1762539006905565,1.769538,0.165834,-0.008011,1177.791382,1.330910,68.205933,-63.070778
SCANNING,0,1762539006927753,1.769538,0.165834,-0.008011,1177.837158,3.193890,68.205933,-63.070778
SCANNING,1762539006939027,1762539006937259,1.769538,0.165834,-0.008011,1177.867432,4.270731,68.205933,-63.070778
SCANNING,0,1762539006946351,1.769538,0.165834,-0.008011,1177.888550,1.709899,68.205933,-63.070778
SCANNING,0,1762539006955588,1.769538,0.165834,-0.008011,1177.912354,0.997995,68.205933,-63.070778
SCANNING,0,1762539006965567,1.769538,0.165834,-0.008011,1177.942017,2.232032,68.205925,-63.070778
SCANNING,0,1762539006977536,1.769538,0.165834,-0.008011,1177.968262,2.070442,68.205940,-63.070786
SCANNING,0,1762539006986679,1.769538,0.165834,-0.008011,1177.995117,1.813021,68.205940,-63.070786
SCANNING,0,1762539006996323,1.769538,0.165834,-0.008011,1178.026367,2.951608,68.205933,-63.070786
SCANNING,0,1762539007005569,1.769538,0.165834,-0.008011,1178.050903,2.136689,68.205933,-63.070786
SCANNING,0,1762539007027792,1.769538,0.165834,-0.008011,1178.107422,3.193387,68.205925,-63.070786
SCANNING,1762539007039104,1762539007037345,1.770408,0.165641,-0.006201,1178.133911,1.897470,68.205925,-63.070786
SCANNING,0,1762539007046491,1.770614,0.166570,-0.005182,1178.161621,2.106741,68.205933,-63.070786
SCANNING,0,1762539007055731,1.770408,0.165641,-0.006201,1178.189087,2.517975,68.205925,-63.070786
SCANNING,0,1762539007065509,1.770408,0.165641,-0.006201,1178.216187,2.680257,68.205925,-63.070786
SCANNING,0,1762539007077582,1.770614,0.166570,-0.005182,1178.239502,1.619905,68.205933,-63.070786
SCANNING,0,1762539007087137,1.770614,0.166570,-0.005182,1178.268311,2.116226,68.205933,-63.070786
SCANNING,0,1762539007096320,1.770614,0.166570,-0.005182,1178.295410,2.414258,68.205933,-63.070786
SCANNING,0,1762539007110603,1.770614,0.166570,-0.005182,1178.321533,2.076530,68.205933,-63.070786
SCANNING,0,1762539007127831,1.770614,0.166570,-0.005182,1178.377075,1.664776,68.205933,-63.070786
SCANNING,1762539007139384,1762539007137393,1.770614,0.166570,-0.005182,1178.403076,1.614722,68.205933,-63.070786
SCANNING,0,1762539007146535,1.770614,0.166570,-0.005182,1178.427124,0.041184,68.205933,-63.070786
SCANNING,0,1762539007155704,1.770614,0.166570,-0.005182,1178.456177,1.308542,68.205933,-63.070786
SCANNING,0,1762539007165461,1.770614,0.166570,-0.005182,1178.486816,2.278490,68.205933,-63.070786
SCANNING,0,1762539007177331,1.770614,0.166570,-0.005182,1178.513184,3.245859,68.205933,-63.070786
SCANNING,0,1762539007186449,1.770614,0.166570,-0.005182,1178.539062,2.868806,68.205933,-63.070786
SCANNING,0,1762539007196541,1.770614,0.166570,-0.005182,1178.561157,3.096081,68.205933,-63.070786
SCANNING,0,1762539007227519,1.770614,0.166570,-0.005182,1178.644409,3.676556,68.205933,-63.070786
SCANNING,1762539007239063,1762539007236558,1.771195,0.165005,-0.004667,1178.669312,3.752509,68.205933,-63.070786
SCANNING,0,1762539007246225,1.771195,0.165005,-0.004667,1178.692993,3.040533,68.205940,-63.070786
SCANNING,0,1762539007255346,1.771195,0.165005,-0.004667,1178.723633,4.202408,68.205933,-63.070786
SCANNING,0,1762539007264666,1.771195,0.165005,-0.004667,1178.749146,4.452867,68.205933,-63.070786
SCANNING,0,1762539007277124,1.771419,0.163229,-0.003162,1178.772339,3.088279,68.205933,-63.070782
SCANNING,0,1762539007286267,1.771195,0.165005,-0.004667,1178.791504,0.626727,68.205940,-63.070782
SCANNING,0,1762539007295373,1.771419,0.163229,-0.003162,1178.822021,1.993628,68.205933,-63.070782
SCANNING,0,1762539007304573,1.771419,0.163229,-0.003162,1178.846924,3.655059,68.205933,-63.070782
SCANNING,0,1762539007317224,1.771419,0.163229,-0.003162,1178.874268,4.330260,68.205933,-63.070782
SCANNING,0,1762539007330295,1.771419,0.163229,-0.003162,1178.898926,3.656827,68.205933,-63.070782
SCANNING,1762539007339247,1762539007337364,1.771419,0.163229,-0.003162,1178.922607,3.658932,68.205933,-63.070782
SCANNING,0,1762539007346463,1.771419,0.163229,-0.003162,1178.951538,3.757379,68.205933,-63.070782
SCANNING,0,1762539007355597,1.770869,0.163639,-0.002047,1178.976929,3.304145,68.205940,-63.070782
SCANNING,0,1762539007365303,1.771419,0.163229,-0.003162,1179.003784,3.336490,68.205933,-63.070782
SCANNING,0,1762539007376799,1.770869,0.163639,-0.002047,1179.033203,3.152018,68.205933,-63.070786
SCANNING,0,1762539007386343,1.770869,0.163639,-0.002047,1179.058960,3.394725,68.205933,-63.070786
SCANNING,0,1762539007395472,1.770869,0.163639,-0.002047,1179.090820,4.741231,68.205933,-63.070786
SCANNING,0,1762539007404665,1.770869,0.163639,-0.002047,1179.117310,4.487607,68.205933,-63.070786
SCANNING,0,1762539007427669,1.770869,0.163639,-0.002047,1179.171265,4.348334,68.205940,-63.070786
SCANNING,1762539007438996,1762539007436713,1.770869,0.163639,-0.002047,1179.196411,3.233935,68.205933,-63.070786
SCANNING,0,1762539007446324,1.770869,0.163639,-0.002047,1179.224487,3.747861,68.205933,-63.070786
SCANNING,0,1762539007455474,1.770869,0.163639,-0.002047,1179.247803,3.607291,68.205933,-63.070786
SCANNING,0,1762539007464723,1.770869,0.163639,-0.002047,1179.276367,3.822942,68.205933,-63.070786
SCANNING,0,1762539007476686,1.770869,0.163639,-0.002047,1179.302856,3.481400,68.205933,-63.070786
SCANNING,0,1762539007486230,1.770869,0.163639,-0.002047,1179.332642,4.328718,68.205933,-63.070786
SCANNING,0,1762539007495387,1.770869,0.163639,-0.002047,1179.358765,3.470455,68.205933,-63.070786
SCANNING,0,1762539007504589,1.770869,0.163639,-0.002047,1179.383179,2.458651,68.205933,-63.070786
SCANNING,0,1762539007527673,1.770869,0.163639,-0.002047,1179.431396,1.546342,68.205933,-63.070786
SCANNING,1762539007539021,1762539007536805,1.771969,0.161689,0.000394,1179.459839,1.032669,68.205933,-63.070786
SCANNING,0,1762539007546357,1.772822,0.161077,0.000350,1179.489136,1.413119,68.205940,-63.070786
SCANNING,0,1762539007555546,1.771969,0.161689,0.000394,1179.515259,1.337004,68.205933,-63.070786
SCANNING,0,1762539007564629,1.771969,0.161689,0.000394,1179.542114,2.029981,68.205933,-63.070786
SCANNING,0,1762539007576648,1.771969,0.161689,0.000394,1179.569336,3.514117,68.205933,-63.070786
SCANNING,0,1762539007586191,1.771969,0.161689,0.000394,1179.597778,3.069473,68.205933,-63.070786
SCANNING,0,1762539007595330,1.771969,0.161689,0.000394,1179.626221,3.372001,68.205933,-63.070786
SCANNING,0,1762539007604543,1.771969,0.161689,0.000394,1179.651001,3.068051,68.205933,-63.070786
SCANNING,0,1762539007627679,1.771969,0.161689,0.000394,1179.698730,2.754839,68.205933,-63.070786
SCANNING,1762539007639426,1762539007636742,1.772822,0.161077,0.000350,1179.730835,3.896930,68.205940,-63.070786
SCANNING,0,1762539007646419,1.772516,0.160493,0.001181,1179.759155,5.067890,68.205933,-63.070786
SCANNING,0,1762539007655457,1.772516,0.160493,0.001181,1179.781982,4.879628,68.205933,-63.070786
SCANNING,0,1762539007664664,1.772516,0.160493,0.001181,1179.798218,2.130161,68.205933,-63.070786
SCANNING,0,1762539007676665,1.772166,0.159826,0.002131,1179.822632,0.883671,68.205925,-63.070786
SCANNING,0,1762539007686242,1.772516,0.160493,0.001181,1179.849731,1.715491,68.205933,-63.070786
SCANNING,0,1762539007695418,1.772516,0.160493,0.001181,1179.882446,3.113866,68.205933,-63.070786
SCANNING,0,1762539007704600,1.772822,0.161077,0.000350,1179.909180,4.291509,68.205940,-63.070786
SCANNING,0,1762539007727755,1.772516,0.160493,0.001181,1179.957886,3.072899,68.205933,-63.070786
SCANNING,1762539007739009,1762539007736855,1.772166,0.159826,0.002131,1179.985596,3.138774,68.205925,-63.070786
SCANNING,0,1762539007746381,1.770602,0.162223,0.002341,1180.013916,3.601966,68.205933,-63.070786
SCANNING,0,1762539007755534,1.770602,0.162223,0.002341,1180.039917,2.758671,68.205933,-63.070786
SCANNING,0,1762539007764720,1.770602,0.162223,0.002341,1180.067749,3.876905,68.205933,-63.070786
SCANNING,0,1762539007776697,1.770602,0.162223,0.002341,1180.096313,3.166750,68.205940,-63.070786
SCANNING,0,1762539007786234,1.770602,0.162223,0.002341,1180.125488,3.896728,68.205933,-63.070786
SCANNING,0,1762539007795379,1.770602,0.162223,0.002341,1180.151489,3.833621,68.205940,-63.070786
SCANNING,0,1762539007807695,1.770602,0.162223,0.002341,1180.177734,3.692544,68.205933,-63.070786
SCANNING,0,1762539007816880,1.770602,0.162223,0.002341,1180.203247,3.454282,68.205933,-63.070786
SCANNING,1762539007839118,1762539007836482,1.770602,0.162223,0.002341,1180.262817,5.564353,68.205933,-63.070786
SCANNING,0,1762539007845600,1.770602,0.162223,0.002341,1180.284058,3.758138,68.205933,-63.070786
SCANNING,0,1762539007854796,1.770602,0.162223,0.002341,1180.311279,3.669878,68.205933,-63.070786
SCANNING,0,1762539007864545,1.770602,0.162223,0.002341,1180.338867,3.769687,68.205933,-63.070786
SCANNING,0,1762539007876547,1.770602,0.162223,0.002341,1180.368408,4.029682,68.205940,-63.070789
SCANNING,0,1762539007885614,1.770602,0.162223,0.002341,1180.393066,3.545206,68.205933,-63.070789
SCANNING,0,1762539007895243,1.770602,0.162223,0.002341,1180.419067,4.423101,68.205940,-63.070789
SCANNING,0,1762539007904635,1.770602,0.162223,0.002341,1180.447510,4.881700,68.205940,-63.070789
SCANNING,0,1762539007916770,1.770602,0.162223,0.002341,1180.472168,3.965264,68.205940,-63.070789
SCANNING,0,1762539007930188,1.770602,0.162223,0.002341,1180.493896,1.822380,68.205940,-63.070789
SCANNING,0,1762539007937319,1.770602,0.162223,0.002341,1180.520996,2.058637,68.205925,-63.070789
SCANNING,0,1762539007946417,1.770602,0.162223,0.002341,1180.546509,1.648485,68.205933,-63.070789
SCANNING,0,1762539007955608,1.770602,0.162223,0.002341,1180.572998,1.802264,68.205933,-63.070789
SCANNING,0,1762539007964708,1.770602,0.162223,0.002341,1180.598755,0.498641,68.205933,-63.070789
SCANNING,0,1762539007976707,1.770602,0.162223,0.002341,1180.628418,1.713557,68.205940,-63.070786
SCANNING,0,1762539007986263,1.770602,0.162223,0.002341,1180.653320,0.941503,68.205933,-63.070786
SCANNING,0,1762539007995412,1.770602,0.162223,0.002341,1180.679321,1.806048,68.205940,-63.070786
KEY_PRESS_STOP,1762539007938925,1762539007937319,1.771285,0.161416,0.002169,1180.520996,2.058637,0.000000,0.000000
MOTOR_STOPPING,0,1762539008004585,1.770937,0.161915,0.001794,1180.704712,1.928437,68.205933,-63.070786
POST_STOP,1762539008039012,1762539008036584,1.770937,0.161915,0.001794,1180.761353,0.524195,68.205940,-63.070786
POST_STOP,0,1762539008046175,1.768611,0.163449,0.002633,1180.762085,-0.061325,68.205933,-63.070786
POST_STOP,0,1762539008055305,1.768611,0.163449,0.002633,1180.760742,-0.176135,68.205933,-63.070786
POST_STOP,0,1762539008064556,1.768611,0.163449,0.002633,1180.761230,0.063988,68.205933,-63.070786
POST_STOP,0,1762539008076639,1.768611,0.163449,0.002633,1180.760986,-0.201199,68.205933,-63.070786
POST_STOP,0,1762539008086155,1.768611,0.163449,0.002633,1180.762817,0.828833,68.205933,-63.070786
POST_STOP,0,1762539008095385,1.768611,0.163449,0.002633,1180.761597,0.371397,68.205933,-63.070786
POST_STOP,0,1762539008104610,1.770937,0.161915,0.001794,1180.760132,-0.479063,68.205940,-63.070786
POST_STOP,0,1762539008127744,1.770937,0.161915,0.001794,1180.761353,-0.181526,68.205940,-63.070786
POST_STOP,1762539008139393,1762539008136790,1.768611,0.163449,0.002633,1180.761230,-0.159356,68.205933,-63.070786
POST_STOP,0,1762539008146416,1.768611,0.163449,0.002633,1180.761719,-0.062085,68.205925,-63.070786
POST_STOP,0,1762539008155550,1.768014,0.163193,0.003028,1180.762451,0.811583,68.205940,-63.070786
POST_STOP,0,1762539008164680,1.768611,0.163449,0.002633,1180.761475,0.223521,68.205933,-63.070786
POST_STOP,0,1762539008176689,1.768611,0.163449,0.002633,1180.761597,0.176344,68.205933,-63.070786
POST_STOP,0,1762539008186251,1.768611,0.163449,0.002633,1180.761963,0.290809,68.205933,-63.070786
POST_STOP,0,1762539008195469,1.768611,0.163449,0.002633,1180.760986,-0.126319,68.205933,-63.070786
POST_STOP,0,1762539008204653,1.768611,0.163449,0.002633,1180.760986,-0.030609,68.205933,-63.070786
POST_STOP,0,1762539008227806,1.768014,0.163193,0.003028,1180.761230,-0.099206,68.205940,-63.070786
POST_STOP,1762539008239085,1762539008236855,1.768014,0.163193,0.003028,1180.760620,-0.351636,68.205940,-63.070786
POST_STOP,0,1762539008246458,1.768014,0.163193,0.003028,1180.762085,0.476766,68.205940,-63.070786
POST_STOP,0,1762539008255566,1.768014,0.163193,0.003028,1180.762695,0.277251,68.205940,-63.070786
POST_STOP,0,1762539008264746,1.768014,0.163193,0.003028,1180.762085,0.132926,68.205933,-63.070786
POST_STOP,0,1762539008276763,1.768014,0.163193,0.003028,1180.762207,0.487516,68.205940,-63.070786
POST_STOP,0,1762539008286344,1.768014,0.163193,0.003028,1180.761475,0.140613,68.205933,-63.070786
POST_STOP,0,1762539008295545,1.768014,0.163193,0.003028,1180.762085,0.261577,68.205933,-63.070786
POST_STOP,0,1762539008304696,1.768014,0.163193,0.003028,1180.761230,-0.102809,68.205925,-63.070786
POST_STOP,0,1762539008326838,1.768014,0.163193,0.003028,1180.760498,-0.111492,68.205933,-63.070786
POST_STOP,1762539008339173,1762539008336410,1.768071,0.162943,0.002359,1180.759888,-0.242157,68.205940,-63.070786
POST_STOP,0,1762539008345565,1.768071,0.162943,0.002359,1180.761353,0.130674,68.205933,-63.070786
POST_STOP,0,1762539008354696,1.768071,0.162943,0.002359,1180.762451,0.217104,68.205940,-63.070786
POST_STOP,0,1762539008364541,1.768071,0.162943,0.002359,1180.761475,0.007020,68.205940,-63.070786
POST_STOP,0,1762539008376562,1.768071,0.162943,0.002359,1180.761475,-0.212817,68.205940,-63.070786
POST_STOP,0,1762539008385704,1.768071,0.162943,0.002359,1180.761719,0.334049,68.205940,-63.070786
POST_STOP,0,1762539008395268,1.768071,0.162943,0.002359,1180.761353,0.252180,68.205940,-63.070786
POST_STOP,0,1762539008409612,1.768071,0.162943,0.002359,1180.761108,0.045029,68.205933,-63.070786
POST_STOP,0,1762539008416750,1.768071,0.162943,0.002359,1180.761108,0.198208,68.205940,-63.070786
POST_STOP,0,1762539008430248,1.768071,0.162943,0.002359,1180.760376,-0.357093,68.205940,-63.070786
POST_STOP,1762539008439033,1762539008437371,1.770011,0.164359,0.001468,1180.762451,0.283023,68.205940,-63.070786
POST_STOP,0,1762539008446406,1.770011,0.164359,0.001468,1180.760620,-0.225911,68.205933,-63.070786
POST_STOP,0,1762539008455638,1.770011,0.164359,0.001468,1180.761108,0.266299,68.205933,-63.070786
POST_STOP,0,1762539008464678,1.770011,0.164359,0.001468,1180.760254,-0.340421,68.205933,-63.070786
POST_STOP,0,1762539008479645,1.770011,0.164359,0.001468,1180.763062,0.418650,68.205940,-63.070786
POST_STOP,0,1762539008486732,1.770011,0.164359,0.001468,1180.761597,0.303715,68.205940,-63.070786
POST_STOP,0,1762539008496236,1.770011,0.164359,0.001468,1180.761475,-0.023702,68.205933,-63.070786
POST_STOP,0,1762539008516686,1.770011,0.164359,0.001468,1180.760132,-0.216268,68.205933,-63.070786
POST_STOP,1762539008539427,1762539008536346,1.766742,0.165445,0.001407,1180.761108,-0.313343,68.205940,-63.070786
POST_STOP,0,1762539008545558,1.766367,0.164617,0.001538,1180.760498,-0.202387,68.205933,-63.070786
POST_STOP,0,1762539008554640,1.766742,0.165445,0.001407,1180.760132,-0.439303,68.205940,-63.070786
POST_STOP,0,1762539008564257,1.766367,0.164617,0.001538,1180.760986,0.001710,68.205933,-63.070786
POST_STOP,0,1762539008576318,1.766742,0.165445,0.001407,1180.760742,-0.461749,68.205940,-63.070786
POST_STOP,0,1762539008585421,1.766742,0.165445,0.001407,1180.761353,-0.061670,68.205940,-63.070786
POST_STOP,0,1762539008594529,1.766742,0.165445,0.001407,1180.760620,0.085442,68.205940,-63.070786
POST_STOP,0,1762539008603766,1.766742,0.165445,0.001407,1180.761353,-0.053932,68.205940,-63.070786
POST_STOP,0,1762539008616374,1.766742,0.165445,0.001407,1180.760986,-0.240268,68.205940,-63.070786
POST_STOP,1762539008639066,1762539008635563,1.766367,0.164617,0.001538,1180.762085,0.311536,68.205933,-63.070786
POST_STOP,0,1762539008644674,1.766367,0.164617,0.001538,1180.763062,0.562845,68.205933,-63.070786
POST_STOP,0,1762539008654312,1.765125,0.162068,0.000401,1180.761108,0.067492,68.205940,-63.070786
POST_STOP,0,1762539008663595,1.766367,0.164617,0.001538,1180.762329,0.395638,68.205933,-63.070786
POST_STOP,0,1762539008675632,1.765125,0.162068,0.000401,1180.760742,-0.076628,68.205940,-63.070786
POST_STOP,0,1762539008684748,1.766367,0.164617,0.001538,1180.760742,-0.385384,68.205933,-63.070786
POST_STOP,0,1762539008694357,1.766367,0.164617,0.001538,1180.761597,0.538085,68.205933,-63.070786
POST_STOP,0,1762539008703548,1.765125,0.162068,0.000401,1180.761353,-0.093612,68.205940,-63.070786
POST_STOP,0,1762539008716306,1.766367,0.164617,0.001538,1180.760254,-0.335454,68.205933,-63.070786
POST_STOP,1762539008739102,1762539008735629,1.765125,0.162068,0.000401,1180.761719,0.191557,68.205940,-63.070786
POST_STOP,0,1762539008744688,1.767177,0.163950,-0.001342,1180.760620,-0.245514,68.205933,-63.070786
POST_STOP,0,1762539008753740,1.767177,0.163950,-0.001342,1180.761108,-0.242845,68.205933,-63.070786
POST_STOP,0,1762539008763561,1.767177,0.163950,-0.001342,1180.761230,0.017042,68.205933,-63.070786
POST_STOP,0,1762539008775586,1.765125,0.162068,0.000401,1180.761353,-0.102055,68.205940,-63.070786
POST_STOP,0,1762539008784685,1.765125,0.162068,0.000401,1180.761963,0.401358,68.205940,-63.070786
POST_STOP,0,1762539008794424,1.765125,0.162068,0.000401,1180.760986,0.019710,68.205940,-63.070786
POST_STOP,0,1762539008803554,1.767177,0.163950,-0.001342,1180.759888,-0.665326,68.205933,-63.070786
POST_STOP,0,1762539008826674,1.767177,0.163950,-0.001342,1180.760498,-0.472697,68.205933,-63.070786
POST_STOP,1762539008839073,1762539008835778,1.767177,0.163950,-0.001342,1180.760742,-0.386343,68.205933,-63.070786
POST_STOP,0,1762539008845324,1.767177,0.163950,-0.001342,1180.759521,-0.287537,68.205933,-63.070786
POST_STOP,0,1762539008854493,1.767177,0.163950,-0.001342,1180.759766,-0.808685,68.205933,-63.070786
POST_STOP,0,1762539008863581,1.767177,0.163950,-0.001342,1180.761108,-0.134854,68.205925,-63.070786
POST_STOP,0,1762539008876213,1.767177,0.163950,-0.001342,1180.763184,0.494387,68.205933,-63.070786
POST_STOP,0,1762539008885268,1.767177,0.163950,-0.001342,1180.761353,0.029921,68.205933,-63.070786
POST_STOP,0,1762539008894421,1.766491,0.164136,-0.001819,1180.760132,-0.316555,68.205940,-63.070786
POST_STOP,0,1762539008903576,1.767177,0.163950,-0.001342,1180.760864,-0.142618,68.205933,-63.070786
POST_STOP,0,1762539008926732,1.766491,0.164136,-0.001819,1180.761841,0.705767,68.205940,-63.070786
POST_STOP,1762539008939050,1762539008935872,1.766491,0.164136,-0.001819,1180.761963,0.210981,68.205940,-63.070786
POST_STOP,0,1762539008945465,1.766491,0.164136,-0.001819,1180.762451,0.273887,68.205940,-63.070786
POST_STOP,0,1762539008954585,1.766491,0.164136,-0.001819,1180.761963,0.218827,68.205948,-63.070786
POST_STOP,0,1762539008963718,1.766491,0.164136,-0.001819,1180.762451,0.129029,68.205940,-63.070786
POST_STOP,0,1762539008975723,1.767137,0.164597,-0.001133,1180.761597,0.332756,68.205933,-63.070786
POST_STOP,0,1762539008985328,1.766491,0.164136,-0.001819,1180.762695,0.670403,68.205940,-63.070786
POST_STOP,0,1762539008994572,1.767137,0.164597,-0.001133,1180.762329,0.586468,68.205933,-63.070786
POST_STOP,0,1762539009003722,1.767137,0.164597,-0.001133,1180.761353,0.353220,68.205933,-63.070786
POST_STOP,0,1762539009029199,1.766491,0.164136,-0.001819,1180.761475,0.125287,68.205940,-63.070786
POST_STOP,1762539009039238,1762539009036390,1.767137,0.164597,-0.001133,1180.761963,0.420194,68.205933,-63.070786
POST_STOP,0,1762539009045444,1.767137,0.164597,-0.001133,1180.760742,-0.359458,68.205940,-63.070786
POST_STOP,0,1762539009054581,1.767137,0.164597,-0.001133,1180.760742,-0.517680,68.205940,-63.070786
POST_STOP,0,1762539009063752,1.767137,0.164597,-0.001133,1180.761597,-0.244419,68.205933,-63.070786
POST_STOP,0,1762539009075843,1.767137,0.164597,-0.001133,1180.760132,-0.552938,68.205933,-63.070786
POST_STOP,0,1762539009085352,1.767137,0.164597,-0.001133,1180.759644,-0.543334,68.205940,-63.070786
POST_STOP,0,1762539009094505,1.767137,0.164597,-0.001133,1180.761230,0.143438,68.205933,-63.070786
POST_STOP,0,1762539009103650,1.767137,0.164597,-0.001133,1180.761353,0.013114,68.205940,-63.070786
POST_STOP,0,1762539009129221,1.767137,0.164597,-0.001133,1180.761353,-0.404827,68.205933,-63.070786
POST_STOP,1762539009139051,1762539009136451,1.768779,0.164028,-0.000173,1180.760498,-0.112782,68.205933,-63.070786
POST_STOP,0,1762539009145507,1.770298,0.163526,-0.001219,1180.761597,0.505996,68.205940,-63.070786
POST_STOP,0,1762539009154586,1.770298,0.163526,-0.001219,1180.761353,-0.091941,68.205940,-63.070786
POST_STOP,0,1762539009163665,1.770298,0.163526,-0.001219,1180.760864,-0.381992,68.205940,-63.070786
POST_STOP,0,1762539009175713,1.770298,0.163526,-0.001219,1180.760132,-0.495412,68.205940,-63.070786
POST_STOP,0,1762539009185324,1.768779,0.164028,-0.000173,1180.760498,-0.216187,68.205933,-63.070786
POST_STOP,0,1762539009194500,1.768779,0.164028,-0.000173,1180.761597,0.181212,68.205933,-63.070786
POST_STOP,0,1762539009206314,1.770298,0.163526,-0.001219,1180.760742,-0.472360,68.205940,-63.070786
POST_STOP,0,1762539009215888,1.770298,0.163526,-0.001219,1180.760864,-0.032515,68.205940,-63.070786
POST_STOP,1762539009239079,1762539009235522,1.772034,0.162952,-0.002415,1180.762817,0.333167,68.205948,-63.070786
POST_STOP,0,1762539009244620,1.771953,0.164352,-0.001478,1180.763062,0.250741,68.205940,-63.070786
POST_STOP,0,1762539009254272,1.771953,0.164352,-0.001478,1180.761475,0.021457,68.205933,-63.070786
POST_STOP,0,1762539009263625,1.771953,0.164352,-0.001478,1180.761108,-0.075762,68.205933,-63.070786
POST_STOP,0,1762539009275685,1.771953,0.164352,-0.001478,1180.760620,-0.255870,68.205940,-63.070786
POST_STOP,0,1762539009285286,1.771953,0.164352,-0.001478,1180.761108,0.094643,68.205940,-63.070786
POST_STOP,0,1762539009294410,1.771953,0.164352,-0.001478,1180.762451,0.247866,68.205940,-63.070786
POST_STOP,0,1762539009303603,1.771953,0.164352,-0.001478,1180.761353,-0.039295,68.205940,-63.070786
POST_STOP,0,1762539009315779,1.771953,0.164352,-0.001478,1180.760986,0.041166,68.205940,-63.070786
POST_STOP,0,1762539009329310,1.771953,0.164352,-0.001478,1180.762451,0.356232,68.205940,-63.070786
POST_STOP,1762539009339027,1762539009336444,1.771953,0.164352,-0.001478,1180.761353,0.141110,68.205940,-63.070786
POST_STOP,0,1762539009345607,1.771953,0.164352,-0.001478,1180.761841,-0.189424,68.205940,-63.070786
POST_STOP,0,1762539009354613,1.771953,0.164352,-0.001478,1180.762329,0.324296,68.205940,-63.070786
POST_STOP,0,1762539009364325,1.771953,0.164352,-0.001478,1180.762695,0.220623,68.205933,-63.070786
POST_STOP,0,1762539009375783,1.771953,0.164352,-0.001478,1180.761353,-0.259713,68.205933,-63.070786
POST_STOP,0,1762539009385380,1.771953,0.164352,-0.001478,1180.761841,-0.111044,68.205940,-63.070786
POST_STOP,0,1762539009394560,1.771953,0.164352,-0.001478,1180.762085,-0.099048,68.205933,-63.070786
POST_STOP,0,1762539009403655,1.771953,0.164352,-0.001478,1180.760986,-0.312766,68.205933,-63.070786
POST_STOP,0,1762539009416387,1.771953,0.164352,-0.001478,1180.761353,0.018570,68.205933,-63.070786
POST_STOP,0,1762539009435577,1.771953,0.164352,-0.001478,1180.760498,-0.075079,68.205940,-63.070786
POST_STOP,0,1762539009444696,1.771953,0.164352,-0.001478,1180.760742,0.045553,68.205940,-63.070786
POST_STOP,0,1762539009454326,1.771953,0.164352,-0.001478,1180.760864,-0.000793,68.205933,-63.070786
POST_STOP,0,1762539009463598,1.771953,0.164352,-0.001478,1180.760498,-0.288202,68.205940,-63.070786
POST_STOP,0,1762539009475691,1.771953,0.164352,-0.001478,1180.760742,-0.176128,68.205933,-63.070786
POST_STOP,0,1762539009485245,1.771953,0.164352,-0.001478,1180.762085,0.425590,68.205940,-63.070786
POST_STOP,0,1762539009494343,1.771953,0.164352,-0.001478,1180.760498,-0.123600,68.205940,-63.070786
POST_STOP,0,1762539009503581,1.771953,0.164352,-0.001478,1180.761963,0.260344,68.205933,-63.070786
ARDUINO_STOP,1762539009439378,1762539009435577,1.773832,0.163426,-0.001216,1180.760498,-0.075079,0.000000,0.000000
