event,fastlio_time_us,gpr_time_us,pos_x,pos_y,pos_z,gpr_position,gpr_velocity,left_position,right_position
KEY_PRESS_START,1762537444469963,1762537444474236,0.239839,0.003318,-0.010451,924.086914,-0.678325,0.000000,0.000000
ARDUINO_START,0,1762537444474236,0.239839,0.003318,-0.010451,924.086914,-0.678325,0.000000,0.000000
PRE_MOTOR,1762537446369952,1762537446412762,0.242782,0.003135,-0.006639,924.088867,0.219098,15.558445,-17.297688
PRE_MOTOR,0,1762537446433491,0.241297,0.003503,-0.006644,924.086243,-1.279154,15.558451,-17.297686
PRE_MOTOR,0,1762537446443081,0.242782,0.003135,-0.006639,924.088135,-0.092627,15.558447,-17.297682
PRE_MOTOR,0,1762537446452758,0.242411,0.003227,-0.006640,924.087402,-0.223064,15.558446,-17.297688
PRE_MOTOR,0,1762537446463634,0.242782,0.003135,-0.006639,924.087769,-0.303195,15.558451,-17.297682
PRE_MOTOR,1762537446469931,1762537446473254,0.240926,0.003595,-0.006645,924.087463,-0.303143,15.558452,-17.297686
PRE_MOTOR,0,1762537446482890,0.240882,0.003074,-0.006926,924.088501,-0.140177,15.558450,-17.297686
PRE_MOTOR,0,1762537446492477,0.240795,0.002033,-0.007488,924.088013,-0.267067,15.558448,-17.297684
PRE_MOTOR,0,1762537446503280,0.240795,0.002033,-0.007488,924.088806,-0.150406,15.558452,-17.297680
PRE_MOTOR,0,1762537446512787,0.240926,0.003595,-0.006645,924.088257,-0.013070,15.558453,-17.297686
PRE_MOTOR,0,1762537446543485,0.240882,0.003074,-0.006926,924.087585,0.012948,15.558450,-17.297686
PRE_MOTOR,0,1762537446553064,0.240838,0.002553,-0.007207,924.088501,0.050469,15.558448,-17.297686
PRE_MOTOR,0,1762537446563296,0.240751,0.001512,-0.007769,924.088562,-0.260153,15.558445,-17.297684
PRE_MOTOR,1762537446569862,1762537446572848,0.240751,0.001512,-0.007769,924.087708,-0.214101,15.558446,-17.297684
PRE_MOTOR,0,1762537446582453,0.240751,0.001512,-0.007769,924.088684,0.353395,15.558450,-17.297684
PRE_MOTOR,0,1762537446602814,0.240751,0.001512,-0.007769,924.088379,-0.165300,15.558451,-17.297684
PRE_MOTOR,0,1762537446612400,0.240060,0.001745,-0.007518,924.088806,0.039271,15.558445,-17.297684
PRE_MOTOR,0,1762537446623216,0.239368,0.001978,-0.007266,924.088989,0.149726,15.558440,-17.297684
PRE_MOTOR,0,1762537446652829,0.240751,0.001512,-0.007769,924.089539,0.505156,15.558449,-17.297684
PRE_MOTOR,0,1762537446662947,0.239368,0.001978,-0.007266,924.088989,0.384046,15.558443,-17.297680
PRE_MOTOR,1762537446669957,1762537446672600,0.239368,0.001978,-0.007266,924.087097,-0.425757,15.558448,-17.297680
PRE_MOTOR,0,1762537446683192,0.239368,0.001978,-0.007266,924.087219,-0.262031,15.558448,-17.297680
PRE_MOTOR,0,1762537446702879,0.239368,0.001978,-0.007266,924.088318,0.350653,15.558446,-17.297680
PRE_MOTOR,0,1762537446712509,0.239810,0.000806,-0.007022,924.088318,0.062106,15.558452,-17.297680
PRE_MOTOR,0,1762537446723168,0.239368,0.001978,-0.007266,924.090271,0.957167,15.558447,-17.297680
PRE_MOTOR,0,1762537446752839,0.239479,0.001685,-0.007205,924.088562,0.320992,15.558449,-17.297680
PRE_MOTOR,0,1762537446762893,0.239921,0.000513,-0.006961,924.088379,0.316581,15.558450,-17.297686
PRE_MOTOR,1762537446769040,1762537446772457,0.239921,0.000513,-0.006961,924.088867,0.642544,15.558447,-17.297686
PRE_MOTOR,0,1762537446783165,0.240074,0.000376,-0.007024,924.088501,0.185741,15.558446,-17.297686
PRE_MOTOR,0,1762537446802937,0.240074,0.000376,-0.007024,924.087708,-0.234904,15.558446,-17.297686
PRE_MOTOR,0,1762537446812545,0.239921,0.000513,-0.006961,924.087708,-0.298666,15.558449,-17.297686
PRE_MOTOR,0,1762537446822109,0.239921,0.000513,-0.006961,924.088623,-0.259878,15.558447,-17.297686
PRE_MOTOR,0,1762537446852618,0.240381,0.000103,-0.007150,924.089111,0.135182,15.558444,-17.297686
PRE_MOTOR,0,1762537446862714,0.240687,-0.000170,-0.007276,924.088806,0.487929,15.558446,-17.297680
PRE_MOTOR,1762537446869364,1762537446872346,0.240687,-0.000170,-0.007276,924.088135,0.254890,15.558448,-17.297680
PRE_MOTOR,0,1762537446882206,0.241276,0.000578,-0.008585,924.087158,-0.201816,15.558445,-17.297680
PRE_MOTOR,0,1762537446902270,0.240687,-0.000170,-0.007276,924.088440,-0.237556,15.558449,-17.297680
PRE_MOTOR,0,1762537446912111,0.241276,0.000578,-0.008585,924.089355,0.443107,15.558445,-17.297680
PRE_MOTOR,0,1762537446932924,0.240883,0.000079,-0.007712,924.087341,-0.260340,15.558447,-17.297680
PRE_MOTOR,0,1762537446952217,0.240687,-0.000170,-0.007276,924.088379,0.156170,15.558450,-17.297680
PRE_MOTOR,0,1762537446962632,0.240687,-0.000170,-0.007276,924.088257,-0.056656,15.558449,-17.297682
PRE_MOTOR,1762537446969063,1762537446972206,0.241473,0.000827,-0.009022,924.088623,0.140844,15.558442,-17.297682
PRE_MOTOR,0,1762537446982172,0.241457,0.001323,-0.009225,924.088074,0.479480,15.558447,-17.297682
PRE_MOTOR,0,1762537447002257,0.241444,0.001720,-0.009387,924.088501,-0.187250,15.558451,-17.297682
PRE_MOTOR,0,1762537447012102,0.241457,0.001323,-0.009225,924.088440,0.028646,15.558447,-17.297682
GPR_MOTOR_START,0,1762537447052233,0.241466,0.001025,-0.009103,924.086731,-0.246661,15.558444,-17.297682
SCANNING,0,1762537447062635,0.241460,0.001224,-0.009184,924.077515,-0.658686,15.558442,-17.297686
SCANNING,1762537447069926,1762537447072270,0.241434,0.002017,-0.009509,924.081482,0.358311,15.558450,-17.297686
SCANNING,0,1762537447082220,0.241474,0.002054,-0.009646,924.091125,1.287287,15.558449,-17.297686
SCANNING,0,1762537447102174,0.241474,0.002054,-0.009646,924.133484,1.838236,15.558449,-17.297686
SCANNING,0,1762537447112108,0.241434,0.002017,-0.009509,924.160706,2.049632,15.558450,-17.297686
SCANNING,0,1762537447132512,0.241434,0.002017,-0.009509,924.213928,2.265579,15.558451,-17.297686
SCANNING,0,1762537447152230,0.241434,0.002017,-0.009509,924.263794,0.647953,15.558450,-17.297686
SCANNING,0,1762537447162668,0.241712,0.002273,-0.010469,924.290161,1.232891,15.558449,-17.297680
SCANNING,1762537447169958,1762537447172280,0.241792,0.002346,-0.010743,924.317322,1.244089,15.558447,-17.297680
SCANNING,0,1762537447181900,0.242274,0.001826,-0.010215,924.342529,1.337527,15.558449,-17.297680
SCANNING,0,1762537447202284,0.241792,0.002346,-0.010743,924.399841,1.723103,15.558446,-17.297680
SCANNING,0,1762537447211918,0.242033,0.002086,-0.010479,924.427429,2.241798,15.558448,-17.297680
SCANNING,0,1762537447222109,0.241792,0.002346,-0.010743,924.454102,2.609857,15.558445,-17.297680
SCANNING,0,1762537447242811,0.241792,0.002346,-0.010743,924.505249,3.740469,15.558444,-17.297680
SCANNING,0,1762537447252454,0.241792,0.002346,-0.010743,924.529480,3.180498,15.558441,-17.297680
SCANNING,0,1762537447262484,0.241792,0.002346,-0.010743,924.552185,2.654619,15.558442,-17.297684
SCANNING,1762537447269910,1762537447272094,0.242757,0.001305,-0.009687,924.579468,2.760293,15.558447,-17.297684
SCANNING,0,1762537447282141,0.242757,0.001305,-0.009687,924.608459,3.833039,15.558448,-17.297684
SCANNING,0,1762537447301818,0.242757,0.001305,-0.009687,924.657166,1.732639,15.558452,-17.297684
SCANNING,0,1762537447312091,0.242836,0.001237,-0.009433,924.683838,1.903075,15.558446,-17.297684
SCANNING,0,1762537447322088,0.242757,0.001305,-0.009687,924.709412,2.149486,15.558449,-17.297684
SCANNING,0,1762537447332931,0.242757,0.001305,-0.009687,924.733459,0.483755,15.558451,-17.297684
SCANNING,0,1762537447352247,0.242757,0.001305,-0.009687,924.791809,1.428420,15.558449,-17.297684
SCANNING,0,1762537447362381,0.243150,0.000965,-0.008416,924.818237,3.646608,15.558441,-17.297682
SCANNING,1762537447369991,1762537447371938,0.243150,0.000965,-0.008416,924.841492,4.796140,15.558444,-17.297682
SCANNING,0,1762537447382148,0.243287,0.002012,-0.008223,924.869019,3.986988,15.558448,-17.297682
SCANNING,0,1762537447392824,0.243492,0.003582,-0.007933,924.892212,2.838068,15.558455,-17.297682
SCANNING,0,1762537447402432,0.243424,0.003059,-0.008030,924.913635,1.091146,15.558452,-17.297682
SCANNING,0,1762537447411964,0.243150,0.000965,-0.008416,924.944641,2.313582,15.558442,-17.297682
SCANNING,0,1762537447422132,0.243184,0.001227,-0.008368,924.971741,2.090560,15.558445,-17.297682
SCANNING,0,1762537447432935,0.243184,0.001227,-0.008368,924.997009,2.067910,15.558445,-17.297682
SCANNING,0,1762537447451767,0.243150,0.000965,-0.008416,925.054138,2.765559,15.558441,-17.297682
SCANNING,0,1762537447462655,0.243184,0.001227,-0.008368,925.086975,4.580173,15.558445,-17.297682
SCANNING,1762537447469958,1762537447472239,0.243492,0.003582,-0.007933,925.111023,3.051284,15.558454,-17.297682
SCANNING,0,1762537447481829,0.243442,0.003619,-0.006848,925.137817,2.719325,15.558449,-17.297682
SCANNING,0,1762537447502278,0.243403,0.003649,-0.005979,925.190796,2.331016,15.558445,-17.297682
SCANNING,0,1762537447511838,0.243452,0.003612,-0.007065,925.217224,2.459858,15.558450,-17.297682
SCANNING,0,1762537447532470,0.243442,0.003619,-0.006848,925.267334,1.210305,15.558449,-17.297682
SCANNING,0,1762537447552158,0.243383,0.003664,-0.005545,925.322998,2.967346,15.558443,-17.297682
SCANNING,0,1762537447562217,0.243403,0.003649,-0.005979,925.352661,3.308100,15.558447,-17.297680
SCANNING,1762537447569927,1762537447571877,0.243373,0.003671,-0.005328,925.378906,1.851116,15.558444,-17.297680
SCANNING,0,1762537447582124,0.243286,0.003710,-0.005463,925.403015,1.626892,15.558445,-17.297680
SCANNING,0,1762537447592722,0.243200,0.003750,-0.005598,925.426270,0.141671,15.558446,-17.297680
SCANNING,0,1762537447602333,0.242767,0.003947,-0.006272,925.457947,1.740737,15.558451,-17.297680
SCANNING,0,1762537447611921,0.242680,0.003986,-0.006407,925.487427,2.083003,15.558452,-17.297680
SCANNING,0,1762537447632462,0.242853,0.003907,-0.006137,925.539185,2.826072,15.558450,-17.297680
SCANNING,0,1762537447652124,0.243027,0.003828,-0.005867,925.594543,4.074774,15.558448,-17.297680
SCANNING,0,1762537447662363,0.242853,0.003907,-0.006137,925.623962,4.581700,15.558444,-17.297686
SCANNING,1762537447669891,1762537447671857,0.242680,0.003986,-0.006407,925.645264,3.452288,15.558446,-17.297686
SCANNING,0,1762537447681530,0.242680,0.003986,-0.006407,925.671570,4.414327,15.558451,-17.297686
SCANNING,0,1762537447701759,0.242715,0.004030,-0.006342,925.723022,3.984288,15.558445,-17.297686
SCANNING,0,1762537447712078,0.242680,0.003986,-0.006407,925.750183,4.578763,15.558447,-17.297686
SCANNING,0,1762537447732607,0.242680,0.003986,-0.006407,925.794495,1.409996,15.558450,-17.297686
SCANNING,0,1762537447752295,0.242820,0.004162,-0.006149,925.849915,2.641374,15.558442,-17.297686
SCANNING,0,1762537447762306,0.242680,0.003986,-0.006407,925.880737,3.359591,15.558452,-17.297682
SCANNING,1762537447769983,1762537447771921,0.242961,0.004337,-0.005890,925.905212,4.316205,15.558442,-17.297682
SCANNING,0,1762537447781491,0.242325,0.003148,-0.006443,925.930969,4.972486,15.558450,-17.297682
SCANNING,0,1762537447801773,0.242881,0.004188,-0.005959,925.984619,3.861707,15.558443,-17.297682
SCANNING,0,1762537447812167,0.242802,0.004040,-0.006028,926.013611,3.879746,15.558444,-17.297682
SCANNING,0,1762537447821811,0.242961,0.004337,-0.005890,926.039185,2.717199,15.558440,-17.297682
SCANNING,0,1762537447851921,0.242405,0.003297,-0.006373,926.123535,4.120575,15.558449,-17.297682
SCANNING,0,1762537447861963,0.242086,0.002702,-0.006650,926.151367,3.803388,15.558447,-17.297688
SCANNING,1762537447869963,1762537447871638,0.241689,0.001959,-0.006995,926.178894,4.470871,15.558452,-17.297688
SCANNING,0,1762537447882135,0.241736,0.003305,-0.007642,926.203186,3.062235,15.558448,-17.297688
SCANNING,0,1762537447901899,0.241748,0.003641,-0.007804,926.258179,4.535066,15.558447,-17.297688
SCANNING,0,1762537447911465,0.241806,0.005323,-0.008613,926.282654,3.761322,15.558441,-17.297688
SCANNING,0,1762537447922110,0.241806,0.005323,-0.008613,926.312988,3.491776,15.558441,-17.297688
SCANNING,0,1762537447951289,0.241759,0.003977,-0.007966,926.390869,4.302303,15.558446,-17.297688
SCANNING,0,1762537447962720,0.241806,0.005323,-0.008613,926.417236,4.225667,15.558447,-17.297680
SCANNING,1762537447970035,1762537447972271,0.241806,0.005323,-0.008613,926.440674,3.495950,15.558450,-17.297680
SCANNING,0,1762537447981822,0.241704,0.005335,-0.009006,926.467041,3.749242,15.558445,-17.297680
SCANNING,0,1762537447992365,0.241704,0.005335,-0.009006,926.488708,1.589072,15.558446,-17.297680
SCANNING,0,1762537448001961,0.241704,0.005335,-0.009006,926.516296,1.147693,15.558447,-17.297680
SCANNING,0,1762537448011663,0.241704,0.005335,-0.009006,926.544067,2.114820,15.558445,-17.297680
SCANNING,0,1762537448021235,0.241704,0.005335,-0.009006,926.569885,2.853726,15.558444,-17.297680
SCANNING,0,1762537448051675,0.241704,0.005335,-0.009006,926.652283,2.185978,15.558446,-17.297680
SCANNING,0,1762537448061799,0.241704,0.005335,-0.009006,926.676453,2.264273,15.558445,-17.297682
SCANNING,1762537448069908,1762537448071365,0.241704,0.005335,-0.009006,926.699463,2.411376,15.558447,-17.297682
SCANNING,0,1762537448082118,0.240956,0.007035,-0.008702,926.732727,2.460641,15.558441,-17.297682
SCANNING,0,1762537448101339,0.241704,0.005335,-0.009006,926.781311,3.608267,15.558447,-17.297682
SCANNING,0,1762537448111101,0.241205,0.006468,-0.008803,926.803711,3.907544,15.558443,-17.297682
SCANNING,0,1762537448121122,0.240956,0.007035,-0.008702,926.823486,0.718374,15.558440,-17.297682
SCANNING,0,1762537448151144,0.241579,0.005618,-0.008955,926.911743,3.595211,15.558446,-17.297682
SCANNING,0,1762537448161647,0.240956,0.007035,-0.008702,926.938232,3.158024,15.558441,-17.297682
SCANNING,1762537448169982,1762537448171214,0.240956,0.007035,-0.008702,926.963135,2.802370,15.558441,-17.297682
SCANNING,0,1762537448181093,0.240956,0.007035,-0.008702,926.987976,1.727646,15.558444,-17.297682
SCANNING,0,1762537448201240,0.240956,0.007035,-0.008702,927.042908,1.823457,15.558452,-17.297682
SCANNING,0,1762537448211159,0.240956,0.007035,-0.008702,927.072327,2.821503,15.558452,-17.297682
SCANNING,0,1762537448231485,0.240956,0.007035,-0.008702,927.129700,2.356587,15.558449,-17.297682
SCANNING,0,1762537448251224,0.240956,0.007035,-0.008702,927.184509,2.598747,15.558444,-17.297682
SCANNING,0,1762537448261719,0.240956,0.007035,-0.008702,927.208435,2.787999,15.558443,-17.297682
SCANNING,1762537448270035,1762537448271290,0.240371,0.009273,-0.007698,927.238831,2.716110,15.558436,-17.297682
SCANNING,0,1762537448281220,0.240657,0.009637,-0.007099,927.265320,2.465420,15.558442,-17.297682
SCANNING,0,1762537448301298,0.240753,0.009758,-0.006899,927.315613,2.947570,15.558444,-17.297682
SCANNING,0,1762537448311065,0.240753,0.009758,-0.006899,927.340698,2.107181,15.558446,-17.297682
SCANNING,0,1762537448331930,0.240753,0.009758,-0.006899,927.397339,3.612893,15.558445,-17.297682
SCANNING,0,1762537448351252,0.240753,0.009758,-0.006899,927.449463,3.855097,15.558450,-17.297682
SCANNING,0,1762537448361695,0.240753,0.009758,-0.006899,927.477234,4.022042,15.558446,-17.297680
SCANNING,1762537448370003,1762537448371298,0.240753,0.009758,-0.006899,927.500366,3.716679,15.558446,-17.297680
SCANNING,0,1762537448381130,0.240867,0.008320,-0.008878,927.525452,2.484413,15.558454,-17.297680
SCANNING,0,1762537448401337,0.240867,0.008320,-0.008878,927.572388,1.187500,15.558448,-17.297680
SCANNING,0,1762537448411131,0.240867,0.008320,-0.008878,927.600830,1.342883,15.558452,-17.297680
SCANNING,0,1762537448421105,0.240867,0.008320,-0.008878,927.628845,1.622103,15.558451,-17.297680
SCANNING,0,1762537448451070,0.240753,0.009758,-0.006899,927.705139,1.947566,15.558444,-17.297680
SCANNING,0,1762537448461664,0.240810,0.009039,-0.007888,927.731995,0.981064,15.558447,-17.297680
SCANNING,1762537448469974,1762537448471267,0.240867,0.008320,-0.008878,927.762268,0.910481,15.558448,-17.297680
SCANNING,0,1762537448480914,0.240867,0.008320,-0.008878,927.790894,2.800452,15.558440,-17.297680
SCANNING,0,1762537448501298,0.241228,0.007748,-0.009161,927.833679,3.905192,15.558450,-17.297680
SCANNING,0,1762537448510811,0.240867,0.008320,-0.008878,927.860229,3.131031,15.558447,-17.297680
SCANNING,0,1762537448521106,0.240867,0.008320,-0.008878,927.887207,1.810568,15.558445,-17.297680
SCANNING,0,1762537448551582,0.240867,0.008320,-0.008878,927.967468,1.642547,15.558448,-17.297680
SCANNING,0,1762537448561712,0.241048,0.008034,-0.009019,927.993591,1.289632,15.558447,-17.297682
SCANNING,1762537448569978,1762537448571327,0.241951,0.006605,-0.009726,928.021179,1.587002,15.558452,-17.297682
SCANNING,0,1762537448580912,0.242019,0.005638,-0.009274,928.046936,1.424007,15.558449,-17.297682
SCANNING,0,1762537448601254,0.242019,0.005638,-0.009274,928.102234,1.828990,15.558449,-17.297682
SCANNING,0,1762537448610863,0.242019,0.005638,-0.009274,928.132568,1.909697,15.558449,-17.297682
SCANNING,0,1762537448621220,0.242019,0.005638,-0.009274,928.158569,1.406307,15.558449,-17.297682
SCANNING,0,1762537448631520,0.242042,0.005316,-0.009123,928.186035,1.846779,15.558448,-17.297682
SCANNING,0,1762537448651141,0.242088,0.004671,-0.008822,928.237061,0.526701,15.558446,-17.297682
SCANNING,0,1762537448661257,0.242202,0.003060,-0.008068,928.263916,0.751136,15.558439,-17.297680
SCANNING,1762537448669945,1762537448670894,0.242202,0.003060,-0.008068,928.290344,0.663473,15.558443,-17.297680
SCANNING,0,1762537448681132,0.242348,0.003220,-0.007684,928.318237,1.440941,15.558447,-17.297680
SCANNING,0,1762537448691770,0.242312,0.003180,-0.007780,928.344910,2.039372,15.558446,-17.297680
SCANNING,0,1762537448701289,0.242202,0.003060,-0.008068,928.372375,1.424536,15.558441,-17.297680
SCANNING,0,1762537448710821,0.242421,0.003299,-0.007492,928.401001,1.809977,15.558449,-17.297680
SCANNING,0,1762537448721091,0.242312,0.003180,-0.007780,928.428650,2.260618,15.558446,-17.297680
SCANNING,0,1762537448731943,0.242202,0.003060,-0.008068,928.455627,2.271563,15.558440,-17.297680
SCANNING,0,1762537448751091,0.242458,0.003339,-0.007395,928.508728,3.663974,15.558450,-17.297680
SCANNING,0,1762537448761176,0.242348,0.003220,-0.007684,928.533020,3.529648,15.558447,-17.297680
SCANNING,1762537448769926,1762537448770891,0.242640,0.003539,-0.006915,928.555542,2.971302,15.558455,-17.297680
SCANNING,0,1762537448781136,0.243062,0.003109,-0.007430,928.585510,3.835708,15.558451,-17.297680
SCANNING,0,1762537448791720,0.243589,0.002572,-0.008073,928.612976,4.453099,15.558446,-17.297680
SCANNING,0,1762537448801335,0.243273,0.002895,-0.007687,928.638855,3.051413,15.558449,-17.297680
SCANNING,0,1762537448810898,0.243695,0.002465,-0.008202,928.662598,3.196572,15.558442,-17.297680
SCANNING,0,1762537448821118,0.243695,0.002465,-0.008202,928.687195,2.770832,15.558442,-17.297680
SCANNING,0,1762537448851147,0.243273,0.002895,-0.007687,928.762695,0.768646,15.558449,-17.297680
SCANNING,0,1762537448861282,0.242851,0.003324,-0.007172,928.791260,0.679739,15.558455,-17.297678
SCANNING,1762537448870024,1762537448870892,0.243695,0.002465,-0.008202,928.818481,2.409812,15.558447,-17.297678
SCANNING,0,1762537448881115,0.243695,0.002465,-0.008202,928.844421,4.332302,15.558450,-17.297678
SCANNING,0,1762537448891664,0.243695,0.002465,-0.008202,928.870117,3.993635,15.558449,-17.297678
SCANNING,0,1762537448901317,0.243695,0.002465,-0.008202,928.891907,2.242478,15.558447,-17.297678
SCANNING,0,1762537448910984,0.243695,0.002465,-0.008202,928.916260,1.817497,15.558448,-17.297678
SCANNING,0,1762537448931560,0.243695,0.002465,-0.008202,928.972961,2.466636,15.558447,-17.297678
SCANNING,0,1762537448951074,0.243838,0.002552,-0.007658,929.030640,3.209773,15.558446,-17.297678
SCANNING,0,1762537448961269,0.243695,0.002465,-0.008202,929.055664,3.017458,15.558447,-17.297680
SCANNING,1762537448969892,1762537448970870,0.244267,0.002812,-0.006027,929.088684,4.914760,15.558441,-17.297680
SCANNING,0,1762537448980431,0.244891,0.002842,-0.006420,929.113831,4.093050,15.558447,-17.297680
SCANNING,0,1762537449000797,0.244891,0.002842,-0.006420,929.167297,3.176234,15.558451,-17.297680
SCANNING,0,1762537449011162,0.244891,0.002842,-0.006420,929.194885,2.698987,15.558449,-17.297680
SCANNING,0,1762537449031603,0.244475,0.002822,-0.006158,929.248352,3.447330,15.558443,-17.297680
SCANNING,0,1762537449051285,0.244891,0.002842,-0.006420,929.302795,4.104173,15.558450,-17.297680
SCANNING,0,1762537449061349,0.244891,0.002842,-0.006420,929.326233,3.164506,15.558451,-17.297684
SCANNING,1762537449069842,1762537449070930,0.244891,0.002842,-0.006420,929.357239,3.911100,15.558443,-17.297684
SCANNING,0,1762537449080625,0.244891,0.002842,-0.006420,929.380798,2.147196,15.558449,-17.297684
SCANNING,0,1762537449100797,0.244891,0.002842,-0.006420,929.430420,1.672700,15.558446,-17.297684
SCANNING,0,1762537449110331,0.244891,0.002842,-0.006420,929.458252,1.645967,15.558452,-17.297684
SCANNING,0,1762537449121106,0.244891,0.002842,-0.006420,929.488525,1.511082,15.558448,-17.297684
SCANNING,0,1762537449151134,0.244891,0.002842,-0.006420,929.567444,3.466280,15.558452,-17.297684
SCANNING,0,1762537449161212,0.244891,0.002842,-0.006420,929.596985,3.225519,15.558446,-17.297678
SCANNING,1762537449169911,1762537449170844,0.245869,0.000153,-0.005017,929.624878,4.014647,15.558449,-17.297678
SCANNING,0,1762537449180393,0.245884,0.000703,-0.005146,929.649292,3.180041,15.558450,-17.297678
SCANNING,0,1762537449200732,0.245869,0.000153,-0.005017,929.696960,2.877107,15.558449,-17.297678
SCANNING,0,1762537449210278,0.245869,0.000153,-0.005017,929.726624,3.858988,15.558447,-17.297678
SCANNING,0,1762537449221086,0.245869,0.000153,-0.005017,929.757935,5.311639,15.558446,-17.297678
SCANNING,0,1762537449251132,0.245869,0.000153,-0.005017,929.820740,0.629368,15.558448,-17.297678
SCANNING,0,1762537449261281,0.245900,0.001253,-0.005276,929.849365,2.091116,15.558449,-17.297680
SCANNING,1762537449269906,1762537449270849,0.245915,0.001803,-0.005405,929.880432,2.943341,15.558450,-17.297680
SCANNING,0,1762537449280508,0.245915,0.001803,-0.005405,929.907288,3.360831,15.558445,-17.297680
SCANNING,0,1762537449300742,0.245915,0.001803,-0.005405,929.959961,3.780201,15.558448,-17.297680
SCANNING,0,1762537449310339,0.245915,0.001803,-0.005405,929.986511,3.759742,15.558447,-17.297680
SCANNING,0,1762537449321186,0.245915,0.001803,-0.005405,930.015869,3.157047,15.558443,-17.297680
SCANNING,0,1762537449350700,0.245915,0.001803,-0.005405,930.097534,3.030771,15.558447,-17.297680
SCANNING,0,1762537449360780,0.244532,0.001444,-0.006086,930.126953,3.544563,15.558447,-17.297686
SCANNING,1762537449369983,1762537449370425,0.243610,0.001205,-0.006540,930.153442,3.795894,15.558449,-17.297686
SCANNING,0,1762537449381163,0.243610,0.001205,-0.006540,930.179932,2.467604,15.558447,-17.297686
SCANNING,0,1762537449400443,0.242593,0.000308,-0.006663,930.235596,4.205512,15.558458,-17.297686
SCANNING,0,1762537449410124,0.243610,0.001205,-0.006540,930.261536,5.161729,15.558449,-17.297686
SCANNING,0,1762537449420103,0.243610,0.001205,-0.006540,930.285767,3.936690,15.558444,-17.297686
SCANNING,0,1762537449450576,0.243610,0.001205,-0.006540,930.366943,3.874871,15.558447,-17.297686
SCANNING,0,1762537449460651,0.242593,0.000308,-0.006663,930.391602,3.503311,15.558452,-17.297684
SCANNING,1762537449469842,1762537449470335,0.242593,0.000308,-0.006663,930.415222,3.946301,15.558452,-17.297684
SCANNING,0,1762537449480094,0.242675,0.000828,-0.006556,930.442871,4.272437,15.558445,-17.297684
SCANNING,0,1762537449500296,0.242675,0.000828,-0.006556,930.491821,1.939406,15.558447,-17.297684
SCANNING,0,1762537449510114,0.242642,0.000620,-0.006599,930.519409,2.034157,15.558449,-17.297684
SCANNING,0,1762537449530537,0.242642,0.000620,-0.006599,930.570679,1.651797,15.558449,-17.297684
SCANNING,0,1762537449540085,0.242609,0.000412,-0.006642,930.598328,1.228784,15.558451,-17.297684
SCANNING,0,1762537449550650,0.242609,0.000412,-0.006642,930.628113,2.165218,15.558451,-17.297684
SCANNING,0,1762537449560795,0.242659,0.000724,-0.006577,930.651917,1.118856,15.558446,-17.297686
SCANNING,1762537449570052,1762537449570381,0.242675,0.000828,-0.006556,930.677734,1.949983,15.558445,-17.297686
SCANNING,0,1762537449580094,0.242618,0.001051,-0.007219,930.702759,1.944088,15.558443,-17.297686
SCANNING,0,1762537449590092,0.242675,0.000828,-0.006556,930.732544,1.940736,15.558450,-17.297686
SCANNING,0,1762537449600638,0.242675,0.000828,-0.006556,930.760559,3.262795,15.558451,-17.297686
SCANNING,0,1762537449610422,0.242675,0.000828,-0.006556,930.787170,4.010528,15.558448,-17.297686
SCANNING,0,1762537449630593,0.242562,0.001273,-0.007882,930.825623,1.414633,15.558440,-17.297686
SCANNING,0,1762537449650276,0.242675,0.000828,-0.006556,930.884888,1.476458,15.558448,-17.297686
SCANNING,0,1762537449660593,0.242647,0.000939,-0.006887,930.910278,1.061256,15.558450,-17.297680
SCANNING,1762537449669896,1762537449670242,0.242562,0.001273,-0.007882,930.939148,1.538831,15.558447,-17.297680
SCANNING,0,1762537449680130,0.242562,0.001273,-0.007882,930.963562,1.544609,15.558453,-17.297680
SCANNING,0,1762537449690130,0.242562,0.001273,-0.007882,930.991882,1.855804,15.558447,-17.297680
SCANNING,0,1762537449700824,0.242562,0.001273,-0.007882,931.018005,1.750946,15.558447,-17.297680
SCANNING,0,1762537449710333,0.242562,0.001273,-0.007882,931.045471,1.718089,15.558449,-17.297680
SCANNING,0,1762537449719985,0.242562,0.001273,-0.007882,931.071594,1.459997,15.558451,-17.297680
SCANNING,0,1762537449740003,0.242562,0.001273,-0.007882,931.127930,1.577666,15.558450,-17.297680
SCANNING,0,1762537449750650,0.242562,0.001273,-0.007882,931.156738,1.721037,15.558455,-17.297680
SCANNING,0,1762537449760710,0.242562,0.001273,-0.007882,931.182861,1.421524,15.558449,-17.297680
SCANNING,1762537449769912,1762537449770327,0.243972,0.001058,-0.009067,931.208252,2.223788,15.558447,-17.297680
SCANNING,0,1762537449779849,0.244872,0.000063,-0.009224,931.236816,0.955073,15.558445,-17.297680
SCANNING,0,1762537449790113,0.243972,0.001058,-0.009067,931.264954,1.477575,15.558450,-17.297680
SCANNING,0,1762537449800737,0.244872,0.000063,-0.009224,931.289673,1.878349,15.558445,-17.297680
SCANNING,0,1762537449810381,0.243972,0.001058,-0.009067,931.315735,2.071662,15.558452,-17.297680
SCANNING,0,1762537449819985,0.243972,0.001058,-0.009067,931.341736,1.688033,15.558449,-17.297680
SCANNING,0,1762537449850592,0.243972,0.001058,-0.009067,931.426941,4.033745,15.558447,-17.297680
SCANNING,0,1762537449860719,0.244422,0.000561,-0.009145,931.452454,3.026657,15.558450,-17.297676
SCANNING,1762537449869896,1762537449870271,0.245322,-0.000434,-0.009302,931.478882,4.328416,15.558448,-17.297676
SCANNING,0,1762537449879899,0.245485,-0.000086,-0.009281,931.503235,3.933580,15.558449,-17.297676
SCANNING,0,1762537449890166,0.245322,-0.000434,-0.009302,931.528625,3.216432,15.558447,-17.297676
SCANNING,0,1762537449900733,0.245322,-0.000434,-0.009302,931.549316,2.067690,15.558446,-17.297676
SCANNING,0,1762537449910352,0.245322,-0.000434,-0.009302,931.574463,1.584221,15.558446,-17.297676
SCANNING,0,1762537449919965,0.245485,-0.000086,-0.009281,931.603577,2.485317,15.558449,-17.297676
SCANNING,0,1762537449950661,0.245322,-0.000434,-0.009302,931.681396,1.563142,15.558447,-17.297676
SCANNING,0,1762537449960737,0.246461,0.002002,-0.009153,931.707031,1.881067,15.558449,-17.297682
SCANNING,1762537449970052,1762537449970414,0.246461,0.002002,-0.009153,931.733887,0.970118,15.558449,-17.297682
SCANNING,0,1762537449979994,0.246336,0.003493,-0.009491,931.761292,0.489632,15.558444,-17.297682
SCANNING,0,1762537449990119,0.246336,0.003493,-0.009491,931.791138,1.637702,15.558447,-17.297682
SCANNING,0,1762537450000668,0.246461,0.002002,-0.009153,931.818848,3.719529,15.558455,-17.297682
SCANNING,0,1762537450010371,0.246461,0.002002,-0.009153,931.838684,3.531894,15.558451,-17.297682
SCANNING,0,1762537450019902,0.246399,0.002747,-0.009322,931.868530,3.833820,15.558448,-17.297682
SCANNING,0,1762537450050581,0.246336,0.003493,-0.009491,931.943237,1.955848,15.558446,-17.297682
SCANNING,0,1762537450060644,0.246336,0.003493,-0.009491,931.968506,1.637467,15.558449,-17.297678
SCANNING,1762537450069770,1762537450070326,0.246336,0.003493,-0.009491,931.994385,1.191861,15.558451,-17.297678
SCANNING,0,1762537450079966,0.246151,0.003229,-0.008772,932.027710,2.923424,15.558452,-17.297678
SCANNING,0,1762537450089586,0.245966,0.002965,-0.008054,932.051025,2.342101,15.558454,-17.297678
SCANNING,0,1762537450100317,0.246151,0.003229,-0.008772,932.080872,3.459234,15.558452,-17.297678
SCANNING,0,1762537450109945,0.246336,0.003493,-0.009491,932.109436,3.125000,15.558445,-17.297678
SCANNING,0,1762537450130420,0.246336,0.003493,-0.009491,932.162659,2.464626,15.558449,-17.297678
SCANNING,0,1762537450140041,0.246336,0.003493,-0.009491,932.189270,2.254244,15.558444,-17.297678
SCANNING,0,1762537450150653,0.246336,0.003493,-0.009491,932.216064,2.520410,15.558448,-17.297678
SCANNING,0,1762537450160734,0.245966,0.002965,-0.008054,932.238220,1.273325,15.558451,-17.297682
SCANNING,1762537450169943,1762537450170357,0.245966,0.002965,-0.008054,932.265381,1.176638,15.558449,-17.297682
SCANNING,0,1762537450179968,0.245966,0.002965,-0.008054,932.294617,2.247881,15.558449,-17.297682
SCANNING,0,1762537450189606,0.245966,0.002965,-0.008054,932.318298,1.364702,15.558445,-17.297682
SCANNING,0,1762537450200241,0.245966,0.002965,-0.008054,932.349487,2.783257,15.558442,-17.297682
SCANNING,0,1762537450209857,0.245966,0.002965,-0.008054,932.376526,1.739230,15.558442,-17.297682
SCANNING,0,1762537450230500,0.245523,0.002582,-0.008285,932.425659,-0.023526,15.558454,-17.297682
SCANNING,0,1762537450250188,0.245966,0.002965,-0.008054,932.486572,2.724809,15.558447,-17.297682
SCANNING,0,1762537450260378,0.245966,0.002965,-0.008054,932.512390,2.967117,15.558448,-17.297680
SCANNING,1762537450269924,1762537450269962,0.245523,0.002582,-0.008285,932.537354,3.455405,15.558453,-17.297680
SCANNING,0,1762537450279604,0.245617,0.001895,-0.008099,932.558716,3.044580,15.558445,-17.297680
SCANNING,0,1762537450290079,0.245523,0.002582,-0.008285,932.594360,5.118998,15.558453,-17.297680
SCANNING,0,1762537450300776,0.245617,0.001895,-0.008099,932.618652,4.639695,15.558447,-17.297680
SCANNING,0,1762537450310309,0.245561,0.002307,-0.008211,932.643616,3.530869,15.558451,-17.297680
SCANNING,0,1762537450319850,0.245598,0.002032,-0.008136,932.666931,3.489904,15.558449,-17.297680
SCANNING,0,1762537450340360,0.245523,0.002582,-0.008285,932.717285,3.216834,15.558454,-17.297680
SCANNING,0,1762537450360024,0.245617,0.001895,-0.008099,932.763672,0.826785,15.558448,-17.297680
SCANNING,1762537450369884,1762537450369625,0.245617,0.001895,-0.008099,932.792053,1.013152,15.558448,-17.297680
SCANNING,0,1762537450380131,0.245419,0.001959,-0.007997,932.820435,1.243506,15.558447,-17.297680
SCANNING,0,1762537450389813,0.245617,0.001895,-0.008099,932.848450,3.580713,15.558451,-17.297680
SCANNING,0,1762537450400372,0.245617,0.001895,-0.008099,932.877319,4.461182,15.558451,-17.297680
SCANNING,0,1762537450409951,0.245617,0.001895,-0.008099,932.900269,3.875968,15.558449,-17.297680
SCANNING,0,1762537450419568,0.245617,0.001895,-0.008099,932.925415,4.449126,15.558455,-17.297680
SCANNING,0,1762537450439963,0.245617,0.001895,-0.008099,932.976990,2.677989,15.558453,-17.297680
SCANNING,0,1762537450450511,0.245617,0.001895,-0.008099,933.006592,3.678587,15.558452,-17.297680
SCANNING,0,1762537450460603,0.245419,0.001959,-0.007997,933.034973,2.992944,15.558449,-17.297678
SCANNING,1762537450469958,1762537450470183,0.243839,0.002468,-0.007179,933.061646,3.877690,15.558441,-17.297678
SCANNING,0,1762537450479807,0.243765,0.002931,-0.007316,933.093140,4.955921,15.558445,-17.297678
SCANNING,0,1762537450489419,0.243747,0.003047,-0.007350,933.118958,3.639530,15.558446,-17.297678
SCANNING,0,1762537450500368,0.243765,0.002931,-0.007316,933.146484,3.635373,15.558445,-17.297678
SCANNING,0,1762537450509915,0.243710,0.003279,-0.007418,933.172180,4.011955,15.558448,-17.297678
SCANNING,0,1762537450519546,0.243673,0.003510,-0.007487,933.197388,3.010122,15.558450,-17.297678
SCANNING,0,1762537450550606,0.243692,0.003394,-0.007452,933.277100,3.389447,15.558449,-17.297678
SCANNING,0,1762537450560643,0.243636,0.003742,-0.007555,933.306458,4.503608,15.558446,-17.297684
SCANNING,1762537450569967,1762537450570269,0.243544,0.004321,-0.007726,933.334412,4.494854,15.558451,-17.297684
SCANNING,0,1762537450579796,0.243544,0.004321,-0.007726,933.359924,3.816112,15.558451,-17.297684
SCANNING,0,1762537450589328,0.243544,0.004321,-0.007726,933.384094,3.288454,15.558452,-17.297684
SCANNING,0,1762537450600220,0.243232,0.005781,-0.006380,933.406006,2.105385,15.558447,-17.297684
SCANNING,0,1762537450609808,0.243232,0.005781,-0.006380,933.433105,2.535336,15.558447,-17.297684
SCANNING,0,1762537450619364,0.243544,0.004321,-0.007726,933.460510,1.785496,15.558453,-17.297684
SCANNING,0,1762537450639963,0.243466,0.004686,-0.007390,933.517090,1.800441,15.558450,-17.297684
SCANNING,0,1762537450660216,0.243388,0.005051,-0.007053,933.567871,2.884605,15.558447,-17.297686
SCANNING,1762537450670038,1762537450669820,0.242921,0.007240,-0.005035,933.597595,2.397446,15.558441,-17.297686
SCANNING,0,1762537450679441,0.242921,0.007240,-0.005035,933.625244,2.599509,15.558450,-17.297686
SCANNING,0,1762537450689060,0.242921,0.007240,-0.005035,933.650330,2.807920,15.558451,-17.297686
SCANNING,0,1762537450709201,0.242921,0.007240,-0.005035,933.698792,3.022937,15.558455,-17.297686
SCANNING,0,1762537450719172,0.242921,0.007240,-0.005035,933.730652,4.381353,15.558453,-17.297686
SCANNING,0,1762537450739558,0.242921,0.007240,-0.005035,933.777588,4.219795,15.558455,-17.297686
SCANNING,0,1762537450759826,0.242664,0.005251,-0.005404,933.821655,0.764886,15.558447,-17.297674
SCANNING,1762537450769969,1762537450769365,0.242664,0.005251,-0.005404,933.850769,1.862551,15.558448,-17.297674
SCANNING,0,1762537450779136,0.242664,0.005251,-0.005404,933.881836,2.605240,15.558448,-17.297674
SCANNING,0,1762537450789121,0.242664,0.005251,-0.005404,933.909668,3.710012,15.558448,-17.297674
SCANNING,0,1762537450809295,0.242664,0.005251,-0.005404,933.961731,3.766521,15.558445,-17.297674
SCANNING,0,1762537450829505,0.242664,0.005251,-0.005404,934.014404,3.217977,15.558446,-17.297674
SCANNING,0,1762537450839092,0.244242,0.004908,-0.004122,934.041260,2.780858,15.558452,-17.297674
SCANNING,0,1762537450859761,0.244242,0.004908,-0.004122,934.099060,3.270433,15.558448,-17.297678
SCANNING,1762537450869904,1762537450869349,0.244242,0.004908,-0.004122,934.126648,3.350691,15.558448,-17.297678
SCANNING,0,1762537450879172,0.244153,0.004968,-0.004181,934.153809,4.083149,15.558449,-17.297678
SCANNING,0,1762537450889149,0.244242,0.004908,-0.004122,934.180847,3.859841,15.558445,-17.297678
SCANNING,0,1762537450909198,0.244153,0.004968,-0.004181,934.234680,4.008592,15.558449,-17.297678
SCANNING,0,1762537450919191,0.244242,0.004908,-0.004122,934.263916,5.363682,15.558445,-17.297678
SCANNING,0,1762537450939002,0.244153,0.004968,-0.004181,934.311279,4.151503,15.558449,-17.297678
SCANNING,0,1762537450959739,0.243083,0.005682,-0.004895,934.366821,3.920498,15.558454,-17.297686
SCANNING,1762537450970063,1762537450969338,0.243083,0.005682,-0.004895,934.391602,3.302785,15.558453,-17.297686
SCANNING,0,1762537450979100,0.243083,0.005682,-0.004895,934.415405,4.083919,15.558455,-17.297686
SCANNING,0,1762537450989075,0.243175,0.005941,-0.004831,934.442200,3.888885,15.558451,-17.297686
SCANNING,0,1762537451009178,0.243314,0.006330,-0.004734,934.491882,2.035002,15.558448,-17.297686
SCANNING,0,1762537451019099,0.243360,0.006460,-0.004702,934.517761,1.186792,15.558447,-17.297686
SCANNING,0,1762537451039548,0.243221,0.006071,-0.004798,934.570435,1.804719,15.558450,-17.297686
SCANNING,0,1762537451059733,0.243637,0.007238,-0.004509,934.627258,1.288036,15.558447,-17.297680
SCANNING,1762537451069894,1762537451069325,0.243637,0.007238,-0.004509,934.651672,1.188961,15.558447,-17.297680
SCANNING,0,1762537451078911,0.243832,0.006317,-0.004762,934.677673,1.721254,15.558453,-17.297680
SCANNING,0,1762537451089186,0.243832,0.006317,-0.004762,934.701721,2.031577,15.558454,-17.297680
SCANNING,0,1762537451109243,0.243734,0.006778,-0.004635,934.761536,3.336403,15.558449,-17.297680
SCANNING,0,1762537451118855,0.243637,0.007238,-0.004509,934.788025,4.060343,15.558445,-17.297680
SCANNING,0,1762537451139935,0.243637,0.007238,-0.004509,934.825684,1.744188,15.558444,-17.297680
SCANNING,0,1762537451159760,0.243734,0.006778,-0.004635,934.885132,1.549217,15.558449,-17.297680
SCANNING,1762537451169997,1762537451169285,0.243832,0.006317,-0.004762,934.912903,2.356669,15.558451,-17.297680
SCANNING,0,1762537451178903,0.243832,0.006317,-0.004762,934.939880,2.189777,15.558444,-17.297680
SCANNING,0,1762537451189233,0.243832,0.006317,-0.004762,934.966003,2.268806,15.558450,-17.297680
SCANNING,0,1762537451208827,0.243832,0.006317,-0.004762,935.018127,1.792663,15.558441,-17.297680
SCANNING,0,1762537451219106,0.243832,0.006317,-0.004762,935.046936,2.007404,15.558445,-17.297680
SCANNING,0,1762537451229930,0.243832,0.006317,-0.004762,935.070923,1.157418,15.558449,-17.297680
SCANNING,0,1762537451259397,0.243929,0.006258,-0.004766,935.157471,2.205335,15.558444,-17.297688
SCANNING,1762537451269901,1762537451268936,0.244415,0.005963,-0.004784,935.183716,1.726129,15.558449,-17.297688
SCANNING,0,1762537451279110,0.244415,0.005963,-0.004784,935.210327,1.898266,15.558451,-17.297688
SCANNING,0,1762537451288784,0.244415,0.005963,-0.004784,935.235596,0.122562,15.558450,-17.297688
SCANNING,0,1762537451308753,0.244415,0.005963,-0.004784,935.288757,1.329296,15.558449,-17.297688
SCANNING,0,1762537451319116,0.244415,0.005963,-0.004784,935.315918,1.039447,15.558452,-17.297688
SCANNING,0,1762537451339585,0.244415,0.005963,-0.004784,935.372070,1.582273,15.558452,-17.297688
SCANNING,0,1762537451359242,0.244238,0.008220,-0.003511,935.428101,3.460632,15.558450,-17.297676
SCANNING,1762537451369923,1762537451368947,0.244238,0.008220,-0.003511,935.454590,3.150085,15.558452,-17.297676
SCANNING,0,1762537451379120,0.244238,0.008220,-0.003511,935.483643,3.431271,15.558450,-17.297676
SCANNING,0,1762537451388843,0.244238,0.008220,-0.003511,935.508484,4.298280,15.558452,-17.297676
SCANNING,0,1762537451408753,0.244238,0.008220,-0.003511,935.551331,2.124609,15.558450,-17.297676
SCANNING,0,1762537451429508,0.244288,0.008177,-0.003398,935.609497,3.848820,15.558453,-17.297676
SCANNING,0,1762537451439063,0.244238,0.008220,-0.003511,935.634521,2.629466,15.558447,-17.297676
SCANNING,0,1762537451449737,0.244238,0.008220,-0.003511,935.657410,1.762379,15.558451,-17.297676
SCANNING,0,1762537451459845,0.244642,0.007875,-0.002608,935.683411,2.020309,15.558452,-17.297684
SCANNING,1762537451469989,1762537451469499,0.244793,0.007746,-0.002270,935.710510,2.365893,15.558455,-17.297684
SCANNING,0,1762537451479051,0.243473,0.009996,-0.002244,935.733521,0.820987,15.558448,-17.297684
SCANNING,0,1762537451488741,0.244227,0.008710,-0.002259,935.763062,0.709645,15.558452,-17.297684
SCANNING,0,1762537451509262,0.244793,0.007746,-0.002270,935.816956,1.996779,15.558455,-17.297684
SCANNING,0,1762537451518910,0.244227,0.008710,-0.002259,935.846313,4.053867,15.558452,-17.297684
SCANNING,0,1762537451538557,0.243661,0.009674,-0.002248,935.894226,2.715125,15.558449,-17.297684
SCANNING,0,1762537451559261,0.243284,0.010317,-0.002240,935.948059,2.835140,15.558447,-17.297682
SCANNING,1762537451569908,1762537451568922,0.243284,0.010317,-0.002240,935.975098,3.329621,15.558449,-17.297682
SCANNING,0,1762537451578495,0.243275,0.010333,-0.002262,935.998535,2.277468,15.558452,-17.297682
SCANNING,0,1762537451589126,0.243284,0.010317,-0.002240,936.031189,2.642766,15.558447,-17.297682
SCANNING,0,1762537451599762,0.243284,0.010317,-0.002240,936.056335,3.499732,15.558449,-17.297682
SCANNING,0,1762537451609419,0.243284,0.010317,-0.002240,936.087891,4.858298,15.558445,-17.297682
SCANNING,0,1762537451618931,0.243284,0.010317,-0.002240,936.112427,3.507827,15.558448,-17.297682
SCANNING,0,1762537451639553,0.243284,0.010317,-0.002240,936.166687,3.338334,15.558448,-17.297682
SCANNING,0,1762537451659598,0.242883,0.011035,-0.003210,936.221069,3.327129,15.558450,-17.297812
SCANNING,1762537451669895,1762537451669059,0.242862,0.011073,-0.003262,936.246704,3.394430,15.558457,-17.297812
SCANNING,0,1762537451678694,0.242878,0.011074,-0.003263,936.272461,2.684843,15.558533,-17.297812
SCANNING,0,1762537451689093,0.242996,0.011083,-0.003269,936.301941,4.335394,15.559085,-17.297812
SCANNING,0,1762537451699609,0.243249,0.011102,-0.003281,936.324707,2.733238,15.560267,-17.297812
SCANNING,0,1762537451709130,0.243687,0.011136,-0.003302,936.355713,3.981515,15.562319,-17.297812
SCANNING,0,1762537451718681,0.244238,0.011178,-0.003329,936.378784,1.940345,15.564900,-17.297812
SCANNING,0,1762537451759346,0.251081,0.011699,-0.003663,936.486511,1.908594,15.576619,-17.318121
SCANNING,1762537451769986,1762537451768834,0.251837,0.011757,-0.003700,936.513672,2.777324,15.580160,-17.318121
SCANNING,0,1762537451778329,0.252873,0.011760,-0.003739,936.537415,2.917352,15.584654,-17.318121
SCANNING,0,1762537451789228,0.254154,0.011763,-0.003788,936.564392,3.682695,15.590214,-17.318121
SCANNING,0,1762537451808815,0.257353,0.011770,-0.003910,936.621765,4.821067,15.604091,-17.318121
SCANNING,0,1762537451818417,0.259206,0.011775,-0.003980,936.644104,3.522817,15.612131,-17.318121
SCANNING,0,1762537451859313,0.282581,0.011832,-0.004870,936.743774,3.924559,15.643292,-17.388382
SCANNING,1762537451869905,1762537451868854,0.284580,0.011837,-0.004946,936.766357,1.628416,15.651964,-17.388382
SCANNING,0,1762537451878393,0.286728,0.011894,-0.005067,936.792725,0.936248,15.661566,-17.388382
SCANNING,0,1762537451889053,0.289166,0.011958,-0.005203,936.821655,1.713941,15.672459,-17.388382
SCANNING,0,1762537451908675,0.293956,0.012084,-0.005472,936.876221,3.585590,15.693867,-17.388382
SCANNING,0,1762537451918235,0.296252,0.012145,-0.005601,936.900574,3.221335,15.704130,-17.388382
SCANNING,0,1762537451938737,0.301324,0.012279,-0.005885,936.958252,4.160208,15.726797,-17.388382
SCANNING,0,1762537451949342,0.304122,0.012353,-0.006042,936.982239,4.038868,15.739305,-17.388382
SCANNING,0,1762537451959284,0.331186,0.013066,-0.007560,937.010559,4.378185,15.751306,-17.497341
SCANNING,1762537451968166,1762537451968880,0.333746,0.013134,-0.007704,937.037292,3.311921,15.762746,-17.497341
SCANNING,0,1762537451978427,0.336473,0.013152,-0.007796,937.064331,3.637660,15.774502,-17.497341
SCANNING,0,1762537451988057,0.339460,0.013172,-0.007898,937.093872,4.606061,15.787379,-17.497341
SCANNING,0,1762537452008097,0.345574,0.013213,-0.008105,937.147888,4.308404,15.813738,-17.497341
SCANNING,0,1762537452018102,0.348264,0.013231,-0.008196,937.173950,3.755825,15.825332,-17.497341
SCANNING,0,1762537452038544,0.353712,0.013268,-0.008380,937.229370,4.062079,15.848818,-17.497341
SCANNING,0,1762537452058743,0.387866,0.013497,-0.009538,937.281799,3.863172,15.874579,-17.618820
SCANNING,1762537452068543,1762537452068264,0.390531,0.013515,-0.009628,937.306763,4.219571,15.886069,-17.618820
SCANNING,0,1762537452078109,0.393054,0.013463,-0.009743,937.335938,4.241096,15.896796,-17.618820
SCANNING,0,1762537452088072,0.395631,0.013410,-0.009860,937.364014,4.524800,15.907755,-17.618820
SCANNING,0,1762537452108063,0.401266,0.013295,-0.010116,937.410095,3.152357,15.931719,-17.618820
SCANNING,0,1762537452118074,0.403765,0.013244,-0.010230,937.437195,2.752522,15.942343,-17.618820
SCANNING,0,1762537452128039,0.406055,0.013197,-0.010334,937.464233,2.347366,15.952083,-17.618820
SCANNING,0,1762537452158662,0.438987,0.012521,-0.011831,937.542908,1.780908,15.983308,-17.727631
SCANNING,1762537452169998,1762537452168117,0.441535,0.012469,-0.011947,937.571472,2.513322,15.994144,-17.727631
SCANNING,0,1762537452178042,0.443527,0.012531,-0.011952,937.598389,1.543358,16.003582,-17.727631
SCANNING,0,1762537452188072,0.445326,0.012587,-0.011956,937.625549,1.672223,16.012104,-17.727631
SCANNING,0,1762537452208092,0.448852,0.012698,-0.011964,937.677734,2.925324,16.028809,-17.727631
SCANNING,0,1762537452218072,0.450817,0.012759,-0.011968,937.701111,3.335064,16.038116,-17.727631
SCANNING,0,1762537452228109,0.452782,0.012820,-0.011973,937.732361,3.588245,16.047428,-17.727631
SCANNING,0,1762537452258706,0.476412,0.013558,-0.012027,937.799744,2.258903,16.072136,-17.814865
SCANNING,1762537452269872,1762537452268259,0.477977,0.013607,-0.012031,937.822449,0.939201,16.079552,-17.814865
SCANNING,0,1762537452278045,0.479576,0.013647,-0.012013,937.852783,1.685451,16.087233,-17.814865
SCANNING,0,1762537452288070,0.481204,0.013688,-0.011995,937.883057,2.128123,16.095058,-17.814865
SCANNING,0,1762537452308103,0.484619,0.013773,-0.011957,937.937561,3.148115,16.111467,-17.814865
SCANNING,0,1762537452318125,0.486274,0.013814,-0.011938,937.964050,3.432526,16.119421,-17.814865
SCANNING,0,1762537452328109,0.487821,0.013853,-0.011921,937.991089,3.066180,16.126852,-17.814865
SCANNING,0,1762537452358735,0.508180,0.014362,-0.011693,938.070862,2.558990,16.148298,-17.891243
SCANNING,1762537452369979,1762537452368195,0.509713,0.014400,-0.011676,938.095825,0.634267,16.155666,-17.891243
SCANNING,0,1762537452378097,0.511326,0.014379,-0.011835,938.127197,1.951894,16.163559,-17.891243
SCANNING,0,1762537452388080,0.512999,0.014358,-0.011999,938.156311,2.893372,16.171747,-17.891243
SCANNING,0,1762537452408058,0.516212,0.014317,-0.012316,938.208313,2.828938,16.187469,-17.891243
SCANNING,0,1762537452418048,0.517668,0.014298,-0.012459,938.237549,1.967375,16.194592,-17.891243
SCANNING,0,1762537452428068,0.519096,0.014280,-0.012599,938.263977,2.410060,16.201582,-17.891243
SCANNING,0,1762537452458713,0.539267,0.014021,-0.014584,938.341064,1.893026,16.223959,-17.967569
SCANNING,1762537452469978,1762537452468315,0.541011,0.013999,-0.014756,938.370117,2.754717,16.232491,-17.967569
SCANNING,0,1762537452477840,0.542713,0.014028,-0.014773,938.396057,3.242514,16.241074,-17.967569
SCANNING,0,1762537452488065,0.544309,0.014054,-0.014789,938.423828,4.216819,16.249121,-17.967569
SCANNING,0,1762537452508193,0.547251,0.014104,-0.014818,938.477539,4.559666,16.263954,-17.967569
SCANNING,0,1762537452517712,0.548741,0.014129,-0.014833,938.498291,3.687963,16.271465,-17.967569
SCANNING,0,1762537452528097,0.550333,0.014156,-0.014849,938.524841,3.127917,16.279495,-17.967569
SCANNING,0,1762537452558772,0.571752,0.014516,-0.015061,938.599731,1.550009,16.306610,-18.048454
SCANNING,1762537452569939,1762537452568367,0.573351,0.014543,-0.015077,938.629211,1.786989,16.314671,-18.048454
SCANNING,0,1762537452577828,0.575044,0.014428,-0.015159,938.653442,1.125570,16.322437,-18.048454
SCANNING,0,1762537452588092,0.576728,0.014314,-0.015240,938.679749,1.450404,16.330160,-18.048454
SCANNING,0,1762537452598661,0.578527,0.014192,-0.015327,938.705688,2.420956,16.338409,-18.048454
SCANNING,0,1762537452608214,0.580496,0.014058,-0.015422,938.732605,0.999705,16.347437,-18.048454
SCANNING,0,1762537452617770,0.582620,0.013914,-0.015524,938.763733,2.441204,16.357180,-18.048454
SCANNING,0,1762537452638188,0.586664,0.013640,-0.015720,938.817261,4.116369,16.375723,-18.048454
SCANNING,0,1762537452648678,0.588515,0.013515,-0.015809,938.834351,3.996080,16.384214,-18.048454
SCANNING,0,1762537452658719,0.609334,0.012103,-0.016814,938.862305,2.968987,16.392588,-18.135559
SCANNING,1762537452669981,1762537452668224,0.611278,0.011971,-0.016908,938.888000,1.683392,16.401501,-18.135559
SCANNING,0,1762537452677837,0.613233,0.012111,-0.016966,938.912537,1.078483,16.411037,-18.135559
SCANNING,0,1762537452688067,0.615292,0.012259,-0.017027,938.940430,1.406358,16.421085,-18.135559
SCANNING,0,1762537452698653,0.617287,0.012402,-0.017086,938.967590,1.650110,16.430819,-18.135559
SCANNING,0,1762537452708213,0.619111,0.012532,-0.017139,938.993408,1.112543,16.439716,-18.135559
SCANNING,0,1762537452717692,0.620816,0.012654,-0.017190,939.023438,2.727173,16.448034,-18.135559
SCANNING,0,1762537452728167,0.622588,0.012781,-0.017242,939.049377,2.056092,16.456682,-18.135559
SCANNING,0,1762537452758241,0.648066,0.014607,-0.017995,939.131287,1.460814,16.486471,-18.230074
SCANNING,1762537452770068,1762537452767831,0.650091,0.014752,-0.018055,939.159302,1.599581,16.496351,-18.230074
SCANNING,0,1762537452778095,0.652055,0.014827,-0.018219,939.185059,1.146124,16.505474,-18.230074
SCANNING,0,1762537452787681,0.653905,0.014898,-0.018374,939.211792,1.732433,16.514071,-18.230074
SCANNING,0,1762537452807770,0.657950,0.015054,-0.018713,939.263672,0.425573,16.532860,-18.230074
SCANNING,0,1762537452818100,0.660249,0.015142,-0.018905,939.291565,1.320693,16.543539,-18.230074
SCANNING,0,1762537452827699,0.662540,0.015230,-0.019097,939.317688,1.370838,16.554184,-18.230074
SCANNING,0,1762537452858656,0.688689,0.016233,-0.021287,939.401611,1.612491,16.581730,-18.324003
SCANNING,1762537452869917,1762537452868118,0.690736,0.016312,-0.021458,939.427856,1.673518,16.591238,-18.324003
SCANNING,0,1762537452877748,0.692879,0.016342,-0.021496,939.455872,2.032257,16.601385,-18.324003
SCANNING,0,1762537452888100,0.695108,0.016373,-0.021536,939.486633,2.902187,16.611938,-18.324003
SCANNING,0,1762537452898683,0.697213,0.016402,-0.021574,939.510620,3.226056,16.621904,-18.324003
SCANNING,0,1762537452908208,0.699115,0.016428,-0.021608,939.535767,3.663029,16.630913,-18.324003
SCANNING,0,1762537452917747,0.700939,0.016453,-0.021641,939.556763,3.216916,16.639545,-18.324003
SCANNING,0,1762537452928133,0.702763,0.016479,-0.021673,939.589844,5.286477,16.648182,-18.324003
SCANNING,0,1762537452938722,0.704730,0.016506,-0.021709,939.614685,4.465219,16.657497,-18.324003
SCANNING,0,1762537452958741,0.728970,0.016842,-0.022142,939.664551,3.308288,16.677691,-18.418581
SCANNING,1762537452969947,1762537452968264,0.730954,0.016869,-0.022178,939.688416,3.096732,16.687084,-18.418581
SCANNING,0,1762537452977802,0.732741,0.017037,-0.022247,939.716858,3.953189,16.695461,-18.418581
SCANNING,0,1762537452987444,0.734497,0.017202,-0.022314,939.734863,1.513682,16.703695,-18.418581
SCANNING,0,1762537453008126,0.738257,0.017556,-0.022459,939.790955,0.715641,16.721325,-18.418581
SCANNING,0,1762537453017719,0.740357,0.017753,-0.022540,939.819458,2.557188,16.731171,-18.418581
SCANNING,0,1762537453028077,0.742449,0.017950,-0.022620,939.845093,4.690864,16.740980,-18.418581
SCANNING,0,1762537453058366,0.766796,0.020239,-0.023557,939.915710,2.029792,16.766306,-18.507412
SCANNING,1762537453069849,1762537453067902,0.768649,0.020413,-0.023628,939.946655,2.524744,16.774992,-18.507412
SCANNING,0,1762537453077351,0.770444,0.020443,-0.023458,939.971863,2.513442,16.783955,-18.507412
SCANNING,0,1762537453088140,0.772363,0.020475,-0.023277,940.003357,3.338984,16.793535,-18.507412
SCANNING,0,1762537453107788,0.775890,0.020535,-0.022944,940.056946,3.187645,16.811138,-18.507412
SCANNING,0,1762537453117312,0.777442,0.020561,-0.022797,940.088196,5.002003,16.818888,-18.507412
SCANNING,0,1762537453128051,0.778953,0.020586,-0.022654,940.121155,5.285036,16.826429,-18.507412
SCANNING,0,1762537453157699,0.800784,0.020952,-0.020591,940.192139,2.502250,16.851164,-18.591663
SCANNING,1762537453170033,1762537453167335,0.802602,0.020983,-0.020419,940.220825,3.192791,16.860239,-18.591663
SCANNING,0,1762537453178066,0.804447,0.021069,-0.020503,940.250305,4.262196,16.869154,-18.591663
SCANNING,0,1762537453187610,0.806102,0.021146,-0.020579,940.272461,3.115553,16.877146,-18.591663
SCANNING,0,1762537453198133,0.807724,0.021222,-0.020653,940.297791,2.702054,16.884983,-18.591663
SCANNING,0,1762537453207737,0.809263,0.021294,-0.020724,940.325623,3.271681,16.892418,-18.591663
SCANNING,0,1762537453217283,0.810877,0.021369,-0.020798,940.354553,3.358123,16.900217,-18.591663
SCANNING,0,1762537453238238,0.814417,0.021534,-0.020960,940.405273,1.466421,16.917316,-18.591663
SCANNING,0,1762537453258211,0.835095,0.022499,-0.021906,940.459595,1.860194,16.934999,-18.673874
SCANNING,1762537453269952,1762537453267784,0.836769,0.022577,-0.021983,940.486267,0.947454,16.943087,-18.673874
SCANNING,0,1762537453277326,0.838423,0.022549,-0.022011,940.516541,2.118850,16.950937,-18.673874
SCANNING,0,1762537453287128,0.840121,0.022520,-0.022039,940.541199,3.024166,16.958990,-18.673874
SCANNING,0,1762537453307122,0.843821,0.022457,-0.022101,940.596069,3.760256,16.976545,-18.673874
SCANNING,0,1762537453317087,0.845762,0.022424,-0.022134,940.625366,4.077093,16.985758,-18.673874
SCANNING,0,1762537453327063,0.847650,0.022392,-0.022166,940.648865,3.046451,16.994713,-18.673874
SCANNING,0,1762537453337143,0.849408,0.022363,-0.022195,940.673218,3.599120,17.003054,-18.673874
SCANNING,1762537453370068,1762537453367183,0.872486,0.021971,-0.022583,940.751892,5.244500,17.027557,-18.758869
SCANNING,0,1762537453377038,0.874440,0.022266,-0.022598,940.771667,2.969244,17.036736,-18.758869
SCANNING,0,1762537453387090,0.876408,0.022562,-0.022614,940.793640,1.016408,17.045979,-18.758869
SCANNING,0,1762537453407125,0.880150,0.023127,-0.022644,940.850342,2.573268,17.063559,-18.758869
SCANNING,0,1762537453417058,0.881887,0.023389,-0.022657,940.880798,3.282551,17.071718,-18.758869
SCANNING,0,1762537453427099,0.883630,0.023651,-0.022671,940.906677,3.947874,17.079905,-18.758869
SCANNING,0,1762537453457749,0.908056,0.027334,-0.022864,940.985229,3.700146,17.107552,-18.845955
SCANNING,1762537453469970,1762537453467296,0.910082,0.027640,-0.022880,941.012634,3.921088,17.117069,-18.845955
SCANNING,0,1762537453477063,0.912079,0.027691,-0.023071,941.040344,3.093661,17.125908,-18.845955
SCANNING,0,1762537453487027,0.913948,0.027739,-0.023250,941.066162,3.603728,17.134182,-18.845955
SCANNING,0,1762537453507170,0.917725,0.027836,-0.023611,941.124939,3.407241,17.150900,-18.845955
SCANNING,0,1762537453517069,0.919818,0.027889,-0.023811,941.152100,3.754065,17.160164,-18.845955
SCANNING,0,1762537453527157,0.922022,0.027946,-0.024021,941.178162,3.429756,17.169916,-18.845955
SCANNING,0,1762537453557669,0.947971,0.028610,-0.026502,941.262207,4.997509,17.196348,-18.934381
SCANNING,1762537453569896,1762537453567181,0.949773,0.028656,-0.026674,941.286682,3.836374,17.204323,-18.934381
SCANNING,0,1762537453577070,0.951482,0.028720,-0.026731,941.311646,3.892209,17.212488,-18.934381
SCANNING,0,1762537453587072,0.953396,0.028792,-0.026796,941.339905,3.547269,17.221634,-18.934381
SCANNING,0,1762537453607107,0.957504,0.028946,-0.026934,941.393677,3.806073,17.241268,-18.934381
SCANNING,0,1762537453617071,0.959327,0.029014,-0.026995,941.415710,4.018698,17.249981,-18.934381
SCANNING,0,1762537453627111,0.960999,0.029076,-0.027051,941.444336,3.499326,17.257969,-18.934381
SCANNING,0,1762537453657696,0.984543,0.029958,-0.027843,941.518372,1.451713,17.283035,-19.021826
SCANNING,1762537453670051,1762537453667289,0.986595,0.030035,-0.027912,941.543823,1.462307,17.292839,-19.021826
SCANNING,0,1762537453676840,0.988670,0.030061,-0.028021,941.570923,1.567262,17.302465,-19.021826
SCANNING,0,1762537453687066,0.990488,0.030084,-0.028117,941.596741,0.770111,17.310905,-19.021826
SCANNING,0,1762537453698021,0.992160,0.030105,-0.028206,941.626099,1.113849,17.318659,-19.021826
SCANNING,0,1762537453707660,0.993768,0.030126,-0.028290,941.652588,1.723712,17.326120,-19.021826
SCANNING,0,1762537453717074,0.995459,0.030147,-0.028380,941.678528,1.878223,17.333967,-19.021826
SCANNING,0,1762537453727087,0.997276,0.030170,-0.028476,941.702332,2.035353,17.342398,-19.021826
SCANNING,0,1762537453757749,1.021818,0.030480,-0.029770,941.787659,4.000313,17.370241,-19.107862
SCANNING,1762537453769987,1762537453767196,1.023611,0.030503,-0.029865,941.805664,3.891320,17.378559,-19.107862
SCANNING,0,1762537453777078,1.025394,0.030587,-0.029875,941.824463,1.306019,17.386444,-19.107862
SCANNING,0,1762537453787210,1.027173,0.030670,-0.029886,941.855164,2.194538,17.394314,-19.107862
SCANNING,0,1762537453807170,1.031089,0.030854,-0.029908,941.910400,1.599750,17.411633,-19.107862
SCANNING,0,1762537453816721,1.033183,0.030952,-0.029920,941.939026,1.487314,17.420893,-19.107862
SCANNING,0,1762537453827128,1.035166,0.031045,-0.029932,941.966187,1.662320,17.429663,-19.107862
SCANNING,0,1762537453857378,1.059433,0.032184,-0.030072,942.045654,1.472672,17.452682,-19.192171
SCANNING,1762537453870021,1762537453866979,1.061288,0.032271,-0.030083,942.071838,0.977708,17.460888,-19.192171
SCANNING,0,1762537453877106,1.063247,0.032439,-0.030031,942.099915,0.887542,17.469608,-19.192171
SCANNING,0,1762537453886733,1.065374,0.032622,-0.029974,942.130676,1.583284,17.479076,-19.192171
SCANNING,0,1762537453907083,1.069524,0.032978,-0.029864,942.184021,1.678711,17.497547,-19.192171
SCANNING,0,1762537453916734,1.071376,0.033137,-0.029815,942.211182,2.277396,17.505793,-19.192171
SCANNING,0,1762537453947664,1.077156,0.033633,-0.029661,942.289673,1.452354,17.531517,-19.192171
SCANNING,0,1762537453957735,1.099356,0.035538,-0.029071,942.317383,2.112029,17.541622,-19.280882
SCANNING,1762537453970009,1762537453967277,1.101668,0.035736,-0.029010,942.342468,1.567555,17.551914,-19.280882
SCANNING,0,1762537453976880,1.103851,0.035661,-0.028904,942.372375,2.566365,17.561646,-19.280882
SCANNING,0,1762537453987108,1.105833,0.035592,-0.028808,942.399536,2.607969,17.570486,-19.280882
SCANNING,0,1762537453997707,1.107783,0.035525,-0.028714,942.426331,4.766508,17.579176,-19.280882
SCANNING,0,1762537454007251,1.109852,0.035454,-0.028613,942.448730,3.568275,17.588402,-19.280882
SCANNING,0,1762537454016804,1.112046,0.035378,-0.028507,942.475891,4.593333,17.598183,-19.280882
SCANNING,0,1762537454027092,1.114403,0.035297,-0.028393,942.497742,3.288342,17.608694,-19.280882
SCANNING,0,1762537454047710,1.118739,0.035148,-0.028182,942.545349,1.837442,17.628025,-19.280882
SCANNING,0,1762537454057714,1.141629,0.034359,-0.027073,942.570190,0.997525,17.636583,-19.374382
SCANNING,1762537454069909,1762537454067279,1.143543,0.034293,-0.026980,942.595825,0.193657,17.645117,-19.374382
SCANNING,0,1762537454076822,1.145551,0.034667,-0.026931,942.627502,1.330481,17.654379,-19.374382
SCANNING,0,1762537454087053,1.147720,0.035070,-0.026877,942.651794,0.944297,17.664383,-19.374382
SCANNING,0,1762537454097644,1.150015,0.035497,-0.026821,942.677368,1.817878,17.674963,-19.374382
SCANNING,0,1762537454107128,1.152190,0.035902,-0.026767,942.701782,2.034205,17.684994,-19.374382
SCANNING,0,1762537454116719,1.154121,0.036261,-0.026720,942.732971,2.506985,17.693901,-19.374382
SCANNING,0,1762537454127095,1.155985,0.036608,-0.026674,942.762634,2.570405,17.702499,-19.374382
SCANNING,0,1762537454157795,1.183175,0.041667,-0.026004,942.829224,2.508305,17.731918,-19.470360
SCANNING,1762537454169958,1762537454167363,1.185500,0.042100,-0.025947,942.857300,2.278008,17.742641,-19.470360
SCANNING,0,1762537454176822,1.187577,0.042194,-0.025985,942.885315,1.471545,17.752234,-19.470360
SCANNING,0,1762537454187097,1.189512,0.042281,-0.026020,942.912170,1.332665,17.761173,-19.470360
SCANNING,0,1762537454197685,1.191394,0.042366,-0.026054,942.938538,1.063286,17.769869,-19.470360
SCANNING,0,1762537454207257,1.193422,0.042458,-0.026091,942.967346,2.161862,17.779238,-19.470360
SCANNING,0,1762537454216826,1.195610,0.042557,-0.026130,942.993774,1.840436,17.789345,-19.470360
SCANNING,0,1762537454227057,1.197788,0.042656,-0.026170,943.023499,2.401006,17.799406,-19.470360
SCANNING,0,1762537454237662,1.199886,0.042750,-0.026208,943.047363,1.527194,17.809097,-19.470360
SCANNING,0,1762537454257584,1.223843,0.043833,-0.026643,943.105286,2.831496,17.825228,-19.564898
SCANNING,1762537454269972,1762537454267097,1.225625,0.043914,-0.026675,943.132812,1.707947,17.833462,-19.564898
SCANNING,0,1762537454276711,1.227580,0.044195,-0.026599,943.160156,1.484497,17.842300,-19.564898
SCANNING,0,1762537454287093,1.229714,0.044501,-0.026516,943.187317,1.418462,17.851946,-19.564898
SCANNING,0,1762537454297707,1.231867,0.044810,-0.026433,943.214172,2.347929,17.861679,-19.564898
SCANNING,0,1762537454307178,1.233938,0.045108,-0.026353,943.239258,1.341185,17.871040,-19.564898
SCANNING,0,1762537454316917,1.235804,0.045376,-0.026280,943.264282,0.489653,17.879473,-19.564898
SCANNING,0,1762537454326320,1.237591,0.045632,-0.026211,943.293152,1.706310,17.887552,-19.564898
SCANNING,1762537454369910,1762537454366808,1.264033,0.049429,-0.025186,943.401001,1.120571,17.922777,-19.649200
SCANNING,0,1762537454376284,1.266034,0.049947,-0.025276,943.427307,0.740787,17.931883,-19.649200
SCANNING,0,1762537454387128,1.267842,0.050416,-0.025357,943.456726,1.341491,17.940117,-19.649200
SCANNING,0,1762537454406728,1.271313,0.051316,-0.025513,943.511841,3.190927,17.955912,-19.649200
SCANNING,0,1762537454417100,1.273216,0.051809,-0.025598,943.538818,3.138652,17.964577,-19.649200
SCANNING,0,1762537454426629,1.275324,0.052355,-0.025693,943.560059,3.456131,17.974171,-19.649200
SCANNING,0,1762537454457149,1.300788,0.058954,-0.026837,943.640991,3.504719,18.001171,-19.738110
SCANNING,1762537454469863,1762537454466749,1.302558,0.059413,-0.026916,943.667725,4.090274,18.009226,-19.738110
SCANNING,0,1762537454476243,1.304314,0.059817,-0.026978,943.687439,2.451202,18.017036,-19.738110
SCANNING,0,1762537454487071,1.306165,0.060244,-0.027044,943.719299,3.484203,18.025263,-19.738110
SCANNING,0,1762537454506725,1.310266,0.061188,-0.027189,943.763794,1.340420,18.043499,-19.738110
SCANNING,0,1762537454516371,1.312347,0.061667,-0.027263,943.791626,0.736480,18.052753,-19.738110
SCANNING,0,1762537454527101,1.314253,0.062106,-0.027331,943.819946,1.223092,18.061230,-19.738110
SCANNING,0,1762537454557270,1.338358,0.067657,-0.028185,943.896912,2.830889,18.085350,-19.821173
SCANNING,1762537454569723,1762537454566809,1.340320,0.068109,-0.028255,943.922729,3.913011,18.094076,-19.821173
SCANNING,0,1762537454576396,1.342319,0.068076,-0.028372,943.950745,3.191851,18.103384,-19.821173
SCANNING,0,1762537454586108,1.344321,0.068042,-0.028490,943.977356,3.655765,18.112707,-19.821173
SCANNING,0,1762537454606112,1.347988,0.067981,-0.028705,944.034851,3.719397,18.129786,-19.821173
SCANNING,0,1762537454616075,1.349722,0.067952,-0.028807,944.059631,3.243692,18.137859,-19.821173
SCANNING,0,1762537454626153,1.351464,0.067922,-0.028909,944.092346,5.633124,18.145973,-19.821173
SCANNING,0,1762537454656829,1.375778,0.067515,-0.030336,944.172485,4.186207,18.172958,-19.907415
SCANNING,1762537454670045,1762537454666323,1.377719,0.067483,-0.030450,944.196350,3.008865,18.181999,-19.907415
SCANNING,0,1762537454676118,1.379579,0.067495,-0.030732,944.226990,4.063033,18.190418,-19.907415
SCANNING,0,1762537454686183,1.381350,0.067507,-0.031000,944.252136,4.209675,18.198437,-19.907415
SCANNING,0,1762537454706154,1.384997,0.067531,-0.031553,944.303894,3.679835,18.214949,-19.907415
SCANNING,0,1762537454716111,1.387025,0.067544,-0.031860,944.332703,3.771456,18.224129,-19.907415
SCANNING,0,1762537454726186,1.389152,0.067558,-0.032182,944.361206,4.023420,18.233759,-19.907415
SCANNING,0,1762537454736040,1.391230,0.067571,-0.032497,944.384644,2.641769,18.243168,-19.907415
SCANNING,1762537454769948,1762537454766244,1.415786,0.067732,-0.036217,944.462830,2.582626,18.267496,-19.994255
SCANNING,0,1762537454776093,1.417496,0.067832,-0.036338,944.486755,0.798957,18.275700,-19.994255
SCANNING,0,1762537454786126,1.419381,0.067942,-0.036472,944.516052,1.406268,18.284740,-19.994255
SCANNING,0,1762537454806115,1.423327,0.068172,-0.036753,944.570984,3.843717,18.303669,-19.994255
SCANNING,0,1762537454816118,1.425081,0.068275,-0.036877,944.597412,2.615676,18.312080,-19.994255
SCANNING,0,1762537454826153,1.426740,0.068371,-0.036995,944.624756,2.387458,18.320038,-19.994255
SCANNING,0,1762537454856691,1.450025,0.069731,-0.038649,944.698914,3.063548,18.344900,-20.081087
SCANNING,1762537454869898,1762537454866184,1.452105,0.069852,-0.038797,944.729553,4.157097,18.354876,-20.081087
SCANNING,0,1762537454876083,1.454027,0.069881,-0.038848,944.756592,5.117998,18.364803,-20.081087
SCANNING,0,1762537454886126,1.455840,0.069909,-0.038895,944.780396,4.348636,18.374163,-20.081087
SCANNING,0,1762537454906183,1.459025,0.069957,-0.038979,944.821655,0.748077,18.390608,-20.081087
SCANNING,0,1762537454916059,1.460602,0.069981,-0.039021,944.851807,1.674588,18.398756,-20.081087
SCANNING,0,1762537454926086,1.462292,0.070007,-0.039065,944.882812,1.908268,18.407482,-20.081087
SCANNING,0,1762537454956680,1.484946,0.070352,-0.039661,944.961487,2.775379,18.434872,-20.170677
SCANNING,1762537454969316,1762537454966180,1.486490,0.070376,-0.039702,944.989807,3.150810,18.442846,-20.170677
SCANNING,0,1762537454976080,1.488091,0.070279,-0.039719,945.015991,2.629791,18.450436,-20.170677
SCANNING,0,1762537454986064,1.489779,0.070176,-0.039738,945.043823,2.831079,18.458433,-20.170677
SCANNING,0,1762537454997073,1.491588,0.070066,-0.039757,945.069824,2.595921,18.467010,-20.170677
SCANNING,0,1762537455006610,1.493587,0.069945,-0.039779,945.098938,2.514039,18.476486,-20.170677
SCANNING,0,1762537455016123,1.495670,0.069819,-0.039801,945.126831,2.507265,18.486357,-20.170677
SCANNING,0,1762537455026116,1.497601,0.069701,-0.039822,945.155884,3.301579,18.495510,-20.170677
SCANNING,0,1762537455056712,1.520531,0.068309,-0.040069,945.236267,3.047492,18.519669,-20.255201
SCANNING,1762537455069880,1762537455066203,1.522338,0.068199,-0.040089,945.262207,4.612078,18.528236,-20.255201
SCANNING,0,1762537455075751,1.524209,0.068250,-0.040121,945.287781,3.829901,18.537968,-20.255201
SCANNING,0,1762537455086079,1.526211,0.068304,-0.040154,945.314148,3.774803,18.548380,-20.255201
SCANNING,0,1762537455106082,1.529834,0.068402,-0.040215,945.368225,3.895906,18.567219,-20.255201
SCANNING,0,1762537455115717,1.531431,0.068445,-0.040242,945.394226,4.249885,18.575525,-20.255201
SCANNING,0,1762537455126179,1.533080,0.068490,-0.040270,945.420654,4.805579,18.584103,-20.255201
SCANNING,0,1762537455156817,1.555872,0.069107,-0.040655,945.492859,1.861319,18.613455,-20.344383
SCANNING,1762537455170068,1762537455166350,1.557717,0.069157,-0.040686,945.522217,2.519683,18.623049,-20.344383
SCANNING,0,1762537455175800,1.559467,0.069094,-0.040780,945.545715,1.652722,18.631615,-20.344383
SCANNING,0,1762537455186100,1.561135,0.069033,-0.040869,945.570801,0.996871,18.639774,-20.344383
SCANNING,0,1762537455196641,1.562818,0.068972,-0.040960,945.598694,1.137240,18.648014,-20.344383
SCANNING,0,1762537455206245,1.564670,0.068905,-0.041059,945.627197,1.558269,18.657074,-20.344383
SCANNING,0,1762537455215759,1.566683,0.068832,-0.041167,945.652771,1.370121,18.666927,-20.344383
SCANNING,0,1762537455236070,1.570577,0.068691,-0.041376,945.705322,2.541253,18.685982,-20.344383
SCANNING,0,1762537455246643,1.572237,0.068631,-0.041465,945.733032,1.836053,18.694105,-20.344383
SCANNING,0,1762537455256738,1.592209,0.067907,-0.042536,945.762573,2.226883,18.701889,-20.434340
SCANNING,1762537455269915,1762537455266259,1.593808,0.067849,-0.042622,945.790405,3.443346,18.709713,-20.434340
SCANNING,0,1762537455275820,1.595408,0.067577,-0.042682,945.811279,3.738956,18.717981,-20.434340
SCANNING,0,1762537455286060,1.597190,0.067274,-0.042748,945.830017,2.644201,18.727186,-20.434340
SCANNING,0,1762537455296617,1.599024,0.066962,-0.042817,945.855469,1.902075,18.736662,-20.434340
SCANNING,0,1762537455306048,1.600808,0.066658,-0.042883,945.884705,1.103704,18.745880,-20.434340
SCANNING,0,1762537455315640,1.602446,0.066380,-0.042944,945.911377,1.331908,18.754343,-20.434340
SCANNING,0,1762537455326218,1.603992,0.066117,-0.043002,945.938477,0.980602,18.762329,-20.434340
SCANNING,0,1762537455346735,1.607216,0.065568,-0.043122,945.991394,1.387814,18.778988,-20.434340
SCANNING,0,1762537455356737,1.625490,0.062459,-0.043804,946.020996,2.476553,18.788261,-20.519482
SCANNING,1762537455369938,1762537455366241,1.627315,0.062149,-0.043872,946.046082,1.615354,18.797688,-20.519482
SCANNING,0,1762537455375820,1.629292,0.061985,-0.043802,946.072327,1.592472,18.807119,-20.519482
SCANNING,0,1762537455386082,1.631020,0.061842,-0.043740,946.099915,1.016984,18.815361,-20.519482
SCANNING,0,1762537455396679,1.632727,0.061701,-0.043679,946.130310,1.455101,18.823505,-20.519482
SCANNING,0,1762537455406173,1.634403,0.061562,-0.043619,946.156738,1.446697,18.831499,-20.519482
SCANNING,0,1762537455415738,1.636237,0.061410,-0.043554,946.184692,1.943337,18.840246,-20.519482
SCANNING,0,1762537455426109,1.638204,0.061247,-0.043484,946.211365,1.981372,18.849630,-20.519482
SCANNING,0,1762537455456253,1.662413,0.059242,-0.042621,946.289001,0.685204,18.877768,-20.606821
SCANNING,1762537455469942,1762537455465749,1.664139,0.059099,-0.042559,946.317017,1.393107,18.886003,-20.606821
SCANNING,0,1762537455476147,1.665914,0.059008,-0.042519,946.342590,1.073775,18.893915,-20.606821
SCANNING,0,1762537455485634,1.667788,0.058912,-0.042477,946.372803,1.406414,18.902267,-20.606821
SCANNING,0,1762537455506107,1.672032,0.058694,-0.042381,946.429504,2.797604,18.921185,-20.606821
SCANNING,0,1762537455515705,1.674163,0.058584,-0.042332,946.454102,2.767616,18.930683,-20.606821
SCANNING,0,1762537455526055,1.676068,0.058486,-0.042289,946.483459,3.556938,18.939175,-20.606821
SCANNING,0,1762537455536652,1.677858,0.058394,-0.042249,946.507812,3.949866,18.947153,-20.606821
SCANNING,0,1762537455556715,1.701105,0.057201,-0.041724,946.552429,2.424848,18.963825,-20.693762
SCANNING,1762537455569920,1762537455566256,1.703258,0.057090,-0.041675,946.581604,3.694806,18.973423,-20.693762
SCANNING,0,1762537455575766,1.705522,0.057195,-0.041483,946.608765,3.526873,18.983448,-20.693762
SCANNING,0,1762537455586132,1.707763,0.057299,-0.041293,946.636963,2.587032,18.993368,-20.693762
SCANNING,0,1762537455605727,1.711617,0.057477,-0.040967,946.682190,1.598791,19.010429,-20.693762
SCANNING,0,1762537455615367,1.713463,0.057563,-0.040810,946.709717,2.116192,19.018604,-20.693762
SCANNING,0,1762537455626096,1.715424,0.057653,-0.040644,946.736389,1.896666,19.027283,-20.693762
SCANNING,0,1762537455656287,1.742288,0.058898,-0.038367,946.819580,2.803755,19.056364,-20.783613
SCANNING,1762537455670051,1762537455665737,1.744236,0.058988,-0.038202,946.841492,4.069370,19.064987,-20.783613
SCANNING,0,1762537455675346,1.745973,0.059111,-0.038079,946.870239,4.320999,19.073248,-20.783613
SCANNING,0,1762537455686126,1.747751,0.059236,-0.037954,946.894897,3.394174,19.081707,-20.783613
SCANNING,0,1762537455696609,1.749665,0.059371,-0.037819,946.915405,1.934926,19.090813,-20.783613
SCANNING,0,1762537455706106,1.751727,0.059517,-0.037673,946.944824,2.319692,19.100624,-20.783613
SCANNING,0,1762537455715713,1.753879,0.059668,-0.037521,946.972412,2.245137,19.110859,-20.783613
SCANNING,0,1762537455725327,1.755915,0.059812,-0.037378,946.997070,2.300611,19.120544,-20.783613
SCANNING,0,1762537455755305,1.780248,0.061529,-0.035660,947.081482,3.208248,19.145826,-20.874086
SCANNING,1762537455770073,1762537455766125,1.782044,0.061656,-0.035533,947.113831,3.773561,19.154371,-20.874086
SCANNING,0,1762537455775669,1.784027,0.061653,-0.035560,947.136780,2.410425,19.163580,-20.874086
SCANNING,0,1762537455785214,1.786082,0.061650,-0.035587,947.162231,2.346745,19.173119,-20.874086
SCANNING,0,1762537455805717,1.789895,0.061645,-0.035638,947.217529,2.850189,19.190828,-20.874086
SCANNING,0,1762537455815196,1.791584,0.061642,-0.035661,947.240906,1.736297,19.198668,-20.874086
SCANNING,0,1762537455826133,1.793251,0.061640,-0.035683,947.270691,2.503476,19.206408,-20.874086
SCANNING,0,1762537455856329,1.817016,0.061606,-0.036003,947.349609,2.573103,19.231989,-20.958855
SCANNING,1762537455869045,1762537455865846,1.818989,0.061603,-0.036029,947.378174,2.086147,19.241150,-20.958855
SCANNING,0,1762537455875391,1.820791,0.061633,-0.035999,947.400146,0.630379,19.249514,-20.958855
SCANNING,0,1762537455885058,1.822450,0.061660,-0.035971,947.428040,0.949742,19.257212,-20.958855
SCANNING,0,1762537455905116,1.825553,0.061711,-0.035918,947.487671,2.087410,19.271616,-20.958855
SCANNING,0,1762537455915159,1.827179,0.061738,-0.035891,947.514404,2.530272,19.279160,-20.958855
SCANNING,0,1762537455925064,1.828997,0.061768,-0.035860,947.538635,2.934494,19.287601,-20.958855
SCANNING,0,1762537455955824,1.851986,0.062148,-0.035473,947.622803,4.620778,19.313103,-21.040049
SCANNING,1762537455969972,1762537455965285,1.853617,0.062175,-0.035446,947.646851,3.990562,19.320671,-21.040049
SCANNING,0,1762537455975065,1.855328,0.062347,-0.035331,947.671082,3.905223,19.328007,-21.040049
SCANNING,0,1762537455985061,1.857120,0.062528,-0.035211,947.693848,3.668924,19.335690,-21.040049
SCANNING,0,1762537456005194,1.861119,0.062931,-0.034942,947.745483,3.606924,19.352835,-21.040049
SCANNING,0,1762537456015199,1.863249,0.063146,-0.034799,947.768066,2.423647,19.361967,-21.040049
SCANNING,0,1762537456025112,1.865319,0.063355,-0.034659,947.793152,0.988167,19.370844,-21.040049
SCANNING,0,1762537456055757,1.890093,0.065852,-0.032994,947.879517,3.724494,19.394396,-21.122717
SCANNING,1762537456070043,1762537456065331,1.892003,0.066045,-0.032866,947.902710,3.694841,19.402586,-21.122717
SCANNING,0,1762537456075139,1.894005,0.066074,-0.032797,947.929626,4.501001,19.411455,-21.122717
SCANNING,0,1762537456085137,1.896160,0.066105,-0.032723,947.956787,4.166016,19.421003,-21.122717
SCANNING,0,1762537456105142,1.900283,0.066164,-0.032581,948.009338,3.912323,19.439266,-21.122717
SCANNING,0,1762537456115120,1.902109,0.066190,-0.032518,948.037781,3.361606,19.447357,-21.122717
SCANNING,0,1762537456125141,1.903948,0.066217,-0.032455,948.064026,3.667615,19.455503,-21.122717
SCANNING,0,1762537456155758,1.930772,0.066602,-0.031531,948.148254,3.616440,19.483768,-21.213289
SCANNING,1762537456170011,1762537456165317,1.933009,0.066634,-0.031454,948.174683,3.562110,19.493679,-21.213289
SCANNING,0,1762537456175102,1.935231,0.066703,-0.031456,948.200867,3.405804,19.502712,-21.213289
SCANNING,0,1762537456185055,1.937256,0.066766,-0.031458,948.230530,4.064160,19.510942,-21.213289
SCANNING,0,1762537456205145,1.941376,0.066894,-0.031461,948.280579,4.116798,19.527691,-21.213289
SCANNING,0,1762537456215060,1.943745,0.066968,-0.031464,948.305420,3.359730,19.537321,-21.213289
SCANNING,0,1762537456225107,1.946312,0.067047,-0.031466,948.334839,3.580573,19.547754,-21.213289
SCANNING,0,1762537456255675,1.975830,0.067964,-0.031492,948.411438,3.745157,19.575645,-21.305387
SCANNING,1762537456269995,1762537456265268,1.977879,0.068028,-0.031494,948.436096,2.474072,19.583973,-21.305387
SCANNING,0,1762537456275123,1.979912,0.067973,-0.031399,948.463928,2.621869,19.592764,-21.305387
SCANNING,0,1762537456285086,1.982123,0.067914,-0.031296,948.487915,0.909733,19.602322,-21.305387
SCANNING,0,1762537456305168,1.986623,0.067793,-0.031086,948.543579,1.942979,19.621777,-21.305387
SCANNING,0,1762537456315086,1.988597,0.067740,-0.030994,948.569092,2.183416,19.630314,-21.305387
SCANNING,0,1762537456325154,1.990467,0.067690,-0.030907,948.597534,1.714147,19.638399,-21.305387
SCANNING,0,1762537456355800,2.017195,0.066973,-0.029660,948.676636,2.447964,19.664122,-21.395224
SCANNING,1762537456370027,1762537456365291,2.019432,0.066913,-0.029556,948.699707,2.327936,19.673796,-21.395224
SCANNING,0,1762537456374784,2.021212,0.066857,-0.029424,948.732117,3.534111,19.683046,-21.395224
SCANNING,0,1762537456385120,2.022860,0.066804,-0.029302,948.760925,4.748552,19.691607,-21.395224
SCANNING,0,1762537456395686,2.024431,0.066755,-0.029186,948.782715,4.591666,19.699770,-21.395224
SCANNING,0,1762537456405264,2.026014,0.066704,-0.029068,948.799988,2.299178,19.707994,-21.395224
SCANNING,0,1762537456414778,2.027663,0.066652,-0.028946,948.822754,1.143212,19.716566,-21.395224
SCANNING,0,1762537456425077,2.029450,0.066596,-0.028814,948.853516,1.957024,19.725849,-21.395224
SCANNING,0,1762537456455824,2.051803,0.065887,-0.027158,948.937805,2.693592,19.753513,-21.483707
SCANNING,1762537456469933,1762537456465473,2.053416,0.065836,-0.027038,948.964722,2.871794,19.761894,-21.483707
SCANNING,0,1762537456474948,2.055084,0.065683,-0.026891,948.990601,2.724781,19.770426,-21.483707
SCANNING,0,1762537456485069,2.056857,0.065520,-0.026736,949.018005,2.621993,19.779499,-21.483707
SCANNING,0,1762537456505235,2.060590,0.065178,-0.026408,949.072266,2.660817,19.798595,-21.483707
SCANNING,0,1762537456514718,2.062435,0.065009,-0.026246,949.098633,1.417353,19.808031,-21.483707
SCANNING,0,1762537456525078,2.064052,0.064860,-0.026103,949.129150,1.993225,19.816307,-21.483707
SCANNING,0,1762537456555784,2.086465,0.062804,-0.024134,949.207825,2.453157,19.842020,-21.572655
SCANNING,1762537456569933,1762537456565355,2.088330,0.062633,-0.023970,949.237915,2.093794,19.851559,-21.572655
SCANNING,0,1762537456574780,2.090179,0.062645,-0.023823,949.264709,2.392854,19.861107,-21.572655
SCANNING,0,1762537456585133,2.091996,0.062657,-0.023678,949.286987,1.460391,19.870491,-21.572655
SCANNING,0,1762537456595672,2.093686,0.062668,-0.023543,949.316223,2.597834,19.879221,-21.572655
SCANNING,0,1762537456605263,2.095350,0.062679,-0.023410,949.342224,2.161914,19.887815,-21.572655
SCANNING,0,1762537456614867,2.097016,0.062690,-0.023278,949.371338,2.909692,19.896420,-21.572655
SCANNING,0,1762537456625065,2.098757,0.062702,-0.023139,949.397156,3.084893,19.905416,-21.572655
SCANNING,0,1762537456655680,2.122050,0.062855,-0.021282,949.478394,3.827919,19.934734,-21.663639
SCANNING,1762537456669945,1762537456665292,2.123757,0.062866,-0.021146,949.501221,3.660348,19.943552,-21.663639
SCANNING,0,1762537456674825,2.125444,0.062934,-0.021244,949.525146,2.718208,19.952002,-21.663639
SCANNING,0,1762537456685143,2.127248,0.063006,-0.021349,949.547974,1.666733,19.961039,-21.663639
SCANNING,0,1762537456695694,2.129210,0.063085,-0.021463,949.573364,1.661803,19.970865,-21.663639
SCANNING,0,1762537456705260,2.131301,0.063170,-0.021584,949.601135,1.918738,19.981342,-21.663639
SCANNING,0,1762537456714847,2.133399,0.063254,-0.021706,949.628723,1.493298,19.991852,-21.663639
SCANNING,0,1762537456725116,2.135248,0.063328,-0.021813,949.654602,1.474956,20.001114,-21.663639
SCANNING,0,1762537456735510,2.136977,0.063398,-0.021914,949.679199,1.298651,20.009775,-21.663639
SCANNING,0,1762537456755255,2.158970,0.064283,-0.023191,949.732483,1.020211,20.027082,-21.756496
SCANNING,1762537456768471,1762537456764850,2.160904,0.064361,-0.023303,949.762573,1.680658,20.036770,-21.756496
SCANNING,0,1762537456775224,2.162806,0.064479,-0.023201,949.791504,2.421798,20.046524,-21.756496
SCANNING,0,1762537456784791,2.164626,0.064593,-0.023103,949.814453,3.436911,20.055853,-21.756496
SCANNING,0,1762537456805332,2.167643,0.064780,-0.022941,949.863220,2.966172,20.071321,-21.756496
SCANNING,0,1762537456814899,2.168974,0.064863,-0.022869,949.888489,1.999049,20.078144,-21.756496
SCANNING,0,1762537456825316,2.170323,0.064947,-0.022796,949.912476,0.951240,20.085064,-21.756496
SCANNING,0,1762537456855639,2.188589,0.066084,-0.021814,949.993652,1.465978,20.104948,-21.830261
SCANNING,1762537456867833,1762537456865288,2.189725,0.066155,-0.021753,950.023010,2.265760,20.110775,-21.830261
SCANNING,0,1762537456874897,2.190765,0.066263,-0.021466,950.049011,2.080475,20.115993,-21.830261
SCANNING,0,1762537456884551,2.191654,0.066355,-0.021220,950.074341,1.938884,20.120459,-21.830261
SCANNING,0,1762537456904935,2.193264,0.066523,-0.020775,950.130188,0.939569,20.128540,-21.830261
SCANNING,0,1762537456914559,2.194012,0.066600,-0.020568,950.158752,1.887133,20.132294,-21.830261
SCANNING,0,1762537456955394,2.203425,0.067579,-0.017966,950.263367,0.250276,20.142437,-21.867371
SCANNING,1762537456966646,1762537456965002,2.203776,0.067615,-0.017869,950.289124,0.648868,20.144197,-21.867371
SCANNING,0,1762537456974658,2.203549,0.067873,-0.017553,950.318176,1.804059,20.145786,-21.867371
SCANNING,0,1762537456985245,2.203357,0.068091,-0.017286,950.347046,2.267046,20.147135,-21.867371
SCANNING,0,1762537457004927,2.203128,0.068351,-0.016967,950.399170,0.976599,20.148739,-21.867371
SCANNING,0,1762537457014535,2.203091,0.068393,-0.016916,950.426636,1.435071,20.148994,-21.867371
SCANNING,0,1762537457055435,2.202077,0.069545,-0.015505,950.533752,3.210181,20.148842,-21.874708
SCANNING,1762537457066206,1762537457064922,2.202077,0.069545,-0.015505,950.556152,3.144901,20.148764,-21.874708
SCANNING,0,1762537457074563,2.201380,0.070005,-0.015467,950.585449,4.094987,20.148504,-21.874708
SCANNING,0,1762537457085172,2.200609,0.070514,-0.015426,950.615784,4.637247,20.148216,-21.874708
SCANNING,0,1762537457104899,2.199470,0.071266,-0.015364,950.661499,3.214364,20.147791,-21.874708
SCANNING,0,1762537457114598,2.199266,0.071400,-0.015353,950.686157,2.630306,20.147715,-21.874708
SCANNING,0,1762537457125173,2.199188,0.071452,-0.015349,950.715881,3.744250,20.147686,-21.874708
SCANNING,0,1762537457154847,2.197267,0.072720,-0.015245,950.791565,1.524375,20.147717,-21.873959
SCANNING,1762537457166182,1762537457164446,2.197267,0.072720,-0.015245,950.820190,3.152826,20.147718,-21.873959
SCANNING,0,1762537457174174,2.195427,0.073583,-0.013860,950.843628,4.798473,20.147724,-21.873959
SCANNING,0,1762537457184211,2.194813,0.073870,-0.013399,950.869507,3.821625,20.147726,-21.873959
SCANNING,0,1762537457204346,2.194813,0.073870,-0.013399,950.915039,1.241268,20.147726,-21.873959
SCANNING,0,1762537457214166,2.194813,0.073870,-0.013399,950.945007,2.038099,20.147726,-21.873959
SCANNING,0,1762537457224146,2.194813,0.073870,-0.013399,950.973022,2.683797,20.147726,-21.873959
SCANNING,0,1762537457254740,2.191439,0.075452,-0.010860,951.055603,2.970528,20.147726,-21.873970
SCANNING,0,1762537457264363,2.192666,0.074877,-0.011783,951.086609,4.245531,20.147722,-21.873970
SCANNING,1762537457270017,1762537457274151,2.191439,0.075452,-0.010860,951.113770,4.085067,20.147726,-21.873970
SCANNING,0,1762537457284221,2.191304,0.076094,-0.012049,951.139526,2.850587,20.147724,-21.873970
SCANNING,0,1762537457304312,2.191439,0.075452,-0.010860,951.194031,2.933914,20.147726,-21.873970
SCANNING,0,1762537457314190,2.191304,0.076094,-0.012049,951.221436,3.381680,20.147724,-21.873970
SCANNING,0,1762537457324968,2.191439,0.075452,-0.010860,951.245789,2.928505,20.147726,-21.873970
SCANNING,0,1762537457354813,2.191304,0.076094,-0.012049,951.329163,4.154007,20.147724,-21.873970
SCANNING,0,1762537457364448,2.191439,0.075452,-0.010860,951.356262,3.631983,20.147726,-21.873970
SCANNING,1762537457369980,1762537457374061,2.191169,0.076735,-0.013238,951.380859,2.724569,20.147722,-21.873970
SCANNING,0,1762537457384232,2.191169,0.076735,-0.013238,951.403442,2.010587,20.147722,-21.873970
SCANNING,0,1762537457404299,2.191169,0.076735,-0.013238,951.457886,1.203830,20.147724,-21.873970
SCANNING,0,1762537457414281,2.191169,0.076735,-0.013238,951.486511,1.240010,20.147724,-21.873970
SCANNING,0,1762537457424179,2.191169,0.076735,-0.013238,951.515503,2.602797,20.147722,-21.873970
SCANNING,0,1762537457454785,2.191169,0.076735,-0.013238,951.596802,3.808391,20.147724,-21.873968
SCANNING,0,1762537457464327,2.191169,0.076735,-0.013238,951.624756,3.964381,20.147724,-21.873968
SCANNING,1762537457470012,1762537457474131,2.191607,0.077848,-0.010481,951.647888,3.485008,20.147724,-21.873968
SCANNING,0,1762537457484168,2.191610,0.077847,-0.010481,951.672485,4.013209,20.147743,-21.873968
SCANNING,0,1762537457504179,2.191786,0.077816,-0.010482,951.724182,4.144393,20.148735,-21.873968
SCANNING,0,1762537457514176,2.192046,0.077769,-0.010484,951.751831,5.122621,20.150208,-21.873968
SCANNING,0,1762537457534691,2.192995,0.077599,-0.010492,951.790894,0.431292,20.155571,-21.873968
SCANNING,0,1762537457554816,2.196524,0.076966,-0.010520,951.850525,2.829638,20.162210,-21.887276
SCANNING,0,1762537457564410,2.197117,0.076860,-0.010525,951.880798,3.559073,20.165560,-21.887276
SCANNING,1762537457569955,1762537457573953,2.197796,0.076738,-0.010530,951.904053,4.053815,20.169401,-21.887276
SCANNING,0,1762537457584104,2.198680,0.076813,-0.010427,951.932129,4.492555,20.174065,-21.887276
SCANNING,0,1762537457604246,2.200720,0.076987,-0.010189,951.986816,4.398047,20.184830,-21.887276
SCANNING,0,1762537457614169,2.201828,0.077082,-0.010060,952.014587,4.570449,20.190676,-21.887276
SCANNING,0,1762537457634684,2.204049,0.077271,-0.009801,952.066711,3.466337,20.202391,-21.887276
SCANNING,0,1762537457654783,2.216902,0.078367,-0.008301,952.125122,3.473116,20.215767,-21.941717
SCANNING,0,1762537457664384,2.218379,0.078493,-0.008129,952.151611,4.355020,20.223560,-21.941717
SCANNING,1762537457669980,1762537457673909,2.219989,0.078630,-0.007941,952.179810,4.172599,20.232054,-21.941717
SCANNING,0,1762537457684151,2.221752,0.078961,-0.008042,952.203735,3.548120,20.240946,-21.941717
SCANNING,0,1762537457694709,2.223458,0.079281,-0.008139,952.233826,4.221967,20.249554,-21.941717
SCANNING,0,1762537457704269,2.225139,0.079597,-0.008235,952.259644,4.440203,20.258038,-21.941717
SCANNING,0,1762537457713836,2.226872,0.079923,-0.008335,952.285339,3.896906,20.266779,-21.941717
SCANNING,0,1762537457734667,2.230820,0.080664,-0.008560,952.339966,3.455929,20.286695,-21.941717
SCANNING,0,1762537457754768,2.252829,0.084797,-0.009819,952.391968,3.228395,20.307571,-22.031879
SCANNING,0,1762537457764264,2.254595,0.085128,-0.009920,952.416565,4.073634,20.316479,-22.031879
SCANNING,1762537457769999,1762537457773796,2.256212,0.085432,-0.010012,952.444092,4.565411,20.324638,-22.031879
SCANNING,0,1762537457784230,2.257950,0.085443,-0.010257,952.471130,3.889329,20.332893,-22.031879
SCANNING,0,1762537457794649,2.259830,0.085455,-0.010522,952.491577,1.901744,20.341824,-22.031879
SCANNING,0,1762537457814222,2.264107,0.085482,-0.011125,952.545776,2.254401,20.362143,-22.031879
SCANNING,0,1762537457823765,2.266217,0.085495,-0.011422,952.571777,2.381365,20.372164,-22.031879
SCANNING,0,1762537457844914,2.270088,0.085520,-0.011968,952.626282,1.514018,20.390556,-22.031879
SCANNING,0,1762537457863670,2.298117,0.085698,-0.015918,952.677795,1.891645,20.410501,-22.145084
SCANNING,1762537457869871,1762537457874167,2.300353,0.085712,-0.016233,952.703186,2.119191,20.421122,-22.145084
SCANNING,0,1762537457883827,2.302380,0.085520,-0.016723,952.731201,1.460772,20.430931,-22.145084
SCANNING,0,1762537457904324,2.305549,0.085220,-0.017490,952.788147,3.450606,20.446272,-22.145084
SCANNING,0,1762537457913948,2.306857,0.085096,-0.017806,952.807373,3.692190,20.452602,-22.145084
SCANNING,0,1762537457924268,2.308190,0.084970,-0.018128,952.827637,1.973426,20.459051,-22.145084
SCANNING,0,1762537457954889,2.327744,0.083119,-0.022857,952.912903,1.887457,20.478573,-22.220205
SCANNING,0,1762537457964405,2.329041,0.082996,-0.023171,952.938660,1.206579,20.484850,-22.220205
SCANNING,1762537457969921,1762537457974012,2.330195,0.082887,-0.023450,952.966309,2.097254,20.490437,-22.220205
SCANNING,0,1762537457983684,2.331164,0.083111,-0.023889,952.991211,1.397000,20.495344,-22.220205
SCANNING,0,1762537458004311,2.332672,0.083460,-0.024573,953.046631,1.560625,20.502985,-22.220205
SCANNING,0,1762537458013916,2.333238,0.083590,-0.024830,953.072449,1.395014,20.505850,-22.220205
SCANNING,0,1762537458023873,2.333712,0.083700,-0.025045,953.099121,0.764210,20.508251,-22.220205
SCANNING,0,1762537458054148,2.341696,0.085546,-0.028665,953.185486,2.209159,20.513895,-22.254999
SCANNING,0,1762537458063879,2.341956,0.085606,-0.028783,953.208191,1.301842,20.515213,-22.254999
SCANNING,1762537458069921,1762537458074296,2.342112,0.085642,-0.028854,953.238708,1.221443,20.516003,-22.254999
SCANNING,0,1762537458083919,2.342079,0.085685,-0.029855,953.264465,1.089404,20.516237,-22.254999
SCANNING,0,1762537458094473,2.342100,0.085658,-0.029226,953.289307,1.844140,20.516090,-22.254999
SCANNING,0,1762537458104104,2.342112,0.085642,-0.028854,953.317261,1.637401,20.515940,-22.254999
SCANNING,0,1762537458113845,2.342112,0.085642,-0.028854,953.343445,1.878516,20.515846,-22.254999
SCANNING,0,1762537458144625,2.342112,0.085642,-0.028854,953.427856,3.630287,20.515722,-22.254999
SCANNING,0,1762537458154721,2.341851,0.085976,-0.036700,953.449951,2.099715,20.515699,-22.257137
SCANNING,0,1762537458164318,2.341851,0.085976,-0.036708,953.481262,3.833324,20.515701,-22.257137
SCANNING,1762537458169941,1762537458174000,2.341850,0.085977,-0.036734,953.501282,3.644713,20.515707,-22.257137
SCANNING,0,1762537458183674,2.342634,0.086105,-0.042089,953.527222,3.082785,20.515709,-22.257137
SCANNING,0,1762537458203891,2.341850,0.085977,-0.036734,953.574402,1.621256,20.515701,-22.257137
SCANNING,0,1762537458212957,2.341850,0.085977,-0.036734,953.602539,2.345910,20.515703,-22.257137
SCANNING,0,1762537458254331,2.341850,0.085977,-0.036734,953.706116,2.103692,20.515707,-22.257133
SCANNING,0,1762537458263934,2.341850,0.085977,-0.036734,953.730591,0.558694,20.515705,-22.257133
SCANNING,1762537458269907,1762537458273554,2.342634,0.086105,-0.042089,953.760864,0.776218,20.515713,-22.257133
SCANNING,0,1762537458284193,2.342200,0.085666,-0.042936,953.790710,1.297212,20.515711,-22.257133
SCANNING,0,1762537458303924,2.340898,0.084350,-0.045477,953.835327,3.285541,20.515701,-22.257133
SCANNING,0,1762537458313644,2.340898,0.084350,-0.045477,953.863342,3.910808,20.515703,-22.257133
SCANNING,0,1762537458354369,2.340898,0.084350,-0.045477,953.967163,1.502336,20.515705,-22.257133
SCANNING,0,1762537458363929,2.341332,0.084789,-0.044630,953.993774,1.496743,20.515707,-22.257133
SCANNING,1762537458369968,1762537458373617,2.340898,0.084350,-0.045477,954.023315,2.060805,20.515705,-22.257133
SCANNING,0,1762537458384244,2.340898,0.084350,-0.045477,954.051819,2.256952,20.515703,-22.257133
SCANNING,0,1762537458403917,2.344511,0.084315,-0.053837,954.102539,1.441463,20.515707,-22.257133
SCANNING,0,1762537458413666,2.344511,0.084315,-0.053837,954.133850,1.702620,20.515707,-22.257133
SCANNING,0,1762537458463549,2.344511,0.084315,-0.053837,954.265442,0.648631,20.515707,-22.257139
SCANNING,1762537458469935,1762537458473205,2.344511,0.084315,-0.053837,954.291382,1.275426,20.515701,-22.257139
SCANNING,0,1762537458483242,2.346188,0.082454,-0.054193,954.318420,1.688033,20.515705,-22.257139
SCANNING,0,1762537458503356,2.345629,0.083074,-0.054074,954.373901,1.806997,20.515703,-22.257139
SCANNING,0,1762537458513245,2.346188,0.082454,-0.054193,954.400146,1.277454,20.515707,-22.257139
SCANNING,0,1762537458523187,2.346188,0.082454,-0.054193,954.427307,1.424753,20.515713,-22.257139
SCANNING,0,1762537458553780,2.344511,0.084315,-0.053837,954.512024,3.490079,20.515707,-22.257132
SCANNING,0,1762537458563390,2.346188,0.082454,-0.054193,954.537231,3.612832,20.515711,-22.257132
SCANNING,1762537458569941,1762537458573202,2.346188,0.082454,-0.054193,954.559082,3.659444,20.515711,-22.257132
SCANNING,0,1762537458583230,2.346188,0.082454,-0.054193,954.590271,5.237798,20.515713,-22.257132
SCANNING,0,1762537458603324,2.343476,0.084671,-0.055963,954.638489,2.186140,20.515709,-22.257132
SCANNING,0,1762537458613149,2.343476,0.084671,-0.055963,954.665405,3.700082,20.515701,-22.257132
SCANNING,0,1762537458623245,2.343476,0.084671,-0.055963,954.689331,3.110802,20.515709,-22.257132
SCANNING,0,1762537458634026,2.343476,0.084671,-0.055963,954.715637,3.101021,20.515709,-22.257132
SCANNING,0,1762537458653683,2.343476,0.084671,-0.055963,954.763123,1.060419,20.515709,-22.257132
SCANNING,0,1762537458663336,2.343476,0.084671,-0.055963,954.788940,0.011991,20.515705,-22.257132
SCANNING,1762537458669910,1762537458673187,2.343476,0.084671,-0.055963,954.819641,2.133841,20.515709,-22.257132
SCANNING,0,1762537458683173,2.343476,0.084671,-0.055963,954.846130,4.073812,20.515705,-22.257132
SCANNING,0,1762537458703411,2.343476,0.084671,-0.055963,954.896301,2.927923,20.515707,-22.257132
SCANNING,0,1762537458713242,2.343476,0.084671,-0.055963,954.919373,2.934592,20.515709,-22.257132
SCANNING,0,1762537458723958,2.343476,0.084671,-0.055963,954.950623,3.479501,20.515705,-22.257132
SCANNING,0,1762537458753765,2.341986,0.087147,-0.058282,955.033264,3.305484,20.515711,-22.257135
SCANNING,0,1762537458763348,2.342582,0.086157,-0.057354,955.058594,3.254936,20.515709,-22.257135
SCANNING,1762537458770017,1762537458772989,2.341986,0.087147,-0.058282,955.089478,4.555025,20.515711,-22.257135
SCANNING,0,1762537458783269,2.341986,0.087147,-0.058282,955.119690,4.625016,20.515711,-22.257135
SCANNING,0,1762537458803329,2.340983,0.088306,-0.058521,955.168823,2.857158,20.515709,-22.257135
SCANNING,0,1762537458812912,2.340983,0.088306,-0.058521,955.195740,3.097492,20.515709,-22.257135
SCANNING,0,1762537458834117,2.340983,0.088306,-0.058521,955.253601,4.732657,20.515709,-22.257135
SCANNING,0,1762537458853890,2.339478,0.090044,-0.058880,955.305908,3.796864,20.515709,-22.257132
SCANNING,0,1762537458863412,2.339478,0.090044,-0.058880,955.332397,3.742640,20.515709,-22.257132
SCANNING,1762537458869902,1762537458873070,2.339478,0.090044,-0.058880,955.361328,3.571322,20.515709,-22.257132
SCANNING,0,1762537458883239,2.339478,0.090044,-0.058880,955.386353,3.426997,20.515709,-22.257132
SCANNING,0,1762537458903341,2.338536,0.091216,-0.059871,955.432617,2.506858,20.515707,-22.257132
SCANNING,0,1762537458912927,2.339478,0.090044,-0.058880,955.459290,1.674472,20.515711,-22.257132
SCANNING,0,1762537458934061,2.339478,0.090044,-0.058880,955.515076,1.502187,20.515713,-22.257132
SCANNING,0,1762537458953802,2.338536,0.091216,-0.059871,955.567810,3.140936,20.515711,-22.257128
SCANNING,0,1762537458963365,2.338536,0.091216,-0.059871,955.597412,2.752480,20.515711,-22.257128
SCANNING,1762537458969905,1762537458973060,2.336651,0.093560,-0.061853,955.624023,2.222484,20.515707,-22.257128
SCANNING,0,1762537458983199,2.336651,0.093560,-0.061853,955.649231,2.336143,20.515707,-22.257128
SCANNING,0,1762537458993814,2.336651,0.093560,-0.061853,955.675354,3.384382,20.515713,-22.257128
SCANNING,0,1762537459013249,2.336651,0.093560,-0.061853,955.730164,3.707061,20.515711,-22.257128
SCANNING,0,1762537459033694,2.336651,0.093560,-0.061853,955.778564,4.297159,20.515711,-22.257128
SCANNING,0,1762537459053906,2.336651,0.093560,-0.061853,955.821533,0.888299,20.515713,-22.257130
SCANNING,0,1762537459063503,2.336651,0.093560,-0.061853,955.851196,1.717810,20.515709,-22.257130
SCANNING,1762537459070041,1762537459073079,2.329000,0.096434,-0.059151,955.882263,2.765064,20.515705,-22.257130
SCANNING,0,1762537459083223,2.326601,0.097418,-0.061692,955.910156,3.477568,20.515709,-22.257130
SCANNING,0,1762537459093855,2.327801,0.096926,-0.060421,955.938538,4.763575,20.515707,-22.257130
SCANNING,0,1762537459103521,2.327801,0.096926,-0.060421,955.960144,2.787572,20.515707,-22.257130
SCANNING,0,1762537459113058,2.325402,0.097910,-0.062962,955.990112,3.964503,20.515711,-22.257130
SCANNING,0,1762537459122702,2.326601,0.097418,-0.061692,956.014526,3.247977,20.515709,-22.257130
SCANNING,0,1762537459153188,2.325402,0.097910,-0.062962,956.100037,2.585422,20.515711,-22.257132
SCANNING,0,1762537459162837,2.325402,0.097910,-0.062962,956.128113,3.414955,20.515713,-22.257132
SCANNING,1762537459169963,1762537459173170,2.325402,0.097910,-0.062962,956.154846,3.415745,20.515709,-22.257132
SCANNING,0,1762537459182845,2.325402,0.097910,-0.062962,956.179932,3.200043,20.515709,-22.257132
SCANNING,0,1762537459203451,2.323277,0.099044,-0.064079,956.238098,4.340080,20.515713,-22.257132
SCANNING,0,1762537459213040,2.325402,0.097910,-0.062962,956.263977,3.938010,20.515707,-22.257132
SCANNING,0,1762537459222696,2.325402,0.097910,-0.062962,956.288147,4.140943,20.515705,-22.257132
SCANNING,0,1762537459253752,2.323809,0.098761,-0.063799,956.369080,3.197826,20.515711,-22.257133
SCANNING,0,1762537459263348,2.321684,0.099895,-0.064916,956.394104,2.851360,20.515717,-22.257133
SCANNING,1762537459270096,1762537459272933,2.321684,0.099895,-0.064916,956.421387,4.494460,20.515715,-22.257133
SCANNING,0,1762537459283225,2.325333,0.098621,-0.065779,956.449829,4.159513,20.515718,-22.257133
SCANNING,0,1762537459293838,2.321684,0.099895,-0.064916,956.472778,4.070568,20.515711,-22.257133
SCANNING,0,1762537459303443,2.321684,0.099895,-0.064916,956.497864,3.689552,20.515715,-22.257133
SCANNING,0,1762537459313022,2.321684,0.099895,-0.064916,956.522034,2.459819,20.515715,-22.257133
SCANNING,0,1762537459322614,2.321684,0.099895,-0.064916,956.545349,1.587051,20.515711,-22.257133
SCANNING,0,1762537459353725,2.321684,0.099895,-0.064916,956.626526,0.708996,20.515711,-22.257133
SCANNING,0,1762537459363355,2.321684,0.099895,-0.064916,956.652222,1.183881,20.515713,-22.257133
SCANNING,1762537459370054,1762537459372934,2.325333,0.098621,-0.065779,956.678040,1.178933,20.515718,-22.257133
SCANNING,0,1762537459382643,2.324721,0.099368,-0.065327,956.703918,2.422876,20.515715,-22.257133
SCANNING,0,1762537459403334,2.323496,0.100863,-0.064424,956.761414,1.607047,20.515709,-22.257133
SCANNING,0,1762537459412939,2.323292,0.101112,-0.064274,956.789368,3.042118,20.515707,-22.257133
SCANNING,0,1762537459423788,2.323904,0.100365,-0.064725,956.809631,4.102289,20.515711,-22.257133
SCANNING,0,1762537459443529,2.325333,0.098621,-0.065779,956.856506,2.158588,20.515718,-22.257133
SCANNING,0,1762537459453718,2.323292,0.101112,-0.064274,956.884705,0.967874,20.515709,-22.257130
SCANNING,0,1762537459463250,2.324108,0.100116,-0.064876,956.909851,0.538958,20.515715,-22.257130
SCANNING,1762537459469961,1762537459472905,2.323292,0.101112,-0.064274,956.938843,1.424971,20.515711,-22.257130
SCANNING,0,1762537459481952,2.323292,0.101112,-0.064274,956.966125,2.089228,20.515711,-22.257130
SCANNING,0,1762537459502852,2.325428,0.101583,-0.065448,957.020203,2.168161,20.515707,-22.257130
SCANNING,0,1762537459511923,2.323292,0.101112,-0.064274,957.046570,1.847854,20.515717,-22.257130
SCANNING,0,1762537459553294,2.323292,0.101112,-0.064274,957.158752,1.723912,20.515713,-22.257128
SCANNING,0,1762537459562946,2.325428,0.101583,-0.065448,957.183838,0.991505,20.515709,-22.257128
SCANNING,1762537459569913,1762537459572551,2.325428,0.101583,-0.065448,957.209167,1.820665,20.515711,-22.257128
SCANNING,0,1762537459583236,2.324050,0.102138,-0.064568,957.237610,0.829619,20.515709,-22.257128
SCANNING,0,1762537459602993,2.325428,0.101583,-0.065448,957.290283,1.316551,20.515713,-22.257128
SCANNING,0,1762537459612564,2.324050,0.102138,-0.064568,957.316589,1.364667,20.515709,-22.257128
SCANNING,0,1762537459633573,2.322671,0.102693,-0.063688,957.373474,1.652297,20.515705,-22.257128
SCANNING,0,1762537459652891,2.322671,0.102693,-0.063688,957.426392,3.405987,20.515707,-22.257126
SCANNING,0,1762537459662482,2.325428,0.101583,-0.065448,957.451843,2.717562,20.515715,-22.257126
SCANNING,1762537459669866,1762537459673190,2.322671,0.102693,-0.063688,957.484741,3.299282,20.515709,-22.257126
SCANNING,0,1762537459682788,2.322502,0.102346,-0.063290,957.505371,3.815249,20.515713,-22.257126
SCANNING,0,1762537459693438,2.322587,0.102519,-0.063489,957.529968,3.328034,20.515711,-22.257126
SCANNING,0,1762537459702965,2.322671,0.102693,-0.063688,957.552002,2.659743,20.515709,-22.257126
SCANNING,0,1762537459712709,2.322291,0.101912,-0.062794,957.580505,3.156188,20.515718,-22.257126
SCANNING,0,1762537459722353,2.322502,0.102346,-0.063290,957.608582,3.960362,20.515713,-22.257126
SCANNING,0,1762537459752784,2.322122,0.101565,-0.062396,957.682739,2.152586,20.515713,-22.257135
SCANNING,0,1762537459762407,2.322122,0.101565,-0.062396,957.708740,2.598561,20.515715,-22.257135
SCANNING,1762537459769982,1762537459772197,2.322122,0.101565,-0.062396,957.732056,0.709636,20.515713,-22.257135
SCANNING,0,1762537459782265,2.320953,0.102112,-0.061790,957.759888,0.080807,20.515707,-22.257135
SCANNING,0,1762537459802337,2.322122,0.101565,-0.062396,957.817383,3.730213,20.515713,-22.257135
SCANNING,0,1762537459812143,2.321187,0.102003,-0.061911,957.839233,4.402323,20.515709,-22.257135
SCANNING,0,1762537459822195,2.322122,0.101565,-0.062396,957.865723,3.460136,20.515713,-22.257135
SCANNING,0,1762537459862312,2.320953,0.102112,-0.061790,957.968567,1.531374,20.515711,-22.257130
SCANNING,1762537459870046,1762537459872221,2.320953,0.102112,-0.061790,957.994385,1.645210,20.515713,-22.257130
SCANNING,0,1762537459882214,2.320774,0.101947,-0.060293,958.026855,2.780011,20.515709,-22.257130
SCANNING,0,1762537459902344,2.320953,0.102112,-0.061790,958.079529,2.579624,20.515713,-22.257130
SCANNING,0,1762537459912209,2.320684,0.101864,-0.059544,958.106689,2.591522,20.515707,-22.257130
SCANNING,0,1762537459922188,2.320863,0.102029,-0.061041,958.136353,2.151640,20.515711,-22.257130
SCANNING,0,1762537459932909,2.320774,0.101947,-0.060293,958.161804,1.981633,20.515709,-22.257130
SCANNING,0,1762537459952673,2.320684,0.101864,-0.059544,958.216125,2.439046,20.515711,-22.257126
SCANNING,0,1762537459962386,2.320595,0.101781,-0.058796,958.238098,0.988627,20.515703,-22.257126
SCANNING,1762537459970067,1762537459972250,2.320595,0.101781,-0.058796,958.264832,0.839534,20.515709,-22.257126
SCANNING,0,1762537459982203,2.324523,0.101571,-0.061587,958.295837,2.592105,20.515718,-22.257126
SCANNING,0,1762537460002313,2.321468,0.101734,-0.059416,958.349670,2.790067,20.515711,-22.257126
SCANNING,0,1762537460012176,2.321468,0.101734,-0.059416,958.376404,1.535151,20.515711,-22.257126
SCANNING,0,1762537460032994,2.321468,0.101734,-0.059416,958.428040,0.996318,20.515711,-22.257126
SCANNING,0,1762537460052847,2.324959,0.101548,-0.061897,958.486694,2.377063,20.515715,-22.257130
SCANNING,0,1762537460062416,2.322341,0.101688,-0.060036,958.514771,3.069058,20.515709,-22.257130
SCANNING,1762537460069914,1762537460072057,2.324959,0.101548,-0.061897,958.537354,2.927593,20.515715,-22.257130
SCANNING,0,1762537460082293,2.328065,0.101821,-0.061627,958.563660,4.004272,20.515711,-22.257130
SCANNING,0,1762537460102305,2.328065,0.101821,-0.061627,958.621033,4.302807,20.515711,-22.257130
SCANNING,0,1762537460112286,2.328065,0.101821,-0.061627,958.643494,3.403044,20.515709,-22.257130
SCANNING,0,1762537460133058,2.328065,0.101821,-0.061627,958.692566,2.996665,20.515713,-22.257130
SCANNING,0,1762537460152835,2.328065,0.101821,-0.061627,958.746826,4.653115,20.515713,-22.257130
SCANNING,0,1762537460162323,2.324959,0.101548,-0.061897,958.766968,2.430363,20.515715,-22.257130
SCANNING,1762537460169988,1762537460171952,2.328065,0.101821,-0.061627,958.790894,0.622790,20.515713,-22.257130
SCANNING,0,1762537460182309,2.328065,0.101821,-0.061627,958.820801,1.229216,20.515713,-22.257130
SCANNING,0,1762537460202391,2.328065,0.101821,-0.061627,958.879822,4.414721,20.515713,-22.257130
SCANNING,0,1762537460211939,2.328065,0.101821,-0.061627,958.900330,3.284400,20.515709,-22.257130
SCANNING,0,1762537460232656,2.328065,0.101821,-0.061627,958.956848,3.815508,20.515713,-22.257130
SCANNING,0,1762537460252856,2.335734,0.103991,-0.062968,959.010010,4.360980,20.515711,-22.257133
SCANNING,0,1762537460262427,2.335734,0.103991,-0.062968,959.035950,2.701518,20.515711,-22.257133
SCANNING,1762537460270057,1762537460272129,2.335734,0.103991,-0.062968,959.063965,3.830024,20.515711,-22.257133
SCANNING,0,1762537460282200,2.335734,0.103991,-0.062968,959.096375,3.866164,20.515713,-22.257133
SCANNING,0,1762537460292910,2.335734,0.103991,-0.062968,959.122742,4.660755,20.515711,-22.257133
SCANNING,0,1762537460302453,2.335734,0.103991,-0.062968,959.148315,4.115365,20.515715,-22.257133
SCANNING,0,1762537460312007,2.335734,0.103991,-0.062968,959.176392,4.332892,20.515715,-22.257133
SCANNING,0,1762537460322238,2.335734,0.103991,-0.062968,959.201965,3.069481,20.515717,-22.257133
SCANNING,0,1762537460352361,2.336123,0.104333,-0.061334,959.283142,4.160364,20.515713,-22.257130
SCANNING,0,1762537460361891,2.335734,0.103991,-0.062968,959.310303,4.866703,20.515717,-22.257130
SCANNING,1762537460370045,1762537460372218,2.336901,0.105016,-0.058067,959.337708,3.717659,20.515711,-22.257130
SCANNING,0,1762537460381789,2.336901,0.105016,-0.058067,959.363525,3.460138,20.515715,-22.257130
SCANNING,0,1762537460401807,2.336901,0.105016,-0.058067,959.411194,3.640241,20.515711,-22.257130
SCANNING,0,1762537460412349,2.336901,0.105016,-0.058067,959.439331,3.302075,20.515711,-22.257130
SCANNING,0,1762537460421826,2.336901,0.105016,-0.058067,959.464600,2.762631,20.515711,-22.257130
SCANNING,0,1762537460452782,2.339469,0.105792,-0.056429,959.542297,1.684714,20.515709,-22.257128
SCANNING,0,1762537460462344,2.336901,0.105016,-0.058067,959.568481,2.092444,20.515715,-22.257128
SCANNING,1762537460469934,1762537460471962,2.339469,0.105792,-0.056429,959.595947,1.164088,20.515709,-22.257128
SCANNING,0,1762537460482205,2.339608,0.106162,-0.055871,959.625244,1.450187,20.515711,-22.257128
SCANNING,0,1762537460492806,2.339469,0.105792,-0.056429,959.651123,2.317439,20.515709,-22.257128
SCANNING,0,1762537460502388,2.339608,0.106162,-0.055871,959.675537,1.976297,20.515711,-22.257128
SCANNING,0,1762537460512064,2.339608,0.106162,-0.055871,959.699585,2.157607,20.515711,-22.257128
SCANNING,0,1762537460521732,2.339469,0.105792,-0.056429,959.730286,3.374005,20.515709,-22.257128
SCANNING,0,1762537460552818,2.340095,0.107458,-0.053917,959.802002,3.033525,20.515715,-22.257133
SCANNING,0,1762537460562350,2.340095,0.107458,-0.053917,959.822876,0.869868,20.515717,-22.257133
SCANNING,1762537460569916,1762537460571954,2.340095,0.107458,-0.053917,959.852051,1.501897,20.515713,-22.257133
SCANNING,0,1762537460582231,2.340095,0.107458,-0.053917,959.884521,1.799500,20.515715,-22.257133
SCANNING,0,1762537460592836,2.340095,0.107458,-0.053917,959.910828,3.294712,20.515715,-22.257133
SCANNING,0,1762537460602421,2.340095,0.107458,-0.053917,959.939209,3.131354,20.515713,-22.257133
SCANNING,0,1762537460612015,2.340002,0.107997,-0.052681,959.961487,2.299265,20.515711,-22.257133
SCANNING,0,1762537460621664,2.340095,0.107458,-0.053917,959.991272,3.225160,20.515715,-22.257133
SCANNING,0,1762537460652299,2.340002,0.107997,-0.052681,960.071594,2.656928,20.515711,-22.257133
SCANNING,0,1762537460661903,2.339909,0.108537,-0.051445,960.099731,1.180520,20.515707,-22.257133
SCANNING,1762537460670037,1762537460671532,2.339909,0.108537,-0.051445,960.129089,2.492396,20.515709,-22.257133
SCANNING,0,1762537460682139,2.339909,0.108537,-0.051445,960.158020,3.246171,20.515705,-22.257133
SCANNING,0,1762537460692819,2.339909,0.108537,-0.051445,960.183716,2.806497,20.515709,-22.257133
SCANNING,0,1762537460702383,2.346047,0.107719,-0.051599,960.208801,2.628666,20.515713,-22.257133
SCANNING,0,1762537460711971,2.346047,0.107719,-0.051599,960.237610,2.570998,20.515713,-22.257133
SCANNING,0,1762537460722873,2.342978,0.108128,-0.051522,960.265747,2.947580,20.515711,-22.257133
SCANNING,0,1762537460742575,2.342978,0.108128,-0.051522,960.317078,2.923650,20.515711,-22.257133
SCANNING,0,1762537460761827,2.346047,0.107719,-0.051599,960.370422,2.601410,20.515717,-22.257133
SCANNING,1762537460770024,1762537460770950,2.346047,0.107719,-0.051599,960.396423,3.365304,20.515713,-22.257133
SCANNING,0,1762537460782271,2.347813,0.107524,-0.050573,960.425598,4.718905,20.515711,-22.257133
SCANNING,0,1762537460801978,2.346047,0.107719,-0.051599,960.474609,4.192291,20.515713,-22.257133
SCANNING,0,1762537460811755,2.346047,0.107719,-0.051599,960.496216,2.930781,20.515713,-22.257133
SCANNING,0,1762537460832713,2.347813,0.107524,-0.050573,960.547668,2.027617,20.515711,-22.257133
SCANNING,0,1762537460852430,2.348696,0.107427,-0.050060,960.596924,1.088093,20.515711,-22.257130
SCANNING,0,1762537460861979,2.348696,0.107427,-0.050060,960.626709,1.003211,20.515711,-22.257130
SCANNING,1762537460870046,1762537460871697,2.348696,0.107427,-0.050060,960.652588,1.219540,20.515713,-22.257130
SCANNING,0,1762537460882254,2.348696,0.107427,-0.050060,960.678894,1.547186,20.515713,-22.257130
SCANNING,0,1762537460900943,2.348696,0.107427,-0.050060,960.730835,0.948083,20.515713,-22.257130
SCANNING,0,1762537460912229,2.351573,0.108603,-0.050000,960.762146,1.502184,20.515705,-22.257130
SCANNING,0,1762537460921894,2.350135,0.108015,-0.050030,960.790283,2.598068,20.515711,-22.257130
SCANNING,0,1762537460931438,2.348696,0.107427,-0.050060,960.813538,4.250811,20.515713,-22.257130
SCANNING,0,1762537460952029,2.350135,0.108015,-0.050030,960.860962,3.512365,20.515711,-22.257130
SCANNING,0,1762537460961776,2.351573,0.108603,-0.050000,960.887146,1.462946,20.515709,-22.257130
SCANNING,1762537460969663,1762537460971322,2.351573,0.108603,-0.050000,960.911804,1.136539,20.515709,-22.257130
SCANNING,0,1762537460982265,2.351573,0.108603,-0.050000,960.939453,1.189505,20.515705,-22.257130
SCANNING,0,1762537461002009,2.352536,0.108958,-0.048849,960.991821,1.136333,20.515715,-22.257130
SCANNING,0,1762537461011779,2.351573,0.108603,-0.050000,961.021912,2.094548,20.515709,-22.257130
KEY_PRESS_STOP,0,1762537460971322,2.351573,0.108603,-0.050000,960.911804,1.136539,0.000000,0.000000
MOTOR_STOPPING,0,1762537461021392,2.351894,0.108721,-0.049616,961.045471,1.291306,20.515711,-22.257130
POST_STOP,0,1762537461051999,2.353017,0.109136,-0.048273,961.096008,-0.106734,20.515713,-22.257137
POST_STOP,0,1762537461061614,2.353017,0.109136,-0.048273,961.094299,-0.414875,20.515711,-22.257137
POST_STOP,1762537461070030,1762537461071323,2.353017,0.109136,-0.048273,961.094482,-0.274834,20.515711,-22.257137
POST_STOP,0,1762537461081249,2.353017,0.109136,-0.048273,961.094421,-0.078862,20.515713,-22.257137
POST_STOP,0,1762537461101403,2.353017,0.109136,-0.048273,961.095947,0.680569,20.515713,-22.257137
POST_STOP,0,1762537461111203,2.353017,0.109136,-0.048273,961.093689,-0.640799,20.515713,-22.257137
POST_STOP,0,1762537461121196,2.352188,0.109201,-0.047770,961.095215,0.043008,20.515709,-22.257137
POST_STOP,0,1762537461151791,2.350944,0.109298,-0.047015,961.095276,-0.104007,20.515711,-22.257130
POST_STOP,0,1762537461161358,2.350944,0.109298,-0.047015,961.095703,0.273126,20.515709,-22.257130
POST_STOP,1762537461170010,1762537461171174,2.350944,0.109298,-0.047015,961.094116,-0.473958,20.515713,-22.257130
POST_STOP,0,1762537461181259,2.350944,0.109298,-0.047015,961.095825,0.063698,20.515717,-22.257130
POST_STOP,0,1762537461201394,2.350944,0.109298,-0.047015,961.095337,-0.216198,20.515713,-22.257130
POST_STOP,0,1762537461211261,2.350944,0.109298,-0.047015,961.096802,0.566530,20.515709,-22.257130
POST_STOP,0,1762537461221267,2.350944,0.109298,-0.047015,961.095215,-0.509326,20.515711,-22.257130
POST_STOP,0,1762537461251758,2.350944,0.109298,-0.047015,961.096863,0.573854,20.515713,-22.257130
POST_STOP,0,1762537461261324,2.350944,0.109298,-0.047015,961.095215,0.315438,20.515717,-22.257130
POST_STOP,1762537461269953,1762537461271209,2.352820,0.107454,-0.044685,961.093994,-0.549507,20.515713,-22.257130
POST_STOP,0,1762537461281211,2.352820,0.107454,-0.044685,961.094482,-0.055355,20.515715,-22.257130
POST_STOP,0,1762537461301398,2.352820,0.107454,-0.044685,961.095154,0.180918,20.515715,-22.257130
POST_STOP,0,1762537461311253,2.352820,0.107454,-0.044685,961.096619,0.510658,20.515717,-22.257130
POST_STOP,0,1762537461332054,2.350536,0.108429,-0.039675,961.095459,0.024508,20.515709,-22.257130
POST_STOP,0,1762537461351903,2.350536,0.108429,-0.039675,961.096069,0.191617,20.515711,-22.257130
POST_STOP,0,1762537461361426,2.350536,0.108429,-0.039675,961.094849,0.012609,20.515709,-22.257130
POST_STOP,1762537461369949,1762537461371051,2.350536,0.108429,-0.039675,961.094910,-0.185494,20.515711,-22.257130
POST_STOP,0,1762537461381257,2.348637,0.107754,-0.036782,961.094604,-0.410181,20.515715,-22.257130
POST_STOP,0,1762537461401347,2.350536,0.108429,-0.039675,961.095093,0.134479,20.515711,-22.257130
POST_STOP,0,1762537461410970,2.350536,0.108429,-0.039675,961.094360,-0.356962,20.515711,-22.257130
POST_STOP,0,1762537461431708,2.348637,0.107754,-0.036782,961.094910,-0.251588,20.515715,-22.257130
POST_STOP,0,1762537461451867,2.350536,0.108429,-0.039675,961.096497,0.526409,20.515709,-22.257132
POST_STOP,0,1762537461461495,2.350536,0.108429,-0.039675,961.094238,-0.344996,20.515709,-22.257132
POST_STOP,1762537461470006,1762537461471062,2.348637,0.107754,-0.036782,961.094543,-0.084323,20.515713,-22.257132
POST_STOP,0,1762537461481247,2.347271,0.109407,-0.036080,961.095764,0.049519,20.515705,-22.257132
POST_STOP,0,1762537461501409,2.348637,0.107754,-0.036782,961.094788,-0.447874,20.515713,-22.257132
POST_STOP,0,1762537461510973,2.347271,0.109407,-0.036080,961.093933,-0.861247,20.515707,-22.257132
POST_STOP,0,1762537461531577,2.347726,0.108856,-0.036314,961.096802,0.613297,20.515711,-22.257132
POST_STOP,0,1762537461551879,2.347271,0.109407,-0.036080,961.094299,-0.497778,20.515709,-22.257133
POST_STOP,0,1762537461561507,2.347271,0.109407,-0.036080,961.095581,0.489119,20.515709,-22.257133
POST_STOP,1762537461570057,1762537461570985,2.347271,0.109407,-0.036080,961.095093,-0.034300,20.515709,-22.257133
POST_STOP,0,1762537461581205,2.347271,0.109407,-0.036080,961.094910,0.094864,20.515709,-22.257133
POST_STOP,0,1762537461591900,2.344552,0.111872,-0.034983,961.095398,-0.124712,20.515711,-22.257133
POST_STOP,0,1762537461601456,2.347271,0.109407,-0.036080,961.094482,-0.056480,20.515707,-22.257133
POST_STOP,0,1762537461611102,2.344552,0.111872,-0.034983,961.094543,-0.131410,20.515713,-22.257133
POST_STOP,0,1762537461621223,2.347271,0.109407,-0.036080,961.095215,0.288035,20.515707,-22.257133
POST_STOP,0,1762537461651321,2.347271,0.109407,-0.036080,961.095703,0.365431,20.515713,-22.257124
POST_STOP,0,1762537461660964,2.347271,0.109407,-0.036080,961.094849,-0.213941,20.515709,-22.257124
POST_STOP,1762537461670001,1762537461671226,2.344552,0.111872,-0.034983,961.095886,0.461670,20.515720,-22.257124
POST_STOP,0,1762537461680855,2.340410,0.112843,-0.033503,961.096069,0.798742,20.515717,-22.257124
POST_STOP,0,1762537461701415,2.339030,0.113167,-0.033010,961.093323,-0.590664,20.515709,-22.257124
POST_STOP,0,1762537461711039,2.339030,0.113167,-0.033010,961.095154,0.146086,20.515715,-22.257124
POST_STOP,0,1762537461721244,2.339030,0.113167,-0.033010,961.094849,0.069442,20.515713,-22.257124
POST_STOP,0,1762537461751918,2.344552,0.111872,-0.034983,961.094299,-0.800726,20.515713,-22.257133
POST_STOP,0,1762537461761516,2.339030,0.113167,-0.033010,961.094421,-0.062798,20.515707,-22.257133
POST_STOP,1762537461767959,1762537461771067,2.339030,0.113167,-0.033010,961.095276,-0.090216,20.515707,-22.257133
POST_STOP,0,1762537461780676,2.338302,0.113768,-0.033633,961.096008,0.255751,20.515705,-22.257133
POST_STOP,0,1762537461801385,2.339030,0.113167,-0.033010,961.094360,-0.341815,20.515713,-22.257133
POST_STOP,0,1762537461810954,2.338302,0.113768,-0.033633,961.095825,0.129039,20.515705,-22.257133
POST_STOP,0,1762537461821259,2.339030,0.113167,-0.033010,961.096191,-0.027661,20.515709,-22.257133
POST_STOP,0,1762537461851975,2.338666,0.113468,-0.033321,961.095520,0.233578,20.515709,-22.257130
POST_STOP,0,1762537461861488,2.338666,0.113468,-0.033321,961.094482,-0.329194,20.515709,-22.257130
POST_STOP,1762537461867781,1762537461871068,2.337938,0.114069,-0.033944,961.096558,0.718976,20.515707,-22.257130
POST_STOP,0,1762537461880806,2.337938,0.114069,-0.033944,961.097168,0.382240,20.515707,-22.257130
POST_STOP,0,1762537461901313,2.337774,0.114136,-0.033889,961.094788,-0.306023,20.515709,-22.257130
POST_STOP,0,1762537461910893,2.337609,0.114202,-0.033834,961.095398,-0.074853,20.515711,-22.257130
POST_STOP,0,1762537461920543,2.337774,0.114136,-0.033889,961.094666,0.127497,20.515709,-22.257130
POST_STOP,0,1762537461951716,2.337198,0.114368,-0.033696,961.094971,-0.312825,20.515711,-22.257135
POST_STOP,0,1762537461961329,2.337363,0.114302,-0.033751,961.095886,-0.028936,20.515709,-22.257135
POST_STOP,1762537461966366,1762537461970902,2.336705,0.114568,-0.033531,961.096436,0.597010,20.515717,-22.257135
POST_STOP,0,1762537461980648,2.336296,0.115174,-0.033865,961.095825,0.213454,20.515713,-22.257135
POST_STOP,0,1762537462001394,2.336092,0.115478,-0.034032,961.095642,-0.126084,20.515711,-22.257135
POST_STOP,0,1762537462010956,2.336296,0.115174,-0.033865,961.095032,0.079053,20.515713,-22.257135
POST_STOP,0,1762537462021911,2.336501,0.114871,-0.033698,961.095154,-0.239027,20.515715,-22.257135
POST_STOP,0,1762537462051816,2.335785,0.115933,-0.034282,961.096497,0.422570,20.515713,-22.257130
POST_STOP,0,1762537462061452,2.335580,0.116236,-0.034449,961.095581,-0.002799,20.515711,-22.257130
POST_STOP,1762537462066447,1762537462071054,2.335376,0.116539,-0.034616,961.095398,-0.048188,20.515709,-22.257130
POST_STOP,0,1762537462080677,2.334675,0.116860,-0.034265,961.096252,0.657851,20.515707,-22.257130
POST_STOP,0,1762537462100928,2.335376,0.116539,-0.034616,961.093994,-0.450549,20.515709,-22.257130
POST_STOP,0,1762537462110673,2.335376,0.116539,-0.034616,961.095276,0.164370,20.515713,-22.257130
POST_STOP,0,1762537462131613,2.335376,0.116539,-0.034616,961.097046,0.537435,20.515715,-22.257130
POST_STOP,0,1762537462151458,2.334675,0.116860,-0.034265,961.095398,-0.304816,20.515709,-22.257128
POST_STOP,0,1762537462160937,2.334675,0.116860,-0.034265,961.093811,-0.469496,20.515709,-22.257128
POST_STOP,1762537462166092,1762537462170582,2.333273,0.117502,-0.033564,961.095337,-0.491095,20.515705,-22.257128
POST_STOP,0,1762537462181255,2.333877,0.117619,-0.034614,961.095581,0.043111,20.515709,-22.257128
POST_STOP,0,1762537462200970,2.333575,0.117561,-0.034089,961.096375,0.212590,20.515707,-22.257128
POST_STOP,0,1762537462210564,2.333877,0.117619,-0.034614,961.094238,-0.136545,20.515709,-22.257128
POST_STOP,0,1762537462251370,2.334783,0.117795,-0.036190,961.096680,0.269765,20.515711,-22.257132
POST_STOP,0,1762537462260965,2.334783,0.117795,-0.036190,961.094666,-0.211550,20.515711,-22.257132
POST_STOP,1762537462269950,1762537462270649,2.334783,0.117795,-0.036190,961.096069,0.207695,20.515711,-22.257132
POST_STOP,0,1762537462279819,2.334783,0.117795,-0.036190,961.094604,-0.035850,20.515715,-22.257132
POST_STOP,0,1762537462300875,2.334783,0.117795,-0.036190,961.094788,-0.167614,20.515711,-22.257132
POST_STOP,0,1762537462309968,2.328705,0.117767,-0.035844,961.094421,-0.157458,20.515705,-22.257132
POST_STOP,0,1762537462321268,2.334783,0.117795,-0.036190,961.095032,-0.025538,20.515711,-22.257132
POST_STOP,0,1762537462360506,2.328705,0.117767,-0.035844,961.095947,0.288846,20.515711,-22.257130
POST_STOP,1762537462370096,1762537462369815,2.328705,0.117767,-0.035844,961.095276,-0.139868,20.515711,-22.257130
POST_STOP,0,1762537462379712,2.328705,0.117767,-0.035844,961.094971,-0.417335,20.515713,-22.257130
POST_STOP,0,1762537462389764,2.328705,0.117767,-0.035844,961.096008,0.182765,20.515713,-22.257130
POST_STOP,0,1762537462400767,2.328705,0.117767,-0.035844,961.095459,0.102798,20.515703,-22.257130
POST_STOP,0,1762537462409923,2.328705,0.117767,-0.035844,961.097107,0.742683,20.515713,-22.257130
POST_STOP,0,1762537462419756,2.328705,0.117767,-0.035844,961.093811,-0.705747,20.515709,-22.257130
POST_STOP,0,1762537462459893,2.328705,0.117767,-0.035844,961.097168,0.676828,20.515711,-22.257130
POST_STOP,0,1762537462469805,2.328705,0.117767,-0.035844,961.095154,0.082286,20.515711,-22.257130
POST_STOP,0,1762537462479798,2.328705,0.117767,-0.035844,961.094238,-0.269523,20.515713,-22.257130
POST_STOP,0,1762537462489762,2.328705,0.117767,-0.035844,961.096863,0.499504,20.515709,-22.257130
POST_STOP,0,1762537462500788,2.328705,0.117767,-0.035844,961.094971,-0.099054,20.515711,-22.257130
POST_STOP,0,1762537462509948,2.328705,0.117767,-0.035844,961.095947,-0.011956,20.515711,-22.257130
POST_STOP,0,1762537462519931,2.328705,0.117767,-0.035844,961.096191,-0.096818,20.515720,-22.257130
ARDUINO_STOP,1762537462469947,1762537462469805,2.330608,0.115298,-0.037700,961.095154,0.082286,0.000000,0.000000
