event,fastlio_time_us,gpr_time_us,pos_x,pos_y,pos_z,gpr_position,gpr_velocity,left_position,right_position
KEY_PRESS_START,1762537935158803,1762537935168526,0.012927,-0.004925,0.062082,1028.125610,0.208411,0.000000,0.000000
ARDUINO_START,0,1762537935168526,0.012927,-0.004925,0.062082,1028.125610,0.208411,0.000000,0.000000
PRE_MOTOR,1762537937060762,1762537937148465,0.015123,-0.009019,0.075465,1028.125122,0.276383,19.894495,-22.449167
PRE_MOTOR,1762537937160723,1762537937157496,0.015983,-0.008235,0.076105,1028.124878,-0.309985,19.894497,-22.449173
PRE_MOTOR,0,1762537937166564,0.015705,-0.006232,0.071881,1028.124512,-0.156682,19.894493,-22.449167
PRE_MOTOR,0,1762537937176131,0.015844,-0.007233,0.073993,1028.123779,-0.440162,19.894497,-22.449171
PRE_MOTOR,0,1762537937186226,0.015844,-0.007233,0.073993,1028.126709,0.674780,19.894497,-22.449171
PRE_MOTOR,0,1762537937196806,0.015705,-0.006232,0.071881,1028.125366,0.248570,19.894495,-22.449171
PRE_MOTOR,0,1762537937206139,0.015844,-0.007233,0.073993,1028.125854,0.009682,19.894495,-22.449173
PRE_MOTOR,0,1762537937216141,0.015844,-0.007233,0.073993,1028.125122,-0.212599,19.894495,-22.449173
PRE_MOTOR,0,1762537937226158,0.015705,-0.006232,0.071881,1028.126343,0.317778,19.894495,-22.449169
PRE_MOTOR,0,1762537937236225,0.015844,-0.007233,0.073993,1028.125122,0.068586,19.894495,-22.449173
PRE_MOTOR,1762537937260605,1762537937267117,0.015705,-0.006232,0.071881,1028.126465,0.815365,19.894497,-22.449169
PRE_MOTOR,0,1762537937276221,0.015705,-0.006232,0.071881,1028.124756,-0.260685,19.894493,-22.449169
PRE_MOTOR,0,1762537937286239,0.015705,-0.006232,0.071881,1028.125488,0.127431,19.894497,-22.449171
PRE_MOTOR,0,1762537937296231,0.015705,-0.006232,0.071881,1028.124390,-0.301991,19.894495,-22.449171
PRE_MOTOR,0,1762537937308119,0.015705,-0.006232,0.071881,1028.124634,0.089269,19.894495,-22.449171
PRE_MOTOR,0,1762537937317197,0.015705,-0.006232,0.071881,1028.124390,-0.411477,19.894493,-22.449171
PRE_MOTOR,0,1762537937326814,0.015705,-0.006232,0.071881,1028.124146,-0.456978,19.894495,-22.449171
PRE_MOTOR,0,1762537937336142,0.015705,-0.006232,0.071881,1028.125244,0.184376,19.894497,-22.449171
PRE_MOTOR,1762537937360598,1762537937366607,0.017031,-0.006828,0.071662,1028.123413,-0.437308,19.894495,-22.449171
PRE_MOTOR,0,1762537937376200,0.017031,-0.006828,0.071662,1028.124023,0.091460,19.894495,-22.449171
PRE_MOTOR,0,1762537937386149,0.017031,-0.006828,0.071662,1028.125122,0.083063,19.894493,-22.449173
PRE_MOTOR,0,1762537937396204,0.019008,-0.003880,0.067687,1028.125732,0.171270,19.894495,-22.449173
PRE_MOTOR,0,1762537937408122,0.019008,-0.003880,0.067687,1028.125977,0.095364,19.894499,-22.449173
PRE_MOTOR,0,1762537937417287,0.019008,-0.003880,0.067687,1028.124023,-0.608291,19.894495,-22.449173
PRE_MOTOR,0,1762537937426827,0.019008,-0.003880,0.067687,1028.125854,0.312161,19.894497,-22.449173
PRE_MOTOR,0,1762537937436151,0.019008,-0.003880,0.067687,1028.125244,0.110258,19.894495,-22.449173
PRE_MOTOR,1762537937460743,1762537937466607,0.019008,-0.003880,0.067687,1028.125488,0.236321,19.894495,-22.449173
PRE_MOTOR,0,1762537937476124,0.019008,-0.003880,0.067687,1028.125244,0.412073,19.894497,-22.449173
PRE_MOTOR,0,1762537937485263,0.019008,-0.003880,0.067687,1028.125366,0.130866,19.894497,-22.449173
PRE_MOTOR,0,1762537937495327,0.019008,-0.003880,0.067687,1028.124146,-0.251014,19.894499,-22.449171
PRE_MOTOR,0,1762537937507356,0.019008,-0.003880,0.067687,1028.124512,-0.139546,19.894497,-22.449171
PRE_MOTOR,0,1762537937516417,0.020272,-0.004454,0.066738,1028.125000,0.162225,19.894495,-22.449171
PRE_MOTOR,0,1762537937526007,0.019008,-0.003880,0.067687,1028.124634,0.141885,19.894497,-22.449171
PRE_MOTOR,0,1762537937535155,0.020272,-0.004454,0.066738,1028.125244,0.166100,19.894495,-22.449171
PRE_MOTOR,0,1762537937548401,0.019008,-0.003880,0.067687,1028.125854,0.184488,19.894497,-22.449171
PRE_MOTOR,1762537937560629,1762537937567081,0.020272,-0.004454,0.066738,1028.126587,0.147131,19.894495,-22.449171
PRE_MOTOR,0,1762537937576128,0.020272,-0.004454,0.066738,1028.125244,0.030074,19.894493,-22.449171
PRE_MOTOR,0,1762537937585292,0.019795,-0.002226,0.066756,1028.126099,0.357840,19.894497,-22.449171
PRE_MOTOR,0,1762537937595872,0.019795,-0.002226,0.066756,1028.125488,-0.042271,19.894497,-22.449171
PRE_MOTOR,0,1762537937607187,0.020272,-0.004454,0.066738,1028.125366,0.273217,19.894493,-22.449171
PRE_MOTOR,0,1762537937616217,0.019795,-0.002226,0.066756,1028.125000,0.028808,19.894497,-22.449171
PRE_MOTOR,0,1762537937625743,0.019795,-0.002226,0.066756,1028.125610,-0.044610,19.894497,-22.449171
PRE_MOTOR,0,1762537937635171,0.020272,-0.004454,0.066738,1028.124878,0.092287,19.894493,-22.449171
PRE_MOTOR,1762537937660604,1762537937666489,0.019795,-0.002226,0.066756,1028.124878,-0.104990,19.894497,-22.449171
PRE_MOTOR,0,1762537937676064,0.019858,-0.002092,0.066153,1028.123291,-0.535052,19.894495,-22.449171
PRE_MOTOR,0,1762537937685192,0.019858,-0.002092,0.066153,1028.125854,0.244718,19.894495,-22.449171
PRE_MOTOR,0,1762537937695242,0.019858,-0.002092,0.066153,1028.124634,-0.172902,19.894495,-22.449171
PRE_MOTOR,0,1762537937707135,0.019920,-0.001958,0.065550,1028.125610,0.222195,19.894493,-22.449171
PRE_MOTOR,0,1762537937716194,0.019920,-0.001958,0.065550,1028.124023,-0.551354,19.894493,-22.449171
PRE_MOTOR,0,1762537937725724,0.019858,-0.002092,0.066153,1028.124634,-0.334289,19.894495,-22.449171
PRE_MOTOR,0,1762537937735134,0.019795,-0.002226,0.066756,1028.124512,-0.411395,19.894497,-22.449171
GPR_MOTOR_START,1762537937760645,1762537937767070,0.019983,-0.001824,0.064947,1028.123413,-0.687193,19.894491,-22.449171
SCANNING,0,1762537937776120,0.019717,-0.001343,0.065763,1028.115356,-0.868749,19.894493,-22.449171
SCANNING,0,1762537937785172,0.019717,-0.001343,0.065763,1028.118408,0.955540,19.894491,-22.449173
SCANNING,0,1762537937795184,0.019452,-0.000862,0.066579,1028.127075,1.180638,19.894495,-22.449173
SCANNING,0,1762537937807075,0.019452,-0.000862,0.066579,1028.152588,3.864569,19.894497,-22.449173
SCANNING,0,1762537937816140,0.019452,-0.000862,0.066579,1028.178589,4.313660,19.894493,-22.449173
SCANNING,0,1762537937825271,0.019452,-0.000862,0.066579,1028.201172,3.838335,19.894497,-22.449173
SCANNING,0,1762537937835140,0.019452,-0.000862,0.066579,1028.228149,4.047524,19.894495,-22.449173
SCANNING,1762537937861838,1762537937866497,0.019452,-0.000862,0.066579,1028.298828,3.264624,19.894493,-22.449173
SCANNING,0,1762537937876039,0.019452,-0.000862,0.066579,1028.322510,1.935134,19.894495,-22.449173
SCANNING,0,1762537937885200,0.019452,-0.000862,0.066579,1028.350708,2.937847,19.894497,-22.449171
SCANNING,0,1762537937895696,0.019452,-0.000862,0.066579,1028.375732,1.625517,19.894495,-22.449171
SCANNING,0,1762537937907085,0.019452,-0.000862,0.066579,1028.400024,0.525580,19.894501,-22.449171
SCANNING,0,1762537937916140,0.019452,-0.000862,0.066579,1028.425903,0.766681,19.894497,-22.449171
SCANNING,0,1762537937925733,0.019452,-0.000862,0.066579,1028.453003,1.100274,19.894497,-22.449171
SCANNING,0,1762537937935139,0.019452,-0.000862,0.066579,1028.482544,2.271216,19.894499,-22.449171
SCANNING,1762537937960670,1762537937966498,0.020416,0.001322,0.066143,1028.553955,2.994222,19.894495,-22.449171
SCANNING,0,1762537937976133,0.020416,0.001322,0.066143,1028.579468,2.853199,19.894495,-22.449171
SCANNING,0,1762537937985199,0.018387,0.001933,0.065990,1028.608154,3.341573,19.894495,-22.449169
SCANNING,0,1762537937995802,0.018387,0.001933,0.065990,1028.634277,2.776654,19.894495,-22.449169
SCANNING,0,1762537938007078,0.020416,0.001322,0.066143,1028.657959,2.204455,19.894497,-22.449169
SCANNING,0,1762537938016150,0.020416,0.001322,0.066143,1028.682373,1.817377,19.894497,-22.449169
SCANNING,0,1762537938025256,0.018387,0.001933,0.065990,1028.709106,2.469964,19.894495,-22.449169
SCANNING,0,1762537938035197,0.020416,0.001322,0.066143,1028.732178,0.737881,19.894497,-22.449169
SCANNING,1762537938060688,1762537938066145,0.018387,0.001933,0.065990,1028.816040,3.294130,19.894495,-22.449169
SCANNING,0,1762537938075206,0.018034,0.002018,0.066345,1028.836914,3.774300,19.894497,-22.449169
SCANNING,0,1762537938085207,0.018034,0.002018,0.066345,1028.866089,3.746788,19.894495,-22.449171
SCANNING,0,1762537938095726,0.017681,0.002104,0.066701,1028.890991,2.694165,19.894497,-22.449171
SCANNING,0,1762537938107134,0.018034,0.002018,0.066345,1028.912354,0.799878,19.894495,-22.449171
SCANNING,0,1762537938116231,0.018034,0.002018,0.066345,1028.943726,2.510913,19.894495,-22.449171
SCANNING,0,1762537938125788,0.018387,0.001933,0.065990,1028.971558,2.177180,19.894493,-22.449171
SCANNING,0,1762537938135149,0.018034,0.002018,0.066345,1028.999878,3.061128,19.894495,-22.449171
SCANNING,1762537938160597,1762537938166558,0.017681,0.002104,0.066701,1029.088135,4.156095,19.894497,-22.449171
SCANNING,0,1762537938176057,0.017681,0.002104,0.066701,1029.117188,4.621793,19.894497,-22.449171
SCANNING,0,1762537938185211,0.017415,0.002109,0.065640,1029.140625,2.756651,19.894495,-22.449169
SCANNING,0,1762537938195843,0.017415,0.002109,0.065640,1029.167969,2.974529,19.894497,-22.449169
SCANNING,0,1762537938207173,0.017415,0.002109,0.065640,1029.196045,3.325846,19.894497,-22.449169
SCANNING,0,1762537938216185,0.017415,0.002109,0.065640,1029.224976,3.989529,19.894497,-22.449169
SCANNING,0,1762537938225772,0.017415,0.002109,0.065640,1029.248657,3.651055,19.894497,-22.449169
SCANNING,0,1762537938235153,0.017415,0.002109,0.065640,1029.275879,3.407882,19.894497,-22.449169
SCANNING,1762537938260644,1762537938267032,0.017415,0.002109,0.065640,1029.360107,4.104111,19.894497,-22.449169
SCANNING,0,1762537938276084,0.017526,-0.001042,0.061463,1029.386841,3.831197,19.894495,-22.449169
SCANNING,0,1762537938285236,0.017526,-0.001042,0.061463,1029.406372,2.057063,19.894493,-22.449169
SCANNING,0,1762537938295797,0.017526,-0.001042,0.061463,1029.433838,2.195435,19.894495,-22.449169
SCANNING,0,1762537938307162,0.017415,0.002109,0.065640,1029.460327,1.803854,19.894497,-22.449169
SCANNING,0,1762537938316234,0.017415,0.002109,0.065640,1029.487671,0.813331,19.894499,-22.449169
SCANNING,0,1762537938325821,0.017526,-0.001042,0.061463,1029.516479,1.576181,19.894495,-22.449169
SCANNING,0,1762537938335195,0.017526,-0.001042,0.061463,1029.541504,1.913983,19.894495,-22.449169
SCANNING,0,1762537938345282,0.017526,-0.001042,0.061463,1029.568359,2.681011,19.894493,-22.449169
SCANNING,1762537938360774,1762537938366095,0.017526,-0.001042,0.061463,1029.625122,2.218809,19.894495,-22.449169
SCANNING,0,1762537938375240,0.017526,-0.001042,0.061463,1029.650269,2.789680,19.894495,-22.449169
SCANNING,0,1762537938385209,0.017526,-0.001042,0.061463,1029.675171,3.004935,19.894493,-22.449169
SCANNING,0,1762537938395795,0.017388,-0.003402,0.064690,1029.697876,2.690953,19.894497,-22.449169
SCANNING,0,1762537938407092,0.017388,-0.003402,0.064690,1029.729126,3.745831,19.894497,-22.449169
SCANNING,0,1762537938416187,0.017526,-0.001042,0.061463,1029.755493,5.154537,19.894495,-22.449169
SCANNING,0,1762537938425747,0.017526,-0.001042,0.061463,1029.777344,3.941552,19.894493,-22.449169
SCANNING,0,1762537938435255,0.017526,-0.001042,0.061463,1029.796631,2.205264,19.894495,-22.449169
SCANNING,1762537938460660,1762537938465608,0.017388,-0.003402,0.064690,1029.880493,3.015591,19.894497,-22.449169
SCANNING,0,1762537938475185,0.017388,-0.003402,0.064690,1029.908325,3.730475,19.894495,-22.449169
SCANNING,0,1762537938485228,0.017388,-0.003402,0.064690,1029.937378,4.803627,19.894497,-22.449171
SCANNING,0,1762537938495778,0.017388,-0.003402,0.064690,1029.960083,3.113060,19.894495,-22.449171
SCANNING,0,1762537938507089,0.017388,-0.003402,0.064690,1029.987549,3.224684,19.894495,-22.449171
SCANNING,0,1762537938516177,0.017388,-0.003402,0.064690,1030.014038,3.140151,19.894495,-22.449171
SCANNING,0,1762537938525755,0.017388,-0.003402,0.064690,1030.041748,2.486828,19.894497,-22.449171
SCANNING,0,1762537938535169,0.017388,-0.003402,0.064690,1030.069092,2.954031,19.894495,-22.449171
SCANNING,1762537938560639,1762537938565625,0.017976,-0.003011,0.065380,1030.154785,4.173671,19.894495,-22.449171
SCANNING,0,1762537938575207,0.017976,-0.003011,0.065380,1030.182861,3.478286,19.894495,-22.449171
SCANNING,0,1762537938585174,0.017562,-0.002147,0.063002,1030.207153,3.251408,19.894495,-22.449167
SCANNING,0,1762537938595254,0.017562,-0.002147,0.063002,1030.237183,3.737887,19.894495,-22.449167
SCANNING,0,1762537938607099,0.017562,-0.002147,0.063002,1030.264771,4.517360,19.894495,-22.449167
SCANNING,0,1762537938616203,0.017976,-0.003011,0.065380,1030.288330,3.596215,19.894499,-22.449167
SCANNING,0,1762537938625754,0.017562,-0.002147,0.063002,1030.314453,3.243184,19.894497,-22.449167
SCANNING,0,1762537938635168,0.017562,-0.002147,0.063002,1030.340820,2.380437,19.894497,-22.449167
SCANNING,1762537938661827,1762537938665586,0.017562,-0.002147,0.063002,1030.420532,4.105031,19.894497,-22.449167
SCANNING,0,1762537938675208,0.017562,-0.002147,0.063002,1030.452271,4.696757,19.894495,-22.449167
SCANNING,0,1762537938685211,0.017562,-0.002147,0.063002,1030.475708,4.143225,19.894495,-22.449169
SCANNING,0,1762537938695231,0.017897,0.000124,0.062958,1030.496948,2.923840,19.894497,-22.449169
SCANNING,0,1762537938707104,0.017562,-0.002147,0.063002,1030.523315,2.192745,19.894495,-22.449169
SCANNING,0,1762537938716191,0.017897,0.000124,0.062958,1030.546509,1.817211,19.894497,-22.449169
SCANNING,0,1762537938725872,0.017897,0.000124,0.062958,1030.571655,0.977135,19.894497,-22.449169
SCANNING,0,1762537938735238,0.017897,0.000124,0.062958,1030.597412,0.961785,19.894497,-22.449169
SCANNING,1762537938760764,1762537938765753,0.017897,0.000124,0.062958,1030.677490,1.579192,19.894497,-22.449169
SCANNING,0,1762537938775258,0.017423,0.003275,0.063804,1030.703735,2.026675,19.894495,-22.449169
SCANNING,0,1762537938784801,0.017897,0.000124,0.062958,1030.730347,1.190647,19.894497,-22.449169
SCANNING,0,1762537938794904,0.017423,0.003275,0.063804,1030.760864,1.417038,19.894495,-22.449169
SCANNING,0,1762537938806483,0.017423,0.003275,0.063804,1030.790894,3.178944,19.894495,-22.449169
SCANNING,0,1762537938815557,0.017423,0.003275,0.063804,1030.808838,4.276096,19.894495,-22.449169
SCANNING,0,1762537938825120,0.017423,0.003275,0.063804,1030.828735,2.728685,19.894493,-22.449169
SCANNING,0,1762537938834251,0.017423,0.003275,0.063804,1030.857422,2.852297,19.894495,-22.449169
SCANNING,0,1762537938847433,0.017423,0.003275,0.063804,1030.885620,1.520539,19.894495,-22.449169
SCANNING,1762537938860727,1762537938865590,0.017423,0.003275,0.063804,1030.937866,1.482593,19.894495,-22.449169
SCANNING,0,1762537938875204,0.017423,0.003275,0.063804,1030.963989,1.525973,19.894497,-22.449169
SCANNING,0,1762537938884420,0.017423,0.003275,0.063804,1030.991455,1.300027,19.894495,-22.449169
SCANNING,0,1762537938894945,0.017423,0.003275,0.063804,1031.019165,1.703453,19.894495,-22.449169
SCANNING,0,1762537938906116,0.017423,0.003275,0.063804,1031.045898,1.698025,19.894495,-22.449169
SCANNING,0,1762537938915329,0.017423,0.003275,0.063804,1031.071045,1.793415,19.894497,-22.449169
SCANNING,0,1762537938924851,0.017423,0.003275,0.063804,1031.097412,0.521802,19.894491,-22.449169
SCANNING,0,1762537938934228,0.017423,0.003275,0.063804,1031.129028,1.437932,19.894491,-22.449169
SCANNING,1762537938960491,1762537938966076,0.021849,0.004768,0.064445,1031.208740,2.177440,19.894495,-22.449169
SCANNING,0,1762537938975232,0.021849,0.004768,0.064445,1031.237305,1.827701,19.894497,-22.449169
SCANNING,0,1762537938984260,0.020818,0.004846,0.063226,1031.265015,2.175270,19.894495,-22.449167
SCANNING,0,1762537938994763,0.021849,0.004768,0.064445,1031.290894,2.254769,19.894497,-22.449167
SCANNING,0,1762537939006175,0.020818,0.004846,0.063226,1031.316528,1.285202,19.894495,-22.449167
SCANNING,0,1762537939015238,0.020818,0.004846,0.063226,1031.344727,2.254345,19.894495,-22.449167
SCANNING,0,1762537939024850,0.020818,0.004846,0.063226,1031.373779,2.417298,19.894495,-22.449167
SCANNING,0,1762537939034206,0.020818,0.004846,0.063226,1031.400391,2.439970,19.894495,-22.449167
SCANNING,1762537939060652,1762537939066065,0.020818,0.004846,0.063226,1031.481812,3.609196,19.894495,-22.449167
SCANNING,0,1762537939075208,0.021856,0.006092,0.068596,1031.505737,4.190155,19.894497,-22.449167
SCANNING,0,1762537939084216,0.021856,0.006092,0.068596,1031.529297,3.069163,19.894497,-22.449169
SCANNING,0,1762537939094773,0.021856,0.006092,0.068596,1031.551636,2.548431,19.894495,-22.449169
SCANNING,0,1762537939106120,0.020818,0.004846,0.063226,1031.578735,2.786893,19.894493,-22.449169
SCANNING,0,1762537939115231,0.021856,0.006092,0.068596,1031.607178,3.742895,19.894495,-22.449169
SCANNING,0,1762537939124856,0.020818,0.004846,0.063226,1031.634521,2.843401,19.894491,-22.449169
SCANNING,0,1762537939134262,0.020818,0.004846,0.063226,1031.655762,1.560089,19.894493,-22.449169
SCANNING,0,1762537939144247,0.021856,0.006092,0.068596,1031.682251,2.085216,19.894497,-22.449169
SCANNING,1762537939160819,1762537939165290,0.021856,0.006092,0.068596,1031.733032,1.050476,19.894495,-22.449169
SCANNING,0,1762537939174951,0.021856,0.006092,0.068596,1031.761108,0.748169,19.894497,-22.449169
SCANNING,0,1762537939184195,0.021856,0.006092,0.068596,1031.789062,1.243047,19.894499,-22.449169
SCANNING,0,1762537939194341,0.021856,0.006092,0.068596,1031.817993,3.585273,19.894497,-22.449169
SCANNING,0,1762537939206186,0.021856,0.006092,0.068596,1031.838257,3.935422,19.894497,-22.449169
SCANNING,0,1762537939215278,0.021856,0.006092,0.068596,1031.865112,3.510125,19.894495,-22.449169
SCANNING,0,1762537939224836,0.021856,0.006092,0.068596,1031.890381,2.492569,19.894495,-22.449169
SCANNING,0,1762537939234249,0.021856,0.006092,0.068596,1031.914307,2.097924,19.894495,-22.449169
SCANNING,0,1762537939244259,0.021856,0.006092,0.068596,1031.942505,1.607575,19.894497,-22.449169
SCANNING,1762537939260762,1762537939265522,0.024112,0.008112,0.070788,1031.995605,1.856778,19.894493,-22.449169
SCANNING,0,1762537939275047,0.024112,0.008112,0.070788,1032.026733,2.940632,19.894493,-22.449169
SCANNING,0,1762537939284204,0.024112,0.008112,0.070788,1032.052368,2.485923,19.894495,-22.449167
SCANNING,0,1762537939294797,0.024112,0.008112,0.070788,1032.080811,3.668207,19.894495,-22.449167
SCANNING,0,1762537939306210,0.024112,0.008112,0.070788,1032.107788,2.820056,19.894495,-22.449167
SCANNING,0,1762537939315233,0.024112,0.008112,0.070788,1032.136230,2.505149,19.894495,-22.449167
SCANNING,0,1762537939324778,0.024112,0.008112,0.070788,1032.161621,1.574042,19.894497,-22.449167
SCANNING,0,1762537939334197,0.024112,0.008112,0.070788,1032.189575,2.032320,19.894495,-22.449167
SCANNING,1762537939360651,1762537939366178,0.023095,0.005100,0.073627,1032.265747,0.666979,19.894493,-22.449167
SCANNING,0,1762537939375170,0.023095,0.005100,0.073627,1032.294312,1.485657,19.894493,-22.449167
SCANNING,0,1762537939384306,0.024987,0.005045,0.073421,1032.321289,1.765539,19.894495,-22.449171
SCANNING,0,1762537939394841,0.024987,0.005045,0.073421,1032.349487,2.141517,19.894495,-22.449171
SCANNING,0,1762537939406143,0.024987,0.005045,0.073421,1032.378418,1.990993,19.894497,-22.449171
SCANNING,0,1762537939415266,0.024987,0.005045,0.073421,1032.402344,1.408663,19.894495,-22.449171
SCANNING,0,1762537939424756,0.024987,0.005045,0.073421,1032.429810,1.117993,19.894495,-22.449171
SCANNING,0,1762537939434200,0.024987,0.005045,0.073421,1032.457886,1.899284,19.894497,-22.449171
SCANNING,1762537939460441,1762537939465568,0.024987,0.005045,0.073421,1032.539429,2.393588,19.894495,-22.449171
SCANNING,0,1762537939475081,0.024987,0.005045,0.073421,1032.564209,3.657530,19.894495,-22.449171
SCANNING,0,1762537939484306,0.024437,0.002186,0.073171,1032.594360,4.667359,19.894495,-22.449169
SCANNING,0,1762537939494800,0.024437,0.002186,0.073171,1032.622681,4.510583,19.894493,-22.449169
SCANNING,0,1762537939506123,0.024437,0.002186,0.073171,1032.645996,3.587586,19.894495,-22.449169
SCANNING,0,1762537939515255,0.024987,0.005045,0.073421,1032.670044,3.949661,19.894497,-22.449169
SCANNING,0,1762537939524739,0.024987,0.005045,0.073421,1032.693481,3.474920,19.894497,-22.449169
SCANNING,0,1762537939534150,0.024437,0.002186,0.073171,1032.722534,4.298615,19.894495,-22.449169
SCANNING,1762537939559977,1762537939565998,0.024437,0.002186,0.073171,1032.790405,0.583267,19.894495,-22.449169
SCANNING,0,1762537939575110,0.024437,0.002186,0.073171,1032.820312,1.443539,19.894495,-22.449169
SCANNING,0,1762537939584276,0.024437,0.002186,0.073171,1032.847534,3.258481,19.894497,-22.449167
SCANNING,0,1762537939594775,0.024437,0.002186,0.073171,1032.877563,4.359211,19.894497,-22.449167
SCANNING,0,1762537939606141,0.024442,-0.000283,0.074605,1032.901855,4.417955,19.894495,-22.449167
SCANNING,0,1762537939615211,0.024442,-0.000283,0.074605,1032.925293,4.324963,19.894495,-22.449167
SCANNING,0,1762537939624787,0.024437,0.002186,0.073171,1032.953735,3.969239,19.894497,-22.449167
SCANNING,0,1762537939634210,0.024442,-0.000283,0.074605,1032.977905,3.181872,19.894495,-22.449167
SCANNING,1762537939660375,1762537939665536,0.024442,-0.000283,0.074605,1033.061035,3.808656,19.894495,-22.449167
SCANNING,0,1762537939675144,0.024633,-0.000235,0.074484,1033.093018,4.456209,19.894497,-22.449167
SCANNING,0,1762537939684255,0.025014,-0.000140,0.074243,1033.120483,4.640120,19.894495,-22.449173
SCANNING,0,1762537939694238,0.024823,-0.000188,0.074363,1033.143066,3.020095,19.894493,-22.449173
SCANNING,0,1762537939706113,0.025014,-0.000140,0.074243,1033.171509,3.841254,19.894495,-22.449173
SCANNING,0,1762537939715236,0.024823,-0.000188,0.074363,1033.195923,3.010723,19.894493,-22.449173
SCANNING,0,1762537939724805,0.025205,-0.000092,0.074122,1033.223145,3.674816,19.894497,-22.449173
SCANNING,0,1762537939734189,0.025205,-0.000092,0.074122,1033.249023,3.590253,19.894497,-22.449173
SCANNING,1762537939759738,1762537939764622,0.025205,-0.000092,0.074122,1033.328613,3.539768,19.894497,-22.449173
SCANNING,0,1762537939774179,0.024920,-0.001482,0.075970,1033.360840,4.028581,19.894495,-22.449173
SCANNING,0,1762537939784214,0.024636,-0.002872,0.077818,1033.385742,2.849221,19.894495,-22.449167
SCANNING,0,1762537939794764,0.024636,-0.002872,0.077818,1033.408203,3.111802,19.894497,-22.449167
SCANNING,0,1762537939806162,0.024636,-0.002872,0.077818,1033.435303,2.635941,19.894497,-22.449167
SCANNING,0,1762537939815261,0.024636,-0.002872,0.077818,1033.465088,2.706543,19.894497,-22.449167
SCANNING,0,1762537939824772,0.024636,-0.002872,0.077818,1033.487671,0.840925,19.894495,-22.449167
SCANNING,0,1762537939834259,0.024636,-0.002872,0.077818,1033.517822,1.991056,19.894497,-22.449167
SCANNING,0,1762537939844158,0.024636,-0.002872,0.077818,1033.542847,1.800461,19.894495,-22.449167
SCANNING,1762537939860658,1762537939864606,0.024636,-0.002872,0.077818,1033.597412,2.136689,19.894499,-22.449167
SCANNING,0,1762537939874293,0.026032,-0.001516,0.075405,1033.625366,1.431229,19.894495,-22.449167
SCANNING,0,1762537939884218,0.026032,-0.001516,0.075405,1033.651123,1.927254,19.894493,-22.449167
SCANNING,0,1762537939894728,0.026032,-0.001516,0.075405,1033.674805,1.916077,19.894493,-22.449167
SCANNING,0,1762537939906121,0.026032,-0.001516,0.075405,1033.700928,2.953076,19.894495,-22.449167
SCANNING,0,1762537939915249,0.026032,-0.001516,0.075405,1033.730713,3.032070,19.894495,-22.449167
SCANNING,0,1762537939924811,0.025334,-0.002194,0.076612,1033.759766,4.171996,19.894497,-22.449167
SCANNING,0,1762537939934270,0.026032,-0.001516,0.075405,1033.782959,4.714251,19.894495,-22.449167
SCANNING,0,1762537939944229,0.026032,-0.001516,0.075405,1033.799438,2.649847,19.894495,-22.449167
SCANNING,1762537939960801,1762537939964573,0.026032,-0.001516,0.075405,1033.851074,2.351584,19.894495,-22.449167
SCANNING,0,1762537939974256,0.026032,-0.001516,0.075405,1033.882202,2.366399,19.894495,-22.449167
SCANNING,0,1762537939984223,0.025250,-0.002483,0.076618,1033.909790,2.985293,19.894497,-22.449169
SCANNING,0,1762537939994870,0.025250,-0.002483,0.076618,1033.937988,3.503987,19.894497,-22.449169
SCANNING,0,1762537940006158,0.025250,-0.002483,0.076618,1033.961548,2.741263,19.894497,-22.449169
SCANNING,0,1762537940015345,0.025250,-0.002483,0.076618,1033.989258,2.912946,19.894497,-22.449169
SCANNING,0,1762537940024914,0.025250,-0.002483,0.076618,1034.016602,2.808735,19.894495,-22.449169
SCANNING,0,1762537940034211,0.026032,-0.001516,0.075405,1034.044556,2.445117,19.894493,-22.449169
SCANNING,1762537940059754,1762537940066122,0.025250,-0.002483,0.076618,1034.129639,3.004380,19.894495,-22.449169
SCANNING,0,1762537940074270,0.025250,-0.002483,0.076618,1034.156006,2.927840,19.894495,-22.449169
SCANNING,0,1762537940083327,0.025325,-0.000140,0.077630,1034.182739,2.660782,19.894497,-22.449169
SCANNING,0,1762537940093897,0.025325,-0.000140,0.077630,1034.208862,2.976433,19.894497,-22.449171
SCANNING,0,1762537940105398,0.025325,-0.000140,0.077630,1034.238281,2.614440,19.894495,-22.449171
SCANNING,0,1762537940114462,0.025250,-0.002483,0.076618,1034.265747,3.964741,19.894493,-22.449171
SCANNING,0,1762537940124064,0.025325,-0.000140,0.077630,1034.290527,2.663959,19.894495,-22.449171
SCANNING,0,1762537940133187,0.025325,-0.000140,0.077630,1034.316528,2.498847,19.894497,-22.449171
SCANNING,1762537940158928,1762537940164628,0.025325,-0.000140,0.077630,1034.396118,3.215386,19.894495,-22.449171
SCANNING,0,1762537940174109,0.025325,-0.000140,0.077630,1034.425659,4.239716,19.894495,-22.449171
SCANNING,0,1762537940183238,0.025335,-0.000758,0.076483,1034.450684,3.154315,19.894497,-22.449167
SCANNING,0,1762537940193410,0.025346,-0.001377,0.075336,1034.478638,4.508733,19.894495,-22.449167
SCANNING,0,1762537940205136,0.025346,-0.001377,0.075336,1034.494995,2.369038,19.894495,-22.449167
SCANNING,0,1762537940214258,0.025335,-0.000758,0.076483,1034.523193,2.407475,19.894497,-22.449167
SCANNING,0,1762537940223738,0.025335,-0.000758,0.076483,1034.545776,1.791962,19.894497,-22.449167
SCANNING,0,1762537940233200,0.025346,-0.001377,0.075336,1034.571045,1.165982,19.894495,-22.449167
SCANNING,1762537940258338,1762537940264528,0.025346,-0.001377,0.075336,1034.651611,0.563000,19.894495,-22.449167
SCANNING,0,1762537940274137,0.025346,-0.001377,0.075336,1034.677002,1.252204,19.894493,-22.449167
SCANNING,0,1762537940283802,0.025346,-0.001377,0.075336,1034.702393,1.922117,19.894493,-22.449167
SCANNING,0,1762537940293852,0.023435,-0.001198,0.074653,1034.732300,1.324390,19.894495,-22.449171
SCANNING,0,1762537940305136,0.022480,-0.001109,0.074312,1034.760864,1.490413,19.894497,-22.449171
SCANNING,0,1762537940314248,0.023435,-0.001198,0.074653,1034.789795,3.545718,19.894495,-22.449171
SCANNING,0,1762537940323799,0.022480,-0.001109,0.074312,1034.810181,4.002707,19.894497,-22.449171
SCANNING,0,1762537940333354,0.022480,-0.001109,0.074312,1034.826050,1.904333,19.894497,-22.449171
SCANNING,1762537940360531,1762537940365163,0.022480,-0.001109,0.074312,1034.910400,1.006795,19.894497,-22.449171
SCANNING,0,1762537940374184,0.022480,-0.001109,0.074312,1034.940063,2.371998,19.894499,-22.449171
SCANNING,0,1762537940383246,0.023062,0.002585,0.075924,1034.966309,2.160512,19.894495,-22.449169
SCANNING,0,1762537940393828,0.023062,0.002585,0.075924,1034.992188,1.486607,19.894495,-22.449169
SCANNING,0,1762537940405255,0.023062,0.002585,0.075924,1035.019775,2.101327,19.894493,-22.449169
SCANNING,0,1762537940414291,0.023062,0.002585,0.075924,1035.046753,1.581080,19.894495,-22.449169
SCANNING,0,1762537940423842,0.023062,0.002585,0.075924,1035.072266,1.282835,19.894495,-22.449169
SCANNING,0,1762537940433273,0.023062,0.002585,0.075924,1035.099609,1.151161,19.894495,-22.449169
SCANNING,1762537940460101,1762537940464121,0.023062,0.002585,0.075924,1035.185791,1.875759,19.894497,-22.449169
SCANNING,0,1762537940473285,0.023062,0.002585,0.075924,1035.211060,1.842201,19.894497,-22.449169
SCANNING,0,1762537940483331,0.023222,0.002995,0.078295,1035.236694,0.647740,19.894495,-22.449169
SCANNING,0,1762537940493756,0.023222,0.002995,0.078295,1035.266235,1.085380,19.894495,-22.449169
SCANNING,0,1762537940505151,0.023062,0.002585,0.075924,1035.290649,1.016858,19.894497,-22.449169
SCANNING,0,1762537940514270,0.023222,0.002995,0.078295,1035.317261,1.068306,19.894495,-22.449169
SCANNING,0,1762537940523831,0.023222,0.002995,0.078295,1035.345947,1.853099,19.894495,-22.449169
SCANNING,0,1762537940533242,0.023062,0.002585,0.075924,1035.373657,0.957539,19.894497,-22.449169
SCANNING,0,1762537940543157,0.023062,0.002585,0.075924,1035.401489,1.791273,19.894497,-22.449169
SCANNING,1762537940560004,1762537940564563,0.023222,0.002995,0.078295,1035.455444,2.568495,19.894495,-22.449169
SCANNING,0,1762537940574055,0.023210,0.000709,0.079030,1035.485229,3.150072,19.894497,-22.449169
SCANNING,0,1762537940583243,0.023210,0.000709,0.079030,1035.512085,3.947672,19.894495,-22.449171
SCANNING,0,1762537940593776,0.023222,0.002995,0.078295,1035.534546,3.281404,19.894491,-22.449171
SCANNING,0,1762537940605139,0.023210,0.000709,0.079030,1035.555664,2.918684,19.894495,-22.449171
SCANNING,0,1762537940614300,0.023210,0.000709,0.079030,1035.585938,4.003538,19.894495,-22.449171
SCANNING,0,1762537940623811,0.023210,0.000709,0.079030,1035.614502,4.481833,19.894495,-22.449171
SCANNING,0,1762537940633236,0.023210,0.000709,0.079030,1035.638794,2.947407,19.894495,-22.449171
SCANNING,0,1762537940643228,0.023197,-0.001577,0.079765,1035.661255,3.024147,19.894499,-22.449171
SCANNING,1762537940660017,1762537940664549,0.023197,-0.001577,0.079765,1035.713257,2.936515,19.894497,-22.449171
SCANNING,0,1762537940674192,0.023372,-0.001590,0.080354,1035.737061,2.246498,19.894495,-22.449171
SCANNING,0,1762537940683253,0.023723,-0.001615,0.081533,1035.762207,0.725380,19.894491,-22.449171
SCANNING,0,1762537940693785,0.023197,-0.001577,0.079765,1035.789429,0.887040,19.894497,-22.449171
SCANNING,0,1762537940705128,0.023197,-0.001577,0.079765,1035.819458,2.329622,19.894497,-22.449171
SCANNING,0,1762537940714178,0.023197,-0.001577,0.079765,1035.843506,3.846773,19.894497,-22.449171
SCANNING,0,1762537940723816,0.023197,-0.001577,0.079765,1035.872314,4.614183,19.894497,-22.449171
SCANNING,0,1762537940733224,0.023197,-0.001577,0.079765,1035.893066,2.823927,19.894497,-22.449171
SCANNING,1762537940760431,1762537940764580,0.023723,-0.001615,0.081533,1035.973755,2.668916,19.894491,-22.449171
SCANNING,0,1762537940774095,0.023723,-0.001615,0.081533,1036.000610,3.069371,19.894493,-22.449171
SCANNING,0,1762537940783287,0.023723,-0.001615,0.081533,1036.031250,3.299604,19.894493,-22.449169
SCANNING,0,1762537940793852,0.023723,-0.001615,0.081533,1036.056030,3.061197,19.894499,-22.449169
SCANNING,0,1762537940805139,0.023723,-0.001615,0.081533,1036.085815,3.858256,19.894497,-22.449169
SCANNING,0,1762537940814257,0.023723,-0.001615,0.081533,1036.113159,3.690559,19.894497,-22.449169
SCANNING,0,1762537940823809,0.023723,-0.001615,0.081533,1036.139404,2.806003,19.894495,-22.449169
SCANNING,0,1762537940833228,0.023723,-0.001615,0.081533,1036.166870,2.947737,19.894495,-22.449169
SCANNING,1762537940860752,1762537940865055,0.022787,-0.004866,0.083937,1036.246338,2.526601,19.894491,-22.449169
SCANNING,0,1762537940874107,0.022013,-0.005389,0.085138,1036.272705,2.738100,19.894495,-22.449169
SCANNING,0,1762537940883256,0.022400,-0.005128,0.084538,1036.301758,3.463965,19.894493,-22.449169
SCANNING,0,1762537940893820,0.022400,-0.005128,0.084538,1036.329224,3.470961,19.894493,-22.449169
SCANNING,0,1762537940905134,0.022013,-0.005389,0.085138,1036.357178,3.395412,19.894495,-22.449169
SCANNING,0,1762537940914288,0.022400,-0.005128,0.084538,1036.381470,1.824986,19.894493,-22.449169
SCANNING,0,1762537940923839,0.022013,-0.005389,0.085138,1036.404419,1.440215,19.894497,-22.449169
SCANNING,0,1762537940933249,0.022013,-0.005389,0.085138,1036.432495,2.016131,19.894497,-22.449169
SCANNING,1762537940960732,1762537940965085,0.022013,-0.005389,0.085138,1036.515747,1.699909,19.894495,-22.449169
SCANNING,0,1762537940974172,0.022013,-0.005389,0.085138,1036.541992,2.506609,19.894493,-22.449169
SCANNING,0,1762537940983254,0.020920,-0.005926,0.084541,1036.565674,2.768004,19.894495,-22.449171
SCANNING,0,1762537940993803,0.019827,-0.006463,0.083944,1036.597412,3.449208,19.894499,-22.449171
SCANNING,0,1762537941005166,0.020920,-0.005926,0.084541,1036.623535,2.629867,19.894495,-22.449171
SCANNING,0,1762537941014268,0.020920,-0.005926,0.084541,1036.648193,2.947520,19.894495,-22.449171
SCANNING,0,1762537941023920,0.020920,-0.005926,0.084541,1036.674561,3.738122,19.894495,-22.449171
SCANNING,0,1762537941033226,0.022013,-0.005389,0.085138,1036.696777,3.103424,19.894493,-22.449171
SCANNING,1762537941060672,1762537941064279,0.019827,-0.006463,0.083944,1036.775269,4.230558,19.894497,-22.449171
SCANNING,0,1762537941073793,0.019836,-0.006465,0.083940,1036.794678,1.804854,19.894526,-22.449171
SCANNING,0,1762537941083165,0.020476,-0.006575,0.083621,1036.821289,1.288655,19.894783,-22.451008
SCANNING,0,1762537941093238,0.020716,-0.006616,0.083502,1036.848877,2.369413,19.895569,-22.451008
SCANNING,0,1762537941105091,0.021132,-0.006688,0.083296,1036.881470,3.446976,19.896927,-22.451008
SCANNING,0,1762537941114204,0.021670,-0.006780,0.083028,1036.905396,3.729555,19.898689,-22.451008
SCANNING,0,1762537941123313,0.022325,-0.006893,0.082703,1036.932373,4.174508,19.900829,-22.451008
SCANNING,0,1762537941133162,0.023129,-0.007031,0.082303,1036.958862,3.406357,19.903460,-22.451008
SCANNING,0,1762537941143147,0.024081,-0.007195,0.081830,1036.986206,3.803042,19.906574,-22.451008
SCANNING,1762537941160780,1762537941164181,0.026652,-0.007638,0.080553,1037.040771,2.997877,19.914982,-22.451008
SCANNING,0,1762537941173311,0.027904,-0.007852,0.080658,1037.068237,3.328597,19.919691,-22.451008
SCANNING,0,1762537941183193,0.038738,-0.009704,0.081570,1037.099243,3.093769,19.925186,-22.486271
SCANNING,0,1762537941193223,0.040175,-0.009950,0.081691,1037.126221,3.564118,19.930592,-22.486271
SCANNING,0,1762537941205136,0.041740,-0.010218,0.081823,1037.151855,3.540702,19.936480,-22.486271
SCANNING,0,1762537941214147,0.043380,-0.010498,0.081961,1037.179565,3.579058,19.942650,-22.486271
SCANNING,0,1762537941223215,0.044973,-0.010770,0.082095,1037.203979,3.033437,19.948643,-22.486271
SCANNING,0,1762537941233136,0.046665,-0.011060,0.082237,1037.236084,4.781650,19.955008,-22.486271
SCANNING,0,1762537941243179,0.048532,-0.011379,0.082394,1037.260864,4.797921,19.962032,-22.486271
SCANNING,1762537941260732,1762537941263538,0.052868,-0.012120,0.082759,1037.310425,4.480704,19.978342,-22.486271
SCANNING,0,1762537941273259,0.054335,-0.012036,0.082512,1037.339111,3.660089,19.985458,-22.486271
SCANNING,0,1762537941283275,0.070100,-0.011135,0.079855,1037.368896,4.145815,19.993258,-22.554941
SCANNING,0,1762537941293829,0.071599,-0.011049,0.079602,1037.394043,4.058889,20.000532,-22.554941
SCANNING,0,1762537941305310,0.072818,-0.010979,0.079397,1037.418457,4.390805,20.006445,-22.554941
SCANNING,0,1762537941314317,0.073792,-0.010924,0.079233,1037.444336,4.141449,20.011169,-22.554941
SCANNING,0,1762537941323899,0.074638,-0.010875,0.079090,1037.470459,3.437154,20.015272,-22.554941
SCANNING,0,1762537941333194,0.075458,-0.010828,0.078952,1037.493286,1.988901,20.019251,-22.554941
SCANNING,1762537941360644,1762537941365129,0.077474,-0.010713,0.078612,1037.571411,2.150230,20.029028,-22.554941
SCANNING,0,1762537941373278,0.078097,-0.010749,0.078466,1037.598755,1.094066,20.032467,-22.554941
SCANNING,0,1762537941382628,0.078730,-0.010785,0.078317,1037.626709,1.015272,20.035961,-22.554941
SCANNING,0,1762537941392930,0.087392,-0.011282,0.076279,1037.651855,1.353831,20.038912,-22.599823
SCANNING,0,1762537941404483,0.087955,-0.011314,0.076147,1037.677002,1.119402,20.042021,-22.599823
SCANNING,0,1762537941413599,0.088300,-0.011334,0.076066,1037.701294,2.170152,20.043926,-22.599823
SCANNING,0,1762537941423200,0.088653,-0.011354,0.075983,1037.730957,1.622723,20.045872,-22.599823
SCANNING,0,1762537941432281,0.089015,-0.011375,0.075897,1037.761475,2.602534,20.047874,-22.599823
SCANNING,0,1762537941445439,0.089300,-0.011391,0.075831,1037.787964,4.284098,20.049444,-22.599823
SCANNING,1762537941460811,1762537941464128,0.089727,-0.011416,0.075730,1037.822510,1.071328,20.051804,-22.599823
SCANNING,0,1762537941473214,0.089618,-0.011313,0.075430,1037.853027,1.624791,20.052423,-22.599823
SCANNING,0,1762537941482340,0.087686,-0.009489,0.070113,1037.884033,1.707922,20.052608,-22.611736
SCANNING,0,1762537941492913,0.087686,-0.009489,0.070113,1037.911499,2.374153,20.052509,-22.611736
SCANNING,0,1762537941504184,0.087686,-0.009489,0.070113,1037.938110,3.061123,20.052362,-22.611736
SCANNING,0,1762537941513236,0.087686,-0.009489,0.070113,1037.962769,2.625412,20.052155,-22.611736
SCANNING,0,1762537941522837,0.087686,-0.009489,0.070113,1037.989990,2.802787,20.051958,-22.611736
SCANNING,0,1762537941532202,0.087686,-0.009489,0.070113,1038.017212,2.356724,20.051811,-22.611736
SCANNING,1762537941560648,1762537941564071,0.087686,-0.009489,0.070113,1038.097900,1.329195,20.051476,-22.611736
SCANNING,0,1762537941573210,0.087775,-0.009350,0.070245,1038.126587,1.279225,20.051441,-22.611736
SCANNING,0,1762537941582794,0.089001,-0.007439,0.072071,1038.156860,2.519583,20.051455,-22.611217
SCANNING,0,1762537941592906,0.089001,-0.007439,0.072071,1038.182983,2.131565,20.051462,-22.611217
SCANNING,0,1762537941604161,0.089001,-0.007439,0.072071,1038.207886,2.289592,20.051474,-22.611217
SCANNING,0,1762537941613329,0.088981,-0.007471,0.072041,1038.238403,2.180954,20.051485,-22.611217
SCANNING,0,1762537941622813,0.089001,-0.007439,0.072071,1038.265869,2.716801,20.051476,-22.611217
SCANNING,0,1762537941632234,0.089001,-0.007439,0.072071,1038.292236,2.990088,20.051477,-22.611217
SCANNING,0,1762537941642253,0.089001,-0.007439,0.072071,1038.315796,2.378934,20.051474,-22.611217
SCANNING,1762537941660632,1762537941663106,0.089001,-0.007439,0.072071,1038.369873,2.675863,20.051477,-22.611217
SCANNING,0,1762537941672214,0.089001,-0.007439,0.072071,1038.398804,3.118569,20.051476,-22.611217
SCANNING,0,1762537941682279,0.088786,-0.006267,0.071060,1038.427002,4.507663,20.051476,-22.611229
SCANNING,0,1762537941692807,0.088786,-0.006267,0.071060,1038.451904,3.704394,20.051474,-22.611229
SCANNING,0,1762537941704240,0.088786,-0.006267,0.071060,1038.478271,3.916571,20.051477,-22.611229
SCANNING,0,1762537941713254,0.088786,-0.006267,0.071060,1038.501709,3.639513,20.051476,-22.611229
SCANNING,0,1762537941722807,0.088786,-0.006267,0.071060,1038.526123,2.897883,20.051481,-22.611229
SCANNING,0,1762537941732217,0.088786,-0.006267,0.071060,1038.548340,1.796846,20.051485,-22.611229
SCANNING,0,1762537941742224,0.088786,-0.006267,0.071060,1038.574829,1.516873,20.051476,-22.611229
SCANNING,1762537941760616,1762537941763559,0.088786,-0.006267,0.071060,1038.631958,2.275860,20.051474,-22.611229
SCANNING,0,1762537941773127,0.089766,-0.004982,0.071267,1038.655151,1.566287,20.051476,-22.611229
SCANNING,0,1762537941782300,0.088786,-0.006267,0.071060,1038.680420,1.697931,20.051476,-22.611227
SCANNING,0,1762537941792865,0.088786,-0.006267,0.071060,1038.706909,2.192662,20.051472,-22.611227
SCANNING,0,1762537941804201,0.088786,-0.006267,0.071060,1038.730835,0.528606,20.051472,-22.611227
SCANNING,0,1762537941813336,0.088786,-0.006267,0.071060,1038.759155,-0.260999,20.051476,-22.611227
SCANNING,0,1762537941822896,0.089766,-0.004982,0.071267,1038.789185,1.777372,20.051479,-22.611227
SCANNING,0,1762537941832231,0.088786,-0.006267,0.071060,1038.813965,4.006403,20.051476,-22.611227
SCANNING,0,1762537941842229,0.088786,-0.006267,0.071060,1038.832153,3.214399,20.051476,-22.611227
SCANNING,1762537941860725,1762537941863579,0.089766,-0.004982,0.071267,1038.886230,1.811680,20.051477,-22.611227
SCANNING,0,1762537941873127,0.090184,-0.003167,0.070751,1038.909180,0.209716,20.051474,-22.611227
SCANNING,0,1762537941882291,0.089766,-0.004982,0.071267,1038.937988,0.812743,20.051477,-22.611227
SCANNING,0,1762537941892853,0.090184,-0.003167,0.070751,1038.964111,1.396273,20.051474,-22.611227
SCANNING,0,1762537941904148,0.089766,-0.004982,0.071267,1038.991821,1.465410,20.051479,-22.611227
SCANNING,0,1762537941913273,0.090184,-0.003167,0.070751,1039.020996,1.989931,20.051474,-22.611227
SCANNING,0,1762537941922835,0.090184,-0.003167,0.070751,1039.047607,1.638491,20.051472,-22.611227
SCANNING,0,1762537941932222,0.090184,-0.003167,0.070751,1039.073364,1.699754,20.051474,-22.611227
SCANNING,0,1762537941942217,0.089766,-0.004982,0.071267,1039.101929,2.188506,20.051485,-22.611227
SCANNING,1762537941960586,1762537941963334,0.090184,-0.003167,0.070751,1039.158203,1.438814,20.051474,-22.611227
SCANNING,0,1762537941972794,0.090185,-0.003167,0.070751,1039.185303,1.374694,20.051476,-22.611227
SCANNING,0,1762537941982176,0.090495,-0.002990,0.070628,1039.212402,2.283061,20.051481,-22.612377
SCANNING,0,1762537941992229,0.090498,-0.002988,0.070627,1039.237305,0.719214,20.051493,-22.612377
SCANNING,0,1762537942004157,0.090546,-0.002961,0.070608,1039.265015,0.454018,20.051672,-22.612377
SCANNING,0,1762537942013195,0.090721,-0.002861,0.070539,1039.291748,1.344660,20.052322,-22.612377
SCANNING,0,1762537942022198,0.091125,-0.002631,0.070380,1039.318115,0.964665,20.053825,-22.612377
SCANNING,0,1762537942032179,0.091716,-0.002294,0.070146,1039.345825,1.689524,20.056026,-22.612377
SCANNING,1762537942060534,1762537942063276,0.094053,-0.000962,0.069223,1039.428955,1.344354,20.064726,-22.612377
SCANNING,0,1762537942072790,0.095157,-0.000974,0.069624,1039.457886,2.472247,20.067980,-22.612377
SCANNING,0,1762537942082243,0.102007,-0.001049,0.072111,1039.485474,2.640228,20.071741,-22.628809
SCANNING,0,1762537942092738,0.103300,-0.001063,0.072580,1039.512451,3.530731,20.075550,-22.628809
SCANNING,0,1762537942104128,0.104726,-0.001079,0.073098,1039.535400,2.716293,20.079754,-22.628809
SCANNING,0,1762537942113104,0.106145,-0.001094,0.073613,1039.560059,3.281243,20.083937,-22.628809
SCANNING,0,1762537942122149,0.107751,-0.001112,0.074196,1039.590576,4.638176,20.088671,-22.628809
SCANNING,0,1762537942132161,0.109420,-0.001130,0.074802,1039.620850,5.538214,20.093590,-22.628809
SCANNING,1762537942162040,1762537942163312,0.116308,-0.001205,0.077303,1039.690430,3.487709,20.113895,-22.628809
SCANNING,0,1762537942172819,0.118436,-0.001154,0.077442,1039.718140,3.650829,20.121548,-22.628809
SCANNING,0,1762537942182261,0.138308,-0.000681,0.078742,1039.740479,2.954714,20.128998,-22.692823
SCANNING,0,1762537942192211,0.140444,-0.000630,0.078881,1039.766235,2.270333,20.136681,-22.692823
SCANNING,0,1762537942204112,0.142637,-0.000578,0.079025,1039.790161,0.607908,20.144567,-22.692823
SCANNING,0,1762537942213109,0.144997,-0.000522,0.079179,1039.820068,1.653951,20.153053,-22.692823
SCANNING,0,1762537942222135,0.147630,-0.000459,0.079351,1039.847046,3.818385,20.162521,-22.692823
SCANNING,0,1762537942232205,0.150390,-0.000393,0.079532,1039.875977,4.422132,20.172449,-22.692823
SCANNING,1762537942260686,1762537942263195,0.157964,-0.000213,0.080027,1039.952637,3.905909,20.199686,-22.692823
SCANNING,0,1762537942272645,0.160069,-0.000369,0.080025,1039.979004,3.723788,20.208656,-22.692823
SCANNING,0,1762537942282209,0.184284,-0.002164,0.079999,1040.007324,4.620938,20.218367,-22.786312
SCANNING,0,1762537942292244,0.186844,-0.002354,0.079996,1040.033813,3.216216,20.229279,-22.786312
SCANNING,0,1762537942304149,0.189528,-0.002552,0.079993,1040.062012,3.881814,20.240717,-22.786312
SCANNING,0,1762537942313150,0.192059,-0.002740,0.079991,1040.094116,5.239161,20.251501,-22.786312
SCANNING,0,1762537942322185,0.194462,-0.002918,0.079988,1040.120239,4.546452,20.261745,-22.786312
SCANNING,0,1762537942332381,0.196814,-0.003093,0.079985,1040.143799,3.454956,20.271769,-22.786312
SCANNING,1762537942360844,1762537942363144,0.204741,-0.003680,0.079977,1040.227783,4.381363,20.305550,-22.786312
SCANNING,0,1762537942372296,0.206554,-0.003698,0.080243,1040.252197,4.297447,20.315762,-22.786312
SCANNING,0,1762537942382198,0.227263,-0.003907,0.083283,1040.278442,4.099268,20.325222,-22.893505
SCANNING,0,1762537942392258,0.228962,-0.003924,0.083532,1040.306885,4.862998,20.334791,-22.893505
SCANNING,0,1762537942404116,0.230813,-0.003943,0.083804,1040.332031,3.926780,20.345219,-22.893505
SCANNING,0,1762537942413101,0.232933,-0.003964,0.084115,1040.361206,4.292224,20.357162,-22.893505
SCANNING,0,1762537942422248,0.235156,-0.003986,0.084441,1040.384155,3.086206,20.369684,-22.893505
SCANNING,0,1762537942432198,0.237248,-0.004007,0.084748,1040.407715,2.718364,20.381466,-22.893505
SCANNING,0,1762537942442284,0.239200,-0.004027,0.085035,1040.434082,2.288086,20.392462,-22.893505
SCANNING,1762537942460710,1762537942473259,0.244958,-0.004085,0.085880,1040.515991,1.279346,20.424896,-22.893505
SCANNING,0,1762537942482807,0.267159,-0.004335,0.089781,1040.543213,2.317455,20.434727,-22.995825
SCANNING,0,1762537942492775,0.268902,-0.004354,0.090087,1040.569702,3.412130,20.443531,-22.995825
SCANNING,0,1762537942504130,0.270532,-0.004373,0.090374,1040.599121,2.820202,20.451767,-22.995825
SCANNING,0,1762537942513093,0.272222,-0.004392,0.090670,1040.625732,2.840436,20.460304,-22.995825
SCANNING,0,1762537942522172,0.274023,-0.004412,0.090987,1040.652100,3.486921,20.469404,-22.995825
SCANNING,0,1762537942532198,0.276003,-0.004434,0.091335,1040.674561,3.133328,20.479404,-22.995825
SCANNING,0,1762537942542144,0.278040,-0.004457,0.091693,1040.700195,3.285167,20.489693,-22.995825
SCANNING,1762537942560739,1762537942554088,0.279891,-0.004478,0.092018,1040.730347,3.754689,20.499046,-22.995825
SCANNING,0,1762537942573209,0.283064,-0.004945,0.092127,1040.780640,4.843225,20.515646,-22.995825
SCANNING,0,1762537942582746,0.302636,-0.007826,0.092796,1040.797241,2.246368,20.523909,-23.089952
SCANNING,0,1762537942592704,0.304331,-0.008076,0.092854,1040.822266,0.932711,20.532780,-23.089952
SCANNING,0,1762537942604128,0.306268,-0.008361,0.092920,1040.851440,2.062741,20.542912,-23.089952
SCANNING,0,1762537942613144,0.308264,-0.008655,0.092988,1040.881714,2.372051,20.553352,-23.089952
SCANNING,0,1762537942622194,0.310203,-0.008940,0.093055,1040.908936,3.661989,20.563496,-23.089952
SCANNING,0,1762537942632230,0.311984,-0.009203,0.093116,1040.936646,3.955040,20.572813,-23.089952
SCANNING,0,1762537942642130,0.313703,-0.009456,0.093174,1040.961792,3.203205,20.581806,-23.089952
SCANNING,1762537942660718,1762537942664249,0.317489,-0.010013,0.093304,1041.016113,3.240093,20.601614,-23.089952
SCANNING,0,1762537942672205,0.319674,-0.010003,0.093314,1041.040771,2.099346,20.611597,-23.089952
SCANNING,0,1762537942681314,0.321982,-0.009993,0.093324,1041.069214,2.328081,20.622137,-23.089952
SCANNING,0,1762537942691401,0.344828,-0.009890,0.093423,1041.098267,1.267255,20.631454,-23.184996
SCANNING,0,1762537942703287,0.346710,-0.009882,0.093432,1041.125977,2.237440,20.640049,-23.184996
SCANNING,0,1762537942712256,0.348531,-0.009874,0.093440,1041.152832,3.522644,20.648367,-23.184996
SCANNING,0,1762537942721790,0.350416,-0.009865,0.093448,1041.180420,2.061926,20.656979,-23.184996
SCANNING,0,1762537942731163,0.352493,-0.009856,0.093457,1041.205933,2.942458,20.666464,-23.184996
SCANNING,0,1762537942741184,0.354641,-0.009846,0.093466,1041.236328,3.030391,20.676279,-23.184996
SCANNING,1762537942760801,1762537942763225,0.358725,-0.009828,0.093484,1041.288086,3.098624,20.694933,-23.184996
SCANNING,0,1762537942772172,0.360779,-0.009777,0.093603,1041.314819,3.043907,20.703648,-23.184996
SCANNING,0,1762537942781333,0.384665,-0.009182,0.094992,1041.340820,2.306344,20.712675,-23.277298
SCANNING,0,1762537942791785,0.386804,-0.009129,0.095117,1041.366821,2.643275,20.721750,-23.277298
SCANNING,0,1762537942803086,0.389033,-0.009073,0.095246,1041.392700,3.407085,20.731205,-23.277298
SCANNING,0,1762537942812124,0.391166,-0.009020,0.095370,1041.416870,4.779646,20.740257,-23.277298
SCANNING,0,1762537942821220,0.393157,-0.008970,0.095486,1041.444092,4.352179,20.748701,-23.277298
SCANNING,0,1762537942831217,0.395041,-0.008924,0.095596,1041.468750,3.284399,20.756695,-23.277298
SCANNING,0,1762537942841137,0.396831,-0.008879,0.095700,1041.490234,1.294752,20.764286,-23.277298
SCANNING,1762537942860684,1762537942863167,0.400604,-0.008785,0.095919,1041.545288,1.298561,20.780294,-23.277298
SCANNING,0,1762537942872164,0.402351,-0.008868,0.096157,1041.571045,1.549863,20.788982,-23.277298
SCANNING,0,1762537942881229,0.420728,-0.009745,0.098663,1041.595825,-0.001455,20.797497,-23.360201
SCANNING,0,1762537942891693,0.422424,-0.009826,0.098894,1041.627563,1.452449,20.805935,-23.360201
SCANNING,0,1762537942903174,0.423939,-0.009898,0.099101,1041.652344,1.078890,20.813467,-23.360201
SCANNING,0,1762537942912128,0.425430,-0.009969,0.099304,1041.677612,1.280519,20.820885,-23.360201
SCANNING,0,1762537942921234,0.426846,-0.010037,0.099497,1041.704834,2.376157,20.827929,-23.360201
SCANNING,0,1762537942931241,0.428402,-0.010111,0.099709,1041.733765,1.943237,20.835669,-23.360201
SCANNING,0,1762537942941229,0.430001,-0.010188,0.099927,1041.763428,2.423798,20.843624,-23.360201
SCANNING,1762537942960610,1762537942972521,0.435271,-0.010439,0.100646,1041.829468,2.498182,20.869839,-23.360201
SCANNING,0,1762537942982155,0.455723,-0.010036,0.097899,1041.857666,2.176950,20.876741,-23.435871
SCANNING,0,1762537942992243,0.457443,-0.010002,0.097668,1041.884277,0.595281,20.883686,-23.435871
SCANNING,0,1762537943003344,0.459041,-0.009971,0.097453,1041.910400,0.940139,20.890137,-23.435871
SCANNING,0,1762537943012343,0.460634,-0.009939,0.097239,1041.938721,1.109828,20.896568,-23.435871
SCANNING,0,1762537943021927,0.462222,-0.009908,0.097026,1041.966675,2.220531,20.902981,-23.435871
SCANNING,0,1762537943031254,0.463787,-0.009877,0.096816,1041.991333,1.436056,20.909296,-23.435871
SCANNING,0,1762537943041259,0.465265,-0.009848,0.096617,1042.020752,1.847045,20.915264,-23.435871
SCANNING,1762537943060622,1762537943063205,0.467805,-0.009798,0.096276,1042.071289,1.287022,20.925520,-23.435871
SCANNING,0,1762537943072230,0.468530,-0.010022,0.096174,1042.099854,1.251684,20.929859,-23.435871
SCANNING,0,1762537943081959,0.478333,-0.013048,0.094789,1042.127686,0.595289,20.933661,-23.490725
SCANNING,0,1762537943091916,0.478823,-0.013199,0.094720,1042.157837,1.905094,20.936594,-23.490725
SCANNING,0,1762537943103226,0.479255,-0.013333,0.094659,1042.182617,1.112322,20.939177,-23.490725
SCANNING,0,1762537943112283,0.479605,-0.013441,0.094610,1042.209717,2.208742,20.941271,-23.490725
SCANNING,0,1762537943121895,0.479877,-0.013525,0.094571,1042.235840,0.864262,20.942898,-23.490725
SCANNING,0,1762537943131261,0.480092,-0.013591,0.094541,1042.263184,0.765624,20.944187,-23.490725
SCANNING,0,1762537943141276,0.480252,-0.013641,0.094518,1042.288452,1.203084,20.945143,-23.490725
SCANNING,1762537943160547,1762537943162576,0.480451,-0.013702,0.094490,1042.342285,1.803981,20.946335,-23.490725
SCANNING,0,1762537943172120,0.480504,-0.013731,0.094479,1042.371094,2.105886,20.946520,-23.490725
SCANNING,0,1762537943181285,0.483925,-0.015625,0.093768,1042.399414,2.664928,20.946430,-23.503134
SCANNING,0,1762537943191815,0.483925,-0.015625,0.093768,1042.427612,4.000773,20.946302,-23.503134
SCANNING,0,1762537943203157,0.483925,-0.015625,0.093768,1042.452271,2.873961,20.946192,-23.503134
SCANNING,0,1762537943212212,0.483925,-0.015625,0.093768,1042.479858,4.187611,20.946152,-23.503134
SCANNING,0,1762537943221791,0.483925,-0.015625,0.093768,1042.503784,3.961009,20.946142,-23.503134
SCANNING,0,1762537943231238,0.483925,-0.015625,0.093768,1042.527588,2.973799,20.946140,-23.503134
SCANNING,0,1762537943241201,0.483925,-0.015625,0.093768,1042.550537,1.904046,20.946138,-23.503134
SCANNING,1762537943260632,1762537943262613,0.483925,-0.015625,0.093768,1042.606201,3.293419,20.946136,-23.503134
SCANNING,0,1762537943272129,0.483925,-0.015625,0.093768,1042.632690,2.047471,20.946136,-23.503134
SCANNING,0,1762537943281305,0.487682,-0.017182,0.088325,1042.657104,1.673275,20.946138,-23.502865
SCANNING,0,1762537943291824,0.487724,-0.017200,0.088264,1042.681763,1.296502,20.946135,-23.502865
SCANNING,0,1762537943303246,0.487710,-0.017194,0.088284,1042.710693,2.349043,20.946136,-23.502865
SCANNING,0,1762537943312233,0.487724,-0.017200,0.088264,1042.734863,0.929320,20.946135,-23.502865
SCANNING,0,1762537943321789,0.487724,-0.017200,0.088264,1042.761230,0.252467,20.946135,-23.502865
SCANNING,0,1762537943331292,0.487710,-0.017194,0.088284,1042.790405,0.691903,20.946136,-23.502865
SCANNING,0,1762537943341287,0.487682,-0.017182,0.088325,1042.818359,2.985589,20.946138,-23.502865
SCANNING,1762537943360742,1762537943362591,0.487724,-0.017200,0.088264,1042.869751,3.787017,20.946135,-23.502865
SCANNING,0,1762537943372127,0.488953,-0.020265,0.083748,1042.891235,1.883614,20.946140,-23.502865
SCANNING,0,1762537943381274,0.488953,-0.020265,0.083748,1042.914917,1.665106,20.946138,-23.502865
SCANNING,0,1762537943391857,0.487724,-0.017200,0.088264,1042.944702,2.158812,20.946135,-23.502865
SCANNING,0,1762537943403181,0.488953,-0.020265,0.083748,1042.973267,2.909070,20.946140,-23.502865
SCANNING,0,1762537943412275,0.488953,-0.020265,0.083748,1042.999268,2.551704,20.946138,-23.502865
SCANNING,0,1762537943421866,0.488953,-0.020265,0.083748,1043.030396,3.361201,20.946140,-23.502865
SCANNING,0,1762537943431191,0.488134,-0.018222,0.086759,1043.055664,3.282464,20.946136,-23.502865
SCANNING,1762537943460719,1762537943462592,0.488953,-0.020265,0.083748,1043.138062,2.598563,20.946138,-23.502865
SCANNING,0,1762537943472103,0.488953,-0.020265,0.083748,1043.166016,3.217021,20.946136,-23.502865
SCANNING,0,1762537943481244,0.488953,-0.020265,0.083748,1043.192871,3.090398,20.946133,-23.502869
SCANNING,0,1762537943491791,0.488953,-0.020265,0.083748,1043.221313,3.498377,20.946133,-23.502869
SCANNING,0,1762537943503210,0.488953,-0.020265,0.083748,1043.243774,2.429002,20.946133,-23.502869
SCANNING,0,1762537943512273,0.490564,-0.022210,0.082068,1043.271973,3.002219,20.946136,-23.502869
SCANNING,0,1762537943521849,0.490564,-0.022210,0.082068,1043.297119,2.797113,20.946140,-23.502869
SCANNING,0,1762537943531293,0.490564,-0.022210,0.082068,1043.326782,3.583254,20.946135,-23.502869
SCANNING,1762537943560639,1762537943562642,0.490564,-0.022210,0.082068,1043.401855,1.174228,20.946135,-23.502869
SCANNING,0,1762537943572105,0.491057,-0.023615,0.081672,1043.427490,0.758591,20.946129,-23.502869
SCANNING,0,1762537943581264,0.491057,-0.023615,0.081672,1043.458374,2.183686,20.946133,-23.502865
SCANNING,0,1762537943591823,0.491057,-0.023615,0.081672,1043.486206,1.368860,20.946133,-23.502865
SCANNING,0,1762537943603167,0.490893,-0.023147,0.081804,1043.513794,2.292830,20.946135,-23.502865
SCANNING,0,1762537943612273,0.490811,-0.022913,0.081870,1043.540405,2.951279,20.946136,-23.502865
SCANNING,0,1762537943621874,0.490564,-0.022210,0.082068,1043.565063,3.771105,20.946140,-23.502865
SCANNING,0,1762537943631229,0.491057,-0.023615,0.081672,1043.595215,4.277327,20.946133,-23.502865
SCANNING,1762537943660628,1762537943661720,0.491057,-0.023615,0.081672,1043.668335,3.458707,20.946133,-23.502865
SCANNING,0,1762537943671221,0.492575,-0.024180,0.079948,1043.695312,3.023894,20.946140,-23.502865
SCANNING,0,1762537943681276,0.491361,-0.023728,0.081327,1043.725586,4.064950,20.946136,-23.502863
SCANNING,0,1762537943691864,0.491057,-0.023615,0.081672,1043.751465,4.658591,20.946135,-23.502863
SCANNING,0,1762537943703141,0.491057,-0.023615,0.081672,1043.774658,3.886056,20.946133,-23.502863
SCANNING,0,1762537943712279,0.491361,-0.023728,0.081327,1043.794189,1.330218,20.946136,-23.502863
SCANNING,0,1762537943721852,0.492575,-0.024180,0.079948,1043.821777,0.973969,20.946140,-23.502863
SCANNING,0,1762537943731306,0.491057,-0.023615,0.081672,1043.849609,1.985083,20.946131,-23.502863
SCANNING,0,1762537943741221,0.491057,-0.023615,0.081672,1043.882202,3.695043,20.946135,-23.502863
SCANNING,1762537943760671,1762537943761645,0.492575,-0.024180,0.079948,1043.930786,4.834423,20.946140,-23.502863
SCANNING,0,1762537943771225,0.492575,-0.024180,0.079948,1043.959473,3.758564,20.946140,-23.502863
SCANNING,0,1762537943781234,0.492575,-0.024180,0.079948,1043.984985,3.988697,20.946138,-23.502865
SCANNING,0,1762537943791771,0.492575,-0.024180,0.079948,1044.013916,4.199243,20.946136,-23.502865
SCANNING,0,1762537943803170,0.492575,-0.024180,0.079948,1044.039917,2.615551,20.946136,-23.502865
SCANNING,0,1762537943812245,0.492575,-0.024180,0.079948,1044.069092,4.133911,20.946131,-23.502865
SCANNING,0,1762537943821765,0.492575,-0.024180,0.079948,1044.096802,2.653361,20.946138,-23.502865
SCANNING,0,1762537943831260,0.492575,-0.024180,0.079948,1044.125366,3.526086,20.946133,-23.502865
SCANNING,0,1762537943841237,0.492575,-0.024180,0.079948,1044.150391,3.530229,20.946133,-23.502865
SCANNING,1762537943860656,1762537943861546,0.489770,-0.025148,0.080176,1044.200928,3.676745,20.946142,-23.502865
SCANNING,0,1762537943871225,0.489770,-0.025148,0.080176,1044.233276,3.936532,20.946140,-23.502865
SCANNING,0,1762537943881285,0.489770,-0.025148,0.080176,1044.260132,5.121532,20.946135,-23.502867
SCANNING,0,1762537943891858,0.489770,-0.025148,0.080176,1044.283691,3.868770,20.946138,-23.502867
SCANNING,0,1762537943903238,0.489770,-0.025148,0.080176,1044.311768,4.186262,20.946133,-23.502867
SCANNING,0,1762537943912320,0.489770,-0.025148,0.080176,1044.338623,4.294557,20.946135,-23.502867
SCANNING,0,1762537943921807,0.489770,-0.025148,0.080176,1044.365479,3.816275,20.946136,-23.502867
SCANNING,0,1762537943931262,0.489770,-0.025148,0.080176,1044.389771,3.452523,20.946135,-23.502867
SCANNING,0,1762537943941262,0.489770,-0.025148,0.080176,1044.413818,3.775104,20.946131,-23.502867
SCANNING,1762537943960638,1762537943963097,0.491081,-0.026197,0.076708,1044.465698,3.582285,20.946140,-23.502867
SCANNING,0,1762537943971242,0.490940,-0.025945,0.074498,1044.488770,0.866546,20.946135,-23.502867
SCANNING,0,1762537943980376,0.490884,-0.025844,0.073615,1044.516602,1.134580,20.946133,-23.502867
SCANNING,0,1762537943990932,0.490912,-0.025895,0.074056,1044.542847,1.315048,20.946136,-23.502865
SCANNING,0,1762537944002456,0.490884,-0.025844,0.073615,1044.570068,2.323397,20.946135,-23.502865
SCANNING,0,1762537944011607,0.490968,-0.025995,0.074940,1044.598511,2.042373,20.946138,-23.502865
SCANNING,0,1762537944021160,0.490968,-0.025995,0.074940,1044.626221,1.544283,20.946138,-23.502865
SCANNING,0,1762537944030306,0.490828,-0.025744,0.072731,1044.652954,2.290949,20.946133,-23.502865
SCANNING,0,1762537944043440,0.490912,-0.025895,0.074056,1044.678223,2.243309,20.946136,-23.502865
SCANNING,1762537944060588,1762537944061619,0.490715,-0.025542,0.070963,1044.732788,3.401758,20.946129,-23.502865
SCANNING,0,1762537944071160,0.490227,-0.026077,0.071654,1044.762573,3.192814,20.946135,-23.502865
SCANNING,0,1762537944080293,0.490064,-0.026255,0.071884,1044.785278,3.334838,20.946140,-23.502867
SCANNING,0,1762537944090914,0.490227,-0.026077,0.071654,1044.802002,2.749009,20.946133,-23.502867
SCANNING,0,1762537944100255,0.490064,-0.026255,0.071884,1044.823242,0.829490,20.946135,-23.502867
SCANNING,0,1762537944111346,0.490064,-0.026255,0.071884,1044.852783,1.463810,20.946136,-23.502867
SCANNING,0,1762537944120865,0.490064,-0.026255,0.071884,1044.885010,2.281169,20.946138,-23.502867
SCANNING,0,1762537944130270,0.490064,-0.026255,0.071884,1044.912109,2.773578,20.946142,-23.502867
SCANNING,1762537944160717,1762537944162161,0.490064,-0.026255,0.071884,1044.990234,2.326167,20.946135,-23.502867
SCANNING,0,1762537944171225,0.488825,-0.026656,0.072363,1045.018066,2.417311,20.946131,-23.502867
SCANNING,0,1762537944180313,0.490064,-0.026255,0.071884,1045.043091,1.928112,20.946140,-23.502865
SCANNING,0,1762537944190897,0.490064,-0.026255,0.071884,1045.071533,2.336427,20.946140,-23.502865
SCANNING,0,1762537944200261,0.490064,-0.026255,0.071884,1045.097412,0.935345,20.946138,-23.502865
SCANNING,0,1762537944211359,0.488825,-0.026656,0.072363,1045.128174,2.237274,20.946135,-23.502865
SCANNING,0,1762537944220934,0.488825,-0.026656,0.072363,1045.155151,2.809889,20.946131,-23.502865
SCANNING,0,1762537944230268,0.488825,-0.026656,0.072363,1045.182739,2.800308,20.946133,-23.502865
SCANNING,1762537944260826,1762537944262108,0.488825,-0.026656,0.072363,1045.264160,2.469288,20.946135,-23.502865
SCANNING,0,1762537944271187,0.489507,-0.026244,0.071604,1045.288696,2.245681,20.946131,-23.502865
SCANNING,0,1762537944280824,0.489507,-0.026244,0.071604,1045.314209,2.461778,20.946135,-23.502861
SCANNING,0,1762537944290849,0.489337,-0.026347,0.071794,1045.339722,1.969966,20.946136,-23.502861
SCANNING,0,1762537944300255,0.489848,-0.026038,0.071225,1045.370361,3.217588,20.946131,-23.502861
SCANNING,0,1762537944311304,0.489507,-0.026244,0.071604,1045.395508,3.379459,20.946135,-23.502861
SCANNING,0,1762537944320876,0.489848,-0.026038,0.071225,1045.422119,4.337105,20.946131,-23.502861
SCANNING,0,1762537944330266,0.489848,-0.026038,0.071225,1045.449585,4.798787,20.946129,-23.502861
SCANNING,0,1762537944340243,0.489848,-0.026038,0.071225,1045.474121,4.215616,20.946133,-23.502861
SCANNING,1762537944360701,1762537944361465,0.489848,-0.026038,0.071225,1045.523193,2.345363,20.946133,-23.502861
SCANNING,0,1762537944371019,0.489711,-0.026015,0.071981,1045.547485,1.959449,20.946136,-23.502861
SCANNING,0,1762537944380287,0.489757,-0.026023,0.071729,1045.573120,1.654181,20.946131,-23.502865
SCANNING,0,1762537944390842,0.489848,-0.026038,0.071225,1045.598511,0.755049,20.946129,-23.502865
SCANNING,0,1762537944400305,0.489575,-0.025992,0.072737,1045.628906,1.369665,20.946135,-23.502865
SCANNING,0,1762537944411347,0.489438,-0.025969,0.073493,1045.653564,0.878387,20.946138,-23.502865
SCANNING,0,1762537944420918,0.489529,-0.025984,0.072989,1045.679688,1.082515,20.946136,-23.502865
SCANNING,0,1762537944430251,0.489438,-0.025969,0.073493,1045.706909,2.548799,20.946138,-23.502865
SCANNING,0,1762537944440351,0.489529,-0.025984,0.072989,1045.733276,0.924028,20.946136,-23.502865
SCANNING,1762537944460804,1762537944461283,0.489438,-0.025969,0.073493,1045.791016,2.382752,20.946138,-23.502865
SCANNING,0,1762537944470770,0.489438,-0.025969,0.073493,1045.815552,4.516219,20.946136,-23.502865
SCANNING,0,1762537944480233,0.489680,-0.025837,0.073346,1045.834839,3.456136,20.946133,-23.503580
SCANNING,0,1762537944490256,0.489681,-0.025836,0.073346,1045.861938,2.966298,20.946136,-23.503580
SCANNING,0,1762537944500211,0.489681,-0.025836,0.073346,1045.888428,1.929274,20.946136,-23.503580
SCANNING,0,1762537944511246,0.489719,-0.025815,0.073322,1045.911865,0.722614,20.946249,-23.503580
SCANNING,0,1762537944520310,0.489882,-0.025726,0.073223,1045.940063,1.295728,20.946728,-23.503580
SCANNING,0,1762537944530146,0.490210,-0.025548,0.073025,1045.967651,1.643962,20.947689,-23.503580
SCANNING,0,1762537944540235,0.490693,-0.025284,0.072732,1045.993042,0.961702,20.949108,-23.503580
SCANNING,1762537944560796,1762537944562234,0.492170,-0.024477,0.071835,1046.049927,2.276391,20.953447,-23.503580
SCANNING,0,1762537944571278,0.492846,-0.024474,0.071915,1046.075562,1.749388,20.955992,-23.503580
SCANNING,0,1762537944580872,0.497226,-0.024452,0.072434,1046.104858,2.403045,20.958780,-23.517290
SCANNING,0,1762537944590871,0.498043,-0.024448,0.072531,1046.132202,1.969279,20.961857,-23.517290
SCANNING,0,1762537944600236,0.498922,-0.024444,0.072635,1046.158813,1.521752,20.965166,-23.517290
SCANNING,0,1762537944611208,0.500024,-0.024438,0.072766,1046.186157,1.647989,20.969318,-23.517290
SCANNING,0,1762537944620720,0.501186,-0.024433,0.072904,1046.212524,2.102981,20.973694,-23.517290
SCANNING,0,1762537944630249,0.502588,-0.024426,0.073070,1046.236694,0.323319,20.978975,-23.517290
SCANNING,0,1762537944640286,0.504027,-0.024419,0.073241,1046.262817,0.375429,20.984394,-23.517290
SCANNING,1762537944660790,1762537944662313,0.507252,-0.024403,0.073623,1046.315918,0.771502,20.996542,-23.517290
SCANNING,0,1762537944671308,0.509267,-0.024415,0.073628,1046.344360,2.091210,21.002512,-23.517290
SCANNING,0,1762537944680924,0.528888,-0.024531,0.073672,1046.373047,1.281027,21.008709,-23.569220
SCANNING,0,1762537944690907,0.531065,-0.024543,0.073677,1046.399536,1.155856,21.015158,-23.569220
SCANNING,0,1762537944700191,0.533454,-0.024557,0.073682,1046.427368,1.434463,21.022234,-23.569220
SCANNING,0,1762537944711135,0.536054,-0.024573,0.073688,1046.454712,2.273988,21.029936,-23.569220
SCANNING,0,1762537944720236,0.539060,-0.024590,0.073695,1046.484131,3.121260,21.038843,-23.569220
SCANNING,0,1762537944730245,0.542158,-0.024609,0.073702,1046.509155,3.738638,21.048019,-23.569220
SCANNING,1762537944760682,1762537944761504,0.550853,-0.024660,0.073722,1046.584961,4.067128,21.073778,-23.569220
SCANNING,0,1762537944771120,0.552457,-0.024513,0.073888,1046.613403,4.454935,21.081030,-23.569220
SCANNING,0,1762537944780320,0.572456,-0.022675,0.075957,1046.636719,2.802081,21.088562,-23.652092
SCANNING,0,1762537944790854,0.574075,-0.022526,0.076124,1046.659790,2.124282,21.095881,-23.652092
SCANNING,0,1762537944800309,0.575801,-0.022368,0.076303,1046.684570,2.149434,21.103682,-23.652092
SCANNING,0,1762537944811373,0.577590,-0.022203,0.076488,1046.711914,2.704956,21.111769,-23.652092
SCANNING,0,1762537944820936,0.579270,-0.022049,0.076662,1046.735840,1.333058,21.119362,-23.652092
SCANNING,0,1762537944830263,0.580751,-0.021913,0.076815,1046.761963,0.185479,21.126060,-23.652092
SCANNING,0,1762537944840321,0.582097,-0.021789,0.076954,1046.791748,1.083290,21.132143,-23.652092
SCANNING,1762537944860428,1762537944850312,0.583370,-0.021672,0.077086,1046.820190,3.052980,21.137897,-23.652092
SCANNING,0,1762537944872142,0.584698,-0.021369,0.077215,1046.872192,4.673914,21.148909,-23.652092
SCANNING,0,1762537944881272,0.593060,-0.019459,0.078026,1046.894287,2.833017,21.153843,-23.716509
SCANNING,0,1762537944891291,0.593653,-0.019323,0.078083,1046.916626,2.025542,21.158766,-23.716509
SCANNING,0,1762537944902357,0.594174,-0.019204,0.078134,1046.945923,2.647918,21.163082,-23.716509
SCANNING,0,1762537944911493,0.594664,-0.019092,0.078181,1046.973389,2.679476,21.167149,-23.716509
SCANNING,0,1762537944921083,0.595062,-0.019001,0.078220,1046.999390,2.429971,21.170448,-23.716509
SCANNING,0,1762537944930299,0.595446,-0.018914,0.078257,1047.030029,3.127324,21.173634,-23.716509
SCANNING,0,1762537944940258,0.595727,-0.018849,0.078284,1047.055664,2.821749,21.175964,-23.716509
SCANNING,0,1762537944950265,0.595940,-0.018801,0.078305,1047.086426,3.931801,21.177731,-23.716509
SCANNING,1762537944959828,1762537944961281,0.596066,-0.018772,0.078317,1047.114258,4.307744,21.178776,-23.716509
SCANNING,0,1762537944970959,0.596055,-0.018639,0.078203,1047.139771,2.786945,21.179394,-23.716509
SCANNING,0,1762537944980269,0.595598,-0.013167,0.073490,1047.166382,3.022756,21.179865,-23.743752
SCANNING,0,1762537944990821,0.595598,-0.013167,0.073490,1047.195557,3.622752,21.180229,-23.743752
SCANNING,0,1762537945000345,0.595598,-0.013167,0.073490,1047.222046,3.940184,21.180349,-23.743752
SCANNING,0,1762537945031248,0.595598,-0.013167,0.073490,1047.300537,3.448306,21.179525,-23.743752
SCANNING,0,1762537945040762,0.595598,-0.013167,0.073490,1047.325562,2.957648,21.179007,-23.743752
SCANNING,1762537945059796,1762537945061310,0.595598,-0.013167,0.073490,1047.381714,3.400719,21.177650,-23.743752
SCANNING,0,1762537945070846,0.595429,-0.012659,0.073249,1047.400269,0.272316,21.176899,-23.743752
SCANNING,0,1762537945080264,0.594570,-0.010082,0.072024,1047.428345,0.852441,21.176188,-23.740652
SCANNING,0,1762537945090809,0.594429,-0.009656,0.071821,1047.457764,1.439063,21.175558,-23.740652
SCANNING,0,1762537945100329,0.594318,-0.009324,0.071663,1047.486084,1.477665,21.175066,-23.740652
SCANNING,0,1762537945111352,0.594231,-0.009063,0.071539,1047.514648,2.336428,21.174681,-23.740652
SCANNING,0,1762537945120908,0.594167,-0.008872,0.071448,1047.538818,2.222099,21.174398,-23.740652
SCANNING,0,1762537945130291,0.594126,-0.008747,0.071389,1047.564453,3.373677,21.174213,-23.740652
SCANNING,0,1762537945140317,0.594102,-0.008677,0.071356,1047.596558,4.340720,21.174110,-23.740652
SCANNING,1762537945159385,1762537945161611,0.594097,-0.008661,0.071348,1047.646973,3.871366,21.174086,-23.740652
SCANNING,0,1762537945170723,0.594097,-0.008661,0.071348,1047.671265,4.301481,21.174097,-23.740652
SCANNING,0,1762537945180358,0.592207,-0.005575,0.070054,1047.696167,3.319872,21.174110,-23.738752
SCANNING,0,1762537945190886,0.592207,-0.005575,0.070054,1047.726074,4.570658,21.174116,-23.738752
SCANNING,0,1762537945200274,0.592207,-0.005575,0.070054,1047.749512,4.548079,21.174120,-23.738752
SCANNING,0,1762537945211354,0.592207,-0.005575,0.070054,1047.774048,3.858324,21.174124,-23.738752
SCANNING,0,1762537945220899,0.592207,-0.005575,0.070054,1047.793823,0.975905,21.174120,-23.738752
SCANNING,0,1762537945230287,0.592207,-0.005575,0.070054,1047.822876,1.437149,21.174120,-23.738752
SCANNING,0,1762537945240295,0.592207,-0.005575,0.070054,1047.850342,3.095127,21.174120,-23.738752
SCANNING,1762537945262509,1762537945270237,0.592207,-0.005575,0.070054,1047.932373,4.911679,21.174124,-23.738752
SCANNING,0,1762537945279388,0.592207,-0.005575,0.070054,1047.957764,3.870460,21.174118,-23.738752
SCANNING,0,1762537945290439,0.591925,-0.003636,0.066746,1047.984619,4.171418,21.174116,-23.738771
SCANNING,0,1762537945300017,0.591925,-0.003636,0.066746,1048.011353,4.370222,21.174116,-23.738771
SCANNING,0,1762537945309270,0.591925,-0.003636,0.066746,1048.039673,3.308000,21.174118,-23.738771
SCANNING,0,1762537945320582,0.591925,-0.003636,0.066746,1048.063477,3.509670,21.174118,-23.738771
SCANNING,0,1762537945330202,0.591925,-0.003636,0.066746,1048.097656,3.975708,21.174122,-23.738771
SCANNING,0,1762537945339302,0.591925,-0.003636,0.066746,1048.125977,3.578079,21.174120,-23.738771
SCANNING,1762537945360717,1762537945371189,0.591925,-0.003636,0.066746,1048.203247,2.973973,21.174112,-23.738771
SCANNING,0,1762537945380290,0.594631,0.002070,0.063637,1048.236084,4.770212,21.174114,-23.738773
SCANNING,0,1762537945390333,0.594631,0.002070,0.063637,1048.256958,4.957528,21.174112,-23.738773
SCANNING,0,1762537945399915,0.594631,0.002070,0.063637,1048.282715,4.033463,21.174120,-23.738773
SCANNING,0,1762537945411241,0.594631,0.002070,0.063637,1048.308960,4.381964,21.174112,-23.738773
SCANNING,0,1762537945420303,0.591925,-0.003636,0.066746,1048.334595,3.614271,21.174107,-23.738773
SCANNING,0,1762537945429840,0.591925,-0.003636,0.066746,1048.362549,3.750200,21.174107,-23.738773
SCANNING,0,1762537945450559,0.591925,-0.003636,0.066746,1048.408569,2.977537,21.174107,-23.738773
SCANNING,1762537945460749,1762537945470255,0.594631,0.002070,0.063637,1048.464355,2.833168,21.174112,-23.738773
SCANNING,0,1762537945479897,0.593935,0.001783,0.063336,1048.488647,1.086149,21.174112,-23.738771
SCANNING,0,1762537945489938,0.594631,0.002070,0.063637,1048.516724,1.617965,21.174114,-23.738771
SCANNING,0,1762537945499300,0.594631,0.002070,0.063637,1048.542603,1.691227,21.174114,-23.738771
SCANNING,0,1762537945511221,0.593239,0.001496,0.063035,1048.571167,3.080750,21.174110,-23.738771
SCANNING,0,1762537945520324,0.593239,0.001496,0.063035,1048.598389,1.899662,21.174110,-23.738771
SCANNING,0,1762537945529920,0.593239,0.001496,0.063035,1048.626831,2.677277,21.174110,-23.738771
SCANNING,0,1762537945539238,0.594631,0.002070,0.063637,1048.652588,2.891146,21.174116,-23.738771
SCANNING,1762537945560732,1762537945570326,0.592891,0.001353,0.062885,1048.730835,3.145519,21.174109,-23.738771
SCANNING,0,1762537945579740,0.592906,0.001361,0.062866,1048.759521,4.716838,21.174105,-23.738873
SCANNING,0,1762537945589740,0.592906,0.001361,0.062865,1048.782837,4.738888,21.174110,-23.738873
SCANNING,0,1762537945599228,0.592907,0.001361,0.062864,1048.800537,2.919585,21.174114,-23.738873
SCANNING,0,1762537945611112,0.592937,0.001377,0.062824,1048.822144,0.526752,21.174316,-23.738873
SCANNING,0,1762537945620168,0.593014,0.001417,0.062720,1048.851807,1.986976,21.174835,-23.738873
SCANNING,0,1762537945629255,0.593164,0.001495,0.062519,1048.882812,2.745042,21.175846,-23.738873
SCANNING,0,1762537945639248,0.593398,0.001617,0.062206,1048.908936,3.070122,21.177422,-23.738873
SCANNING,1762537945660751,1762537945670120,0.594435,0.002157,0.060819,1048.989380,3.753717,21.184397,-23.738873
SCANNING,0,1762537945679286,0.599281,0.001490,0.060209,1049.015503,2.808346,21.187078,-23.754837
SCANNING,0,1762537945689754,0.599995,0.001392,0.060119,1049.042603,2.408507,21.189827,-23.754837
SCANNING,0,1762537945699248,0.600807,0.001280,0.060017,1049.071411,2.761888,21.192953,-23.754837
SCANNING,0,1762537945711198,0.601735,0.001152,0.059900,1049.097778,0.950652,21.196524,-23.754837
SCANNING,0,1762537945720202,0.602688,0.001021,0.059780,1049.127930,2.371418,21.200190,-23.754837
SCANNING,0,1762537945729237,0.603921,0.000852,0.059624,1049.155396,2.722981,21.204935,-23.754837
SCANNING,0,1762537945739254,0.605139,0.000684,0.059471,1049.182373,2.758567,21.209621,-23.754837
SCANNING,1762537945760838,1762537945761607,0.608054,0.000283,0.059104,1049.236206,2.076020,21.220837,-23.754837
SCANNING,0,1762537945771204,0.608807,0.000334,0.058994,1049.264404,2.432783,21.225489,-23.754837
SCANNING,0,1762537945780294,0.616542,0.000854,0.057868,1049.287598,1.747635,21.230091,-23.798042
SCANNING,0,1762537945790399,0.617208,0.000899,0.057771,1049.315552,2.062654,21.234213,-23.798042
SCANNING,0,1762537945799949,0.617738,0.000935,0.057694,1049.341309,1.728533,21.237484,-23.798042
SCANNING,0,1762537945811212,0.618283,0.000971,0.057615,1049.369263,1.792907,21.240856,-23.798042
SCANNING,0,1762537945820296,0.618688,0.000999,0.057556,1049.397339,2.453684,21.243355,-23.798042
SCANNING,0,1762537945829896,0.619024,0.001021,0.057507,1049.425903,4.605189,21.245436,-23.798042
SCANNING,0,1762537945839329,0.619278,0.001038,0.057470,1049.451782,3.996879,21.247005,-23.798042
SCANNING,1762537945860704,1762537945861607,0.619510,0.001054,0.057436,1049.503296,4.488439,21.248438,-23.798042
SCANNING,0,1762537945871118,0.619506,0.001055,0.057433,1049.525513,2.366275,21.248453,-23.798042
SCANNING,0,1762537945880257,0.616336,0.002094,0.055585,1049.550049,2.465244,21.248283,-23.811802
SCANNING,0,1762537945890260,0.616336,0.002094,0.055585,1049.574463,1.790734,21.248041,-23.811802
SCANNING,0,1762537945899916,0.616336,0.002094,0.055585,1049.602173,1.728320,21.247768,-23.811802
SCANNING,0,1762537945911310,0.616336,0.002094,0.055585,1049.630493,1.653962,21.247501,-23.811802
SCANNING,0,1762537945920316,0.616336,0.002094,0.055585,1049.655029,1.295816,21.247202,-23.811802
SCANNING,0,1762537945929916,0.616336,0.002094,0.055585,1049.679932,1.457944,21.246828,-23.811802
SCANNING,0,1762537945939289,0.616336,0.002094,0.055585,1049.707886,2.345856,21.246395,-23.811802
SCANNING,1762537945960587,1762537945971183,0.616336,0.002094,0.055585,1049.791504,2.460133,21.245365,-23.811802
SCANNING,0,1762537945980258,0.615785,0.001351,0.055086,1049.815918,3.421997,21.245060,-23.808561
SCANNING,0,1762537945990256,0.615721,0.001264,0.055027,1049.833374,3.050995,21.244644,-23.808561
SCANNING,0,1762537945999856,0.615627,0.001137,0.054942,1049.863525,3.409634,21.244040,-23.808561
SCANNING,0,1762537946011234,0.615489,0.000952,0.054818,1049.888306,1.313506,21.243155,-23.808561
SCANNING,0,1762537946020267,0.615319,0.000722,0.054663,1049.911377,0.432690,21.242056,-23.808561
SCANNING,0,1762537946029919,0.615140,0.000481,0.054502,1049.939209,0.928656,21.240908,-23.808561
SCANNING,0,1762537946050561,0.614880,0.000130,0.054266,1049.993286,1.190209,21.239233,-23.808561
SCANNING,1762537946060635,1762537946070233,0.614759,-0.000033,0.054156,1050.048706,1.559088,21.238453,-23.808561
SCANNING,0,1762537946079817,0.614585,-0.000738,0.054783,1050.076782,2.500923,21.238102,-23.802979
SCANNING,0,1762537946089898,0.614574,-0.000785,0.054825,1050.104858,2.812485,21.237707,-23.802979
SCANNING,0,1762537946099281,0.614563,-0.000830,0.054866,1050.132935,1.949068,21.237324,-23.802979
SCANNING,0,1762537946111275,0.614555,-0.000861,0.054893,1050.159668,1.777063,21.237055,-23.802979
SCANNING,0,1762537946120291,0.614555,-0.000861,0.054893,1050.186035,1.257379,21.236971,-23.802979
SCANNING,0,1762537946129869,0.614555,-0.000861,0.054893,1050.214722,2.564852,21.236988,-23.802979
SCANNING,0,1762537946150539,0.614555,-0.000861,0.054893,1050.262817,0.442741,21.237051,-23.802979
SCANNING,1762537946160517,1762537946170233,0.614555,-0.000861,0.054893,1050.317871,1.269279,21.237066,-23.802979
SCANNING,0,1762537946179822,0.612651,-0.001538,0.048810,1050.344971,1.433662,21.237070,-23.802839
SCANNING,0,1762537946189907,0.612651,-0.001538,0.048810,1050.375854,2.422309,21.237070,-23.802839
SCANNING,0,1762537946199303,0.612623,-0.001548,0.048720,1050.399536,0.904187,21.237068,-23.802839
SCANNING,0,1762537946211327,0.612707,-0.001518,0.048989,1050.426636,1.131227,21.237074,-23.802839
SCANNING,0,1762537946220365,0.612679,-0.001528,0.048899,1050.455200,2.178124,21.237072,-23.802839
SCANNING,0,1762537946229926,0.612679,-0.001528,0.048899,1050.486572,3.046109,21.237072,-23.802839
SCANNING,0,1762537946239345,0.612623,-0.001548,0.048720,1050.510742,3.977693,21.237068,-23.802839
SCANNING,1762537946260721,1762537946270284,0.612595,-0.001558,0.048631,1050.586426,4.075470,21.237066,-23.802839
SCANNING,0,1762537946279857,0.612583,-0.001423,0.048979,1050.615479,4.538411,21.237070,-23.802834
SCANNING,0,1762537946289915,0.612583,-0.001423,0.048979,1050.639526,3.101961,21.237070,-23.802834
SCANNING,0,1762537946299322,0.612535,-0.000882,0.050370,1050.664795,3.699498,21.237066,-23.802834
SCANNING,0,1762537946311250,0.612535,-0.000882,0.050370,1050.688721,3.152829,21.237062,-23.802834
SCANNING,0,1762537946320299,0.612535,-0.000882,0.050370,1050.716675,3.513991,21.237064,-23.802834
SCANNING,0,1762537946329908,0.612535,-0.000882,0.050370,1050.738403,2.227935,21.237066,-23.802834
SCANNING,0,1762537946339294,0.612535,-0.000882,0.050370,1050.764160,1.067170,21.237066,-23.802834
SCANNING,1762537946360712,1762537946370233,0.612535,-0.000882,0.050370,1050.846558,3.741915,21.237066,-23.802834
SCANNING,0,1762537946379898,0.612535,-0.000882,0.050370,1050.875366,4.374089,21.237068,-23.802832
SCANNING,0,1762537946389926,0.614251,-0.000127,0.049602,1050.898315,3.483003,21.237064,-23.802832
SCANNING,0,1762537946399331,0.614251,-0.000127,0.049602,1050.921875,3.512303,21.237064,-23.802832
SCANNING,0,1762537946411257,0.612535,-0.000882,0.050370,1050.950439,3.623862,21.237068,-23.802832
SCANNING,0,1762537946420333,0.613393,-0.000504,0.049986,1050.976685,3.148153,21.237066,-23.802832
SCANNING,0,1762537946429925,0.614251,-0.000127,0.049602,1051.003174,3.173697,21.237062,-23.802832
SCANNING,0,1762537946439332,0.612535,-0.000882,0.050370,1051.032471,2.474442,21.237068,-23.802832
SCANNING,1762537946461862,1762537946470199,0.614251,-0.000127,0.049602,1051.115967,4.543394,21.237064,-23.802832
SCANNING,0,1762537946479808,0.614251,-0.000127,0.049602,1051.141479,2.986201,21.237062,-23.802834
SCANNING,0,1762537946489932,0.614251,-0.000127,0.049602,1051.170898,4.312471,21.237066,-23.802834
SCANNING,0,1762537946499273,0.614251,-0.000127,0.049602,1051.194580,2.922550,21.237068,-23.802834
SCANNING,0,1762537946511229,0.614251,-0.000127,0.049602,1051.224731,4.263439,21.237059,-23.802834
SCANNING,0,1762537946520336,0.614251,-0.000127,0.049602,1051.247681,3.737450,21.237059,-23.802834
SCANNING,0,1762537946529907,0.614251,-0.000127,0.049602,1051.274658,3.403344,21.237064,-23.802834
SCANNING,0,1762537946539323,0.614251,-0.000127,0.049602,1051.301514,3.980557,21.237066,-23.802834
SCANNING,1762537946560813,1762537946570336,0.616923,-0.000744,0.050022,1051.382812,2.680182,21.237062,-23.802834
SCANNING,0,1762537946579468,0.616910,-0.001096,0.049986,1051.402222,1.253269,21.237064,-23.802830
SCANNING,0,1762537946589986,0.616910,-0.001096,0.049986,1051.434082,2.746999,21.237064,-23.802830
SCANNING,0,1762537946599761,0.616897,-0.001448,0.049950,1051.459595,1.770504,21.237062,-23.802830
SCANNING,0,1762537946619926,0.616890,-0.001624,0.049932,1051.514648,2.039455,21.237061,-23.802830
SCANNING,0,1762537946629809,0.616890,-0.001624,0.049932,1051.541138,1.619356,21.237061,-23.802830
SCANNING,0,1762537946650583,0.616910,-0.001096,0.049986,1051.597656,2.675287,21.237064,-23.802830
SCANNING,1762537946660796,1762537946670234,0.616890,-0.001624,0.049932,1051.650513,2.605889,21.237061,-23.802830
SCANNING,0,1762537946680291,0.615323,-0.000924,0.046811,1051.673096,3.574498,21.237061,-23.802834
SCANNING,0,1762537946689938,0.615323,-0.000924,0.046811,1051.697144,3.546325,21.237066,-23.802834
SCANNING,0,1762537946699817,0.615323,-0.000924,0.046811,1051.725952,4.043828,21.237062,-23.802834
SCANNING,0,1762537946719916,0.615323,-0.000924,0.046811,1051.774414,3.615550,21.237062,-23.802834
SCANNING,0,1762537946729896,0.615323,-0.000924,0.046811,1051.796021,1.045389,21.237061,-23.802834
SCANNING,0,1762537946750200,0.616890,-0.001624,0.049932,1051.851562,2.571298,21.237057,-23.802834
SCANNING,1762537946761870,1762537946769912,0.615323,-0.000924,0.046811,1051.906860,3.892313,21.237059,-23.802834
SCANNING,0,1762537946780256,0.615323,-0.000924,0.046811,1051.934326,4.965122,21.237061,-23.802830
SCANNING,0,1762537946789938,0.615323,-0.000924,0.046811,1051.960327,3.844421,21.237059,-23.802830
SCANNING,0,1762537946799810,0.615323,-0.000924,0.046811,1051.986938,3.816656,21.237062,-23.802830
SCANNING,0,1762537946819918,0.615323,-0.000924,0.046811,1052.040771,2.971812,21.237061,-23.802830
SCANNING,0,1762537946829792,0.616653,0.000111,0.046416,1052.067749,3.310745,21.237064,-23.802830
SCANNING,0,1762537946839736,0.615323,-0.000924,0.046811,1052.098633,3.236840,21.237061,-23.802830
SCANNING,1762537946860663,1762537946869841,0.616653,0.000111,0.046416,1052.181274,4.270400,21.237064,-23.802830
SCANNING,0,1762537946880287,0.616653,0.000111,0.046416,1052.204102,3.086056,21.237061,-23.802832
SCANNING,0,1762537946889921,0.616653,0.000111,0.046416,1052.235229,3.998440,21.237059,-23.802832
SCANNING,0,1762537946899740,0.616653,0.000111,0.046416,1052.261475,4.236635,21.237062,-23.802832
SCANNING,0,1762537946919979,0.621673,0.004213,0.038723,1052.314941,4.557125,21.237064,-23.802832
SCANNING,0,1762537946929769,0.616653,0.000111,0.046416,1052.338379,2.993672,21.237062,-23.802832
SCANNING,0,1762537946939739,0.616653,0.000111,0.046416,1052.367920,3.709196,21.237061,-23.802832
SCANNING,1762537946960634,1762537946970307,0.621673,0.004213,0.038723,1052.441650,3.282383,21.237064,-23.802832
SCANNING,0,1762537946980347,0.621470,0.004359,0.035089,1052.469238,3.433674,21.237057,-23.802832
SCANNING,0,1762537946989920,0.621470,0.004359,0.035089,1052.492188,2.313875,21.237057,-23.802832
SCANNING,0,1762537946999797,0.621673,0.004213,0.038723,1052.519409,1.898253,21.237064,-23.802832
SCANNING,0,1762537947019889,0.621673,0.004213,0.038723,1052.570801,1.784187,21.237068,-23.802832
SCANNING,0,1762537947029792,0.621538,0.004310,0.036300,1052.597534,1.006343,21.237062,-23.802832
SCANNING,0,1762537947039796,0.621470,0.004359,0.035089,1052.626831,1.325614,21.237059,-23.802832
SCANNING,1762537947061855,1762537947069793,0.621470,0.004359,0.035089,1052.702637,2.236335,21.237061,-23.802832
SCANNING,0,1762537947080279,0.621275,0.004017,0.034323,1052.733765,2.679433,21.237062,-23.802828
SCANNING,0,1762537947089854,0.620950,0.003446,0.033047,1052.763062,3.460433,21.237057,-23.802828
SCANNING,0,1762537947099795,0.620950,0.003446,0.033047,1052.787476,4.359276,21.237057,-23.802828
SCANNING,0,1762537947119906,0.621080,0.003674,0.033558,1052.824585,1.207994,21.237059,-23.802828
SCANNING,0,1762537947129513,0.621080,0.003674,0.033558,1052.853516,1.539108,21.237059,-23.802828
SCANNING,0,1762537947139768,0.621405,0.004245,0.034834,1052.884033,1.316900,21.237064,-23.802828
SCANNING,1762537947160531,1762537947169759,0.620950,0.003446,0.033047,1052.964111,2.044006,21.237057,-23.802828
SCANNING,0,1762537947180268,0.621244,0.004555,0.028979,1052.991211,2.273895,21.237062,-23.802830
SCANNING,0,1762537947189837,0.621118,0.004080,0.030722,1053.018921,2.311896,21.237059,-23.802830
SCANNING,0,1762537947199405,0.621118,0.004080,0.030722,1053.045654,2.336007,21.237059,-23.802830
SCANNING,0,1762537947219876,0.620950,0.003446,0.033047,1053.098755,1.087925,21.237055,-23.802830
SCANNING,0,1762537947229532,0.621202,0.004397,0.029560,1053.127686,1.078463,21.237061,-23.802830
SCANNING,0,1762537947239818,0.621244,0.004555,0.028979,1053.157227,1.962356,21.237064,-23.802830
SCANNING,0,1762537947250607,0.621244,0.004555,0.028979,1053.183228,2.011612,21.237064,-23.802830
SCANNING,1762537947260757,1762537947269891,0.621244,0.004555,0.028979,1053.236450,1.225539,21.237062,-23.802830
SCANNING,0,1762537947279410,0.621244,0.004555,0.028979,1053.263916,1.614325,21.237053,-23.802834
SCANNING,0,1762537947289749,0.621244,0.004555,0.028979,1053.290405,1.541593,21.237053,-23.802834
SCANNING,0,1762537947299770,0.621268,0.004372,0.028379,1053.315918,1.466961,21.237059,-23.802834
SCANNING,0,1762537947310421,0.621244,0.004555,0.028979,1053.341309,1.122267,21.237055,-23.802834
SCANNING,0,1762537947319970,0.621244,0.004555,0.028979,1053.371948,2.140353,21.237057,-23.802834
SCANNING,0,1762537947329659,0.621244,0.004555,0.028979,1053.400513,2.057637,21.237057,-23.802834
SCANNING,0,1762537947350115,0.621268,0.004372,0.028379,1053.452271,2.139781,21.237059,-23.802834
SCANNING,1762537947361851,1762537947369461,0.621388,0.003458,0.025380,1053.505737,4.398730,21.237064,-23.802834
SCANNING,0,1762537947380275,0.621550,0.002657,0.026190,1053.529663,2.881539,21.237062,-23.802832
SCANNING,0,1762537947389807,0.621591,0.002457,0.026392,1053.550903,2.174185,21.237059,-23.802832
SCANNING,0,1762537947399395,0.621550,0.002657,0.026190,1053.578491,2.839016,21.237062,-23.802832
SCANNING,0,1762537947419471,0.621591,0.002457,0.026392,1053.631958,1.793184,21.237059,-23.802832
SCANNING,0,1762537947429822,0.621591,0.002457,0.026392,1053.656006,1.458314,21.237061,-23.802832
SCANNING,0,1762537947450305,0.621591,0.002457,0.026392,1053.709106,2.404044,21.237059,-23.802832
SCANNING,1762537947460810,1762537947469554,0.621591,0.002457,0.026392,1053.762207,0.959595,21.237061,-23.802832
SCANNING,0,1762537947480329,0.622183,0.002346,0.026378,1053.792603,1.565041,21.237061,-23.802835
SCANNING,0,1762537947489918,0.621591,0.002457,0.026392,1053.818481,3.787086,21.237057,-23.802835
SCANNING,0,1762537947499426,0.622183,0.002346,0.026378,1053.837891,3.806562,21.237059,-23.802835
SCANNING,0,1762537947519869,0.621591,0.002457,0.026392,1053.889771,2.126411,21.237051,-23.802835
SCANNING,0,1762537947529545,0.622183,0.002346,0.026378,1053.911865,0.411753,21.237061,-23.802835
SCANNING,0,1762537947538725,0.621591,0.002457,0.026392,1053.941772,1.330620,21.237057,-23.802835
SCANNING,1762537947560628,1762537947569707,0.622183,0.002346,0.026378,1054.026978,3.075766,21.237059,-23.802835
SCANNING,0,1762537947579319,0.619188,-0.000801,0.027004,1054.049194,1.521553,21.237061,-23.802834
SCANNING,0,1762537947589749,0.622183,0.002346,0.026378,1054.081299,3.438960,21.237057,-23.802834
SCANNING,0,1762537947599369,0.622183,0.002346,0.026378,1054.106567,2.634208,21.237059,-23.802834
SCANNING,0,1762537947619473,0.619188,-0.000801,0.027004,1054.160400,1.753088,21.237064,-23.802834
SCANNING,0,1762537947629835,0.622183,0.002346,0.026378,1054.190186,2.866622,21.237059,-23.802834
SCANNING,0,1762537947639418,0.622183,0.002346,0.026378,1054.215698,2.668295,21.237055,-23.802834
SCANNING,1762537947660647,1762537947669754,0.619188,-0.000801,0.027004,1054.291992,1.896353,21.237061,-23.802834
SCANNING,0,1762537947679350,0.619188,-0.000801,0.027004,1054.320190,2.087297,21.237059,-23.802837
SCANNING,0,1762537947689746,0.619188,-0.000801,0.027004,1054.350830,3.106917,21.237061,-23.802837
SCANNING,0,1762537947699398,0.619188,-0.000801,0.027004,1054.376831,1.870249,21.237061,-23.802837
SCANNING,0,1762537947709997,0.619188,-0.000801,0.027004,1054.398804,0.226375,21.237059,-23.802837
SCANNING,0,1762537947719593,0.619188,-0.000801,0.027004,1054.427734,1.171088,21.237061,-23.802837
SCANNING,0,1762537947728710,0.619188,-0.000801,0.027004,1054.455078,1.180714,21.237062,-23.802837
SCANNING,0,1762537947739714,0.619188,-0.000801,0.027004,1054.487915,2.430818,21.237062,-23.802837
SCANNING,1762537947760653,1762537947769853,0.618058,-0.000719,0.026664,1054.561401,3.411334,21.237053,-23.802837
SCANNING,0,1762537947779426,0.618058,-0.000719,0.026664,1054.592651,4.922929,21.237062,-23.802835
SCANNING,0,1762537947789519,0.618058,-0.000719,0.026664,1054.619263,4.614250,21.237062,-23.802835
SCANNING,0,1762537947798588,0.618058,-0.000719,0.026664,1054.642944,3.160512,21.237061,-23.802835
SCANNING,0,1762537947819877,0.618058,-0.000719,0.026664,1054.691895,3.244517,21.237061,-23.802835
SCANNING,0,1762537947829450,0.618058,-0.000719,0.026664,1054.719116,3.499432,21.237062,-23.802835
SCANNING,0,1762537947838585,0.618058,-0.000719,0.026664,1054.744019,3.618893,21.237057,-23.802835
SCANNING,1762537947860650,1762537947869236,0.615709,0.000556,0.027660,1054.821411,1.652151,21.237055,-23.802835
SCANNING,0,1762537947879302,0.614949,-0.000175,0.026033,1054.849731,2.986084,21.237055,-23.802837
SCANNING,0,1762537947889018,0.614949,-0.000175,0.026033,1054.876465,4.051398,21.237057,-23.802837
SCANNING,0,1762537947898817,0.615709,0.000556,0.027660,1054.902832,4.113442,21.237051,-23.802837
SCANNING,0,1762537947918899,0.614949,-0.000175,0.026033,1054.952637,4.092570,21.237057,-23.802837
SCANNING,0,1762537947928799,0.614949,-0.000175,0.026033,1054.980469,3.367188,21.237059,-23.802837
SCANNING,0,1762537947938787,0.614949,-0.000175,0.026033,1055.007690,3.997747,21.237057,-23.802837
SCANNING,1762537947960605,1762537947969261,0.614949,-0.000175,0.026033,1055.089233,4.870292,21.237055,-23.802837
SCANNING,0,1762537947979356,0.614949,-0.000175,0.026033,1055.114990,4.599128,21.237059,-23.802835
SCANNING,0,1762537947988904,0.615918,0.002182,0.021011,1055.137207,2.612201,21.237055,-23.802835
SCANNING,0,1762537947998746,0.614949,-0.000175,0.026033,1055.163452,2.294315,21.237061,-23.802835
SCANNING,0,1762537948018940,0.614949,-0.000175,0.026033,1055.217407,2.525163,21.237061,-23.802835
SCANNING,0,1762537948028825,0.614949,-0.000175,0.026033,1055.242554,1.996462,21.237059,-23.802835
SCANNING,0,1762537948038841,0.614949,-0.000175,0.026033,1055.271606,2.895525,21.237059,-23.802835
SCANNING,1762537948060607,1762537948069289,0.615918,0.002182,0.021011,1055.359131,4.795788,21.237055,-23.802835
SCANNING,0,1762537948079391,0.616957,0.001750,0.017374,1055.380615,2.048005,21.237059,-23.802834
SCANNING,0,1762537948088961,0.616957,0.001750,0.017374,1055.402466,1.060037,21.237061,-23.802834
SCANNING,0,1762537948098811,0.615918,0.002182,0.021011,1055.429443,1.248097,21.237055,-23.802834
SCANNING,0,1762537948118879,0.616957,0.001750,0.017374,1055.487183,1.444375,21.237059,-23.802834
SCANNING,0,1762537948128772,0.616957,0.001750,0.017374,1055.515015,1.922657,21.237062,-23.802834
SCANNING,0,1762537948149129,0.616957,0.001750,0.017374,1055.567993,3.321087,21.237057,-23.802834
SCANNING,1762537948160746,1762537948168948,0.616957,0.001750,0.017374,1055.624634,3.095356,21.237057,-23.802834
SCANNING,0,1762537948179211,0.617170,0.002994,0.015608,1055.649292,2.954156,21.237059,-23.802837
SCANNING,0,1762537948188879,0.617085,0.002496,0.016314,1055.676147,3.742059,21.237057,-23.802837
SCANNING,0,1762537948198826,0.616957,0.001750,0.017374,1055.698730,2.794586,21.237053,-23.802837
SCANNING,0,1762537948218917,0.617170,0.002994,0.015608,1055.757690,5.087677,21.237059,-23.802837
SCANNING,0,1762537948228820,0.617085,0.002496,0.016314,1055.781250,4.456649,21.237057,-23.802837
SCANNING,0,1762537948238878,0.616957,0.001750,0.017374,1055.802002,3.328589,21.237053,-23.802837
SCANNING,1762537948260689,1762537948269217,0.617298,0.003740,0.014548,1055.882935,2.197255,21.237062,-23.802837
SCANNING,0,1762537948279285,0.619154,0.005857,0.012697,1055.910156,3.018031,21.237055,-23.802839
SCANNING,0,1762537948288885,0.619154,0.005857,0.012697,1055.937988,3.682440,21.237057,-23.802839
SCANNING,0,1762537948298810,0.619154,0.005857,0.012697,1055.964722,3.555195,21.237057,-23.802839
SCANNING,0,1762537948318963,0.619154,0.005857,0.012697,1056.016724,3.687156,21.237057,-23.802839
SCANNING,0,1762537948328923,0.619154,0.005857,0.012697,1056.041748,1.775091,21.237059,-23.802839
SCANNING,0,1762537948338804,0.619154,0.005857,0.012697,1056.070557,2.713421,21.237059,-23.802839
SCANNING,1762537948360829,1762537948369314,0.619154,0.005857,0.012697,1056.155640,3.119522,21.237059,-23.802839
SCANNING,0,1762537948379380,0.620124,0.006797,0.012544,1056.182251,2.854803,21.237061,-23.802835
SCANNING,0,1762537948388958,0.621093,0.007738,0.012391,1056.205933,2.557614,21.237057,-23.802835
SCANNING,0,1762537948398515,0.621093,0.007738,0.012391,1056.236450,2.548733,21.237057,-23.802835
SCANNING,0,1762537948418901,0.621093,0.007738,0.012391,1056.288818,3.282935,21.237053,-23.802835
SCANNING,0,1762537948428794,0.621093,0.007738,0.012391,1056.316528,3.369295,21.237057,-23.802835
SCANNING,0,1762537948438919,0.620124,0.006797,0.012544,1056.341309,2.757223,21.237061,-23.802835
SCANNING,1762537948460797,1762537948469197,0.621093,0.007738,0.012391,1056.422974,4.507234,21.237059,-23.802835
SCANNING,0,1762537948479303,0.621093,0.007738,0.012391,1056.449707,4.223263,21.237059,-23.802835
SCANNING,0,1762537948488915,0.621093,0.007738,0.012391,1056.473755,3.527066,21.237057,-23.802835
SCANNING,0,1762537948498558,0.621093,0.007738,0.012391,1056.495361,2.165703,21.237057,-23.802835
SCANNING,0,1762537948518850,0.621093,0.007738,0.012391,1056.546509,1.964952,21.237059,-23.802835
SCANNING,0,1762537948528466,0.621093,0.007738,0.012391,1056.572388,1.417579,21.237064,-23.802835
SCANNING,0,1762537948538788,0.621093,0.007738,0.012391,1056.597168,0.344829,21.237059,-23.802835
SCANNING,0,1762537948549663,0.621093,0.007738,0.012391,1056.628540,1.621075,21.237057,-23.802835
SCANNING,1762537948560788,1762537948568862,0.619895,0.007609,0.012856,1056.678955,1.477726,21.237059,-23.802835
SCANNING,0,1762537948578472,0.620525,0.010608,0.012250,1056.703613,1.921609,21.237061,-23.802839
SCANNING,0,1762537948588899,0.620210,0.009109,0.012553,1056.732788,1.376601,21.237057,-23.802839
SCANNING,0,1762537948598506,0.620525,0.010608,0.012250,1056.762939,2.218074,21.237059,-23.802839
SCANNING,0,1762537948618468,0.620525,0.010608,0.012250,1056.811157,4.457325,21.237059,-23.802839
SCANNING,0,1762537948628908,0.620525,0.010608,0.012250,1056.828613,2.317127,21.237059,-23.802839
SCANNING,0,1762537948638413,0.620210,0.009109,0.012553,1056.857056,2.180207,21.237057,-23.802839
SCANNING,1762537948660643,1762537948668314,0.620525,0.010608,0.012250,1056.937988,1.011690,21.237059,-23.802839
SCANNING,0,1762537948679274,0.621365,0.010723,0.011883,1056.965454,1.706501,21.237057,-23.802837
SCANNING,0,1762537948688894,0.620945,0.010665,0.012067,1056.991211,0.836501,21.237059,-23.802837
SCANNING,0,1762537948698564,0.621784,0.010780,0.011700,1057.017944,1.309837,21.237055,-23.802837
SCANNING,0,1762537948718513,0.621784,0.010780,0.011700,1057.070679,1.227851,21.237055,-23.802837
SCANNING,0,1762537948728872,0.622204,0.010838,0.011517,1057.101318,1.689906,21.237053,-23.802837
SCANNING,0,1762537948748833,0.621784,0.010780,0.011700,1057.157715,1.600010,21.237055,-23.802837
SCANNING,1762537948760647,1762537948759428,0.623044,0.010953,0.011150,1057.183472,0.964408,21.237049,-23.802837
SCANNING,0,1762537948769013,0.624890,0.012219,0.011965,1057.212158,2.644462,21.237053,-23.802837
SCANNING,0,1762537948778592,0.626274,0.013169,0.012576,1057.235840,0.507084,21.237059,-23.802834
SCANNING,0,1762537948788854,0.624428,0.011903,0.011761,1057.263062,0.455087,21.237055,-23.802834
SCANNING,0,1762537948798417,0.624428,0.011903,0.011761,1057.290649,1.506267,21.237055,-23.802834
SCANNING,0,1762537948818962,0.625351,0.012536,0.012168,1057.344238,1.687382,21.237057,-23.802834
SCANNING,0,1762537948828573,0.627197,0.013802,0.012983,1057.371826,1.274076,21.237062,-23.802834
SCANNING,0,1762537948837693,0.627197,0.013802,0.012983,1057.399170,1.956200,21.237061,-23.802834
SCANNING,1762537948860504,1762537948868966,0.627197,0.013802,0.012983,1057.482300,2.589954,21.237061,-23.802834
SCANNING,0,1762537948878604,0.629321,0.015224,0.012309,1057.506592,3.798326,21.237053,-23.802837
SCANNING,0,1762537948888670,0.628471,0.014655,0.012578,1057.532104,3.485067,21.237055,-23.802837
SCANNING,0,1762537948897749,0.629321,0.015224,0.012309,1057.553345,2.670201,21.237053,-23.802837
SCANNING,0,1762537948918947,0.627197,0.013802,0.012983,1057.609619,4.156753,21.237061,-23.802837
SCANNING,0,1762537948928653,0.627197,0.013802,0.012983,1057.637207,3.139649,21.237059,-23.802837
SCANNING,0,1762537948937686,0.627197,0.013802,0.012983,1057.655884,1.445086,21.237062,-23.802837
SCANNING,1762537948960674,1762537948968750,0.631020,0.016362,0.011769,1057.734375,0.945193,21.237049,-23.802837
SCANNING,0,1762537948978472,0.629600,0.016285,0.013420,1057.761475,0.349271,21.237057,-23.802835
SCANNING,0,1762537948988556,0.628654,0.016233,0.014521,1057.791626,1.287917,21.237061,-23.802835
SCANNING,0,1762537948997622,0.630073,0.016310,0.012870,1057.817749,2.959867,21.237055,-23.802835
SCANNING,0,1762537949018489,0.629127,0.016259,0.013970,1057.869995,4.232829,21.237059,-23.802835
SCANNING,0,1762537949027521,0.630073,0.016310,0.012870,1057.891602,2.239596,21.237055,-23.802835
SCANNING,0,1762537949038867,0.628417,0.016220,0.014796,1057.917480,1.793121,21.237062,-23.802835
SCANNING,1762537949060313,1762537949068477,0.628417,0.016220,0.014796,1057.996582,1.906821,21.237062,-23.802835
SCANNING,0,1762537949077630,0.630522,0.018536,0.016963,1058.029175,3.152890,21.237061,-23.802839
SCANNING,0,1762537949088855,0.628417,0.016220,0.014796,1058.055542,2.992244,21.237055,-23.802839
SCANNING,0,1762537949098378,0.628417,0.016220,0.014796,1058.084961,4.142192,21.237057,-23.802839
SCANNING,0,1762537949108995,0.628417,0.016220,0.014796,1058.109497,3.479836,21.237055,-23.802839
SCANNING,0,1762537949118598,0.628417,0.016220,0.014796,1058.136719,2.374722,21.237057,-23.802839
SCANNING,0,1762537949127735,0.630522,0.018536,0.016963,1058.164673,2.846664,21.237059,-23.802839
SCANNING,0,1762537949138857,0.628417,0.016220,0.014796,1058.194092,2.951569,21.237055,-23.802839
SCANNING,1762537949160844,1762537949168349,0.630522,0.018536,0.016963,1058.269897,2.442978,21.237059,-23.802839
SCANNING,0,1762537949178420,0.631417,0.019294,0.017825,1058.296265,2.724059,21.237059,-23.802835
SCANNING,0,1762537949188054,0.631417,0.019294,0.017825,1058.323486,2.418264,21.237055,-23.802835
SCANNING,0,1762537949198783,0.631417,0.019294,0.017825,1058.356201,3.849679,21.237053,-23.802835
SCANNING,0,1762537949218551,0.631417,0.019294,0.017825,1058.401123,1.081750,21.237055,-23.802835
SCANNING,0,1762537949228202,0.630969,0.018915,0.017394,1058.429688,1.281351,21.237062,-23.802835
SCANNING,0,1762537949238888,0.631417,0.019294,0.017825,1058.461670,3.011287,21.237061,-23.802835
SCANNING,1762537949260847,1762537949267472,0.631417,0.019294,0.017825,1058.540283,2.530927,21.237061,-23.802835
SCANNING,0,1762537949277367,0.631726,0.017616,0.018428,1058.563965,3.405543,21.237059,-23.802835
SCANNING,0,1762537949287437,0.631726,0.017616,0.018428,1058.595093,4.585797,21.237059,-23.802835
SCANNING,0,1762537949297311,0.632654,0.012583,0.020236,1058.623047,4.267021,21.237051,-23.802835
SCANNING,0,1762537949317471,0.632035,0.015939,0.019030,1058.671509,4.226796,21.237057,-23.802835
SCANNING,0,1762537949327354,0.631726,0.017616,0.018428,1058.694824,3.582083,21.237059,-23.802835
SCANNING,0,1762537949337305,0.632654,0.012583,0.020236,1058.723022,3.839203,21.237047,-23.802835
SCANNING,1762537949360706,1762537949367380,0.632654,0.012583,0.020236,1058.794067,1.110475,21.237053,-23.802835
SCANNING,0,1762537949377336,0.632508,0.012852,0.020095,1058.822632,1.721746,21.237051,-23.802839
SCANNING,0,1762537949387489,0.632217,0.013390,0.019813,1058.850342,2.758299,21.237059,-23.802839
SCANNING,0,1762537949397364,0.632217,0.013390,0.019813,1058.880127,3.792642,21.237059,-23.802839
SCANNING,0,1762537949417461,0.632217,0.013390,0.019813,1058.930054,4.836019,21.237057,-23.802839
SCANNING,0,1762537949427380,0.632217,0.013390,0.019813,1058.957031,3.879699,21.237057,-23.802839
SCANNING,0,1762537949437342,0.632217,0.013390,0.019813,1058.984863,4.252105,21.237055,-23.802839
SCANNING,1762537949460708,1762537949458694,0.632217,0.013390,0.019813,1059.037231,2.839282,21.237055,-23.802839
SCANNING,0,1762537949468280,0.632217,0.013390,0.019813,1059.064209,3.699858,21.237055,-23.802839
SCANNING,0,1762537949477482,0.632217,0.013390,0.019813,1059.096924,4.197911,21.237051,-23.802837
SCANNING,0,1762537949487423,0.632217,0.013390,0.019813,1059.125366,4.359544,21.237055,-23.802837
SCANNING,0,1762537949497289,0.632217,0.013390,0.019813,1059.147583,3.826864,21.237053,-23.802837
SCANNING,0,1762537949517432,0.634801,0.011491,0.020677,1059.200806,3.406995,21.237061,-23.802837
SCANNING,0,1762537949527351,0.632217,0.013390,0.019813,1059.230103,4.326576,21.237055,-23.802837
SCANNING,0,1762537949537372,0.632217,0.013390,0.019813,1059.257446,5.280988,21.237053,-23.802837
SCANNING,1762537949560712,1762537949568272,0.634801,0.011491,0.020677,1059.336914,4.569190,21.237061,-23.802837
SCANNING,0,1762537949577402,0.632573,0.009435,0.026788,1059.363892,3.755102,21.237055,-23.802835
SCANNING,0,1762537949587454,0.632573,0.009435,0.026788,1059.388794,3.443102,21.237053,-23.802835
SCANNING,0,1762537949597325,0.632573,0.009435,0.026788,1059.412109,3.858085,21.237055,-23.802835
SCANNING,0,1762537949617456,0.632573,0.009435,0.026788,1059.463013,2.062088,21.237057,-23.802835
SCANNING,0,1762537949627326,0.632573,0.009435,0.026788,1059.488647,1.252142,21.237059,-23.802835
SCANNING,0,1762537949637345,0.632573,0.009435,0.026788,1059.516968,1.727198,21.237055,-23.802835
SCANNING,1762537949660804,1762537949668317,0.632573,0.009435,0.026788,1059.597534,1.298927,21.237059,-23.802835
SCANNING,0,1762537949677432,0.632757,0.007321,0.027041,1059.625854,1.698425,21.237055,-23.802837
SCANNING,0,1762537949687455,0.632573,0.009435,0.026788,1059.651611,2.047118,21.237057,-23.802837
SCANNING,0,1762537949697337,0.633124,0.003094,0.027548,1059.676880,2.399479,21.237051,-23.802837
SCANNING,0,1762537949717410,0.633124,0.003094,0.027548,1059.732788,3.056174,21.237051,-23.802837
SCANNING,0,1762537949727357,0.632573,0.009435,0.026788,1059.762939,4.843255,21.237057,-23.802837
SCANNING,0,1762537949737346,0.632757,0.007321,0.027041,1059.784912,4.463461,21.237055,-23.802837
SCANNING,0,1762537949748582,0.632940,0.005208,0.027295,1059.802490,3.019982,21.237053,-23.802837
SCANNING,1762537949760747,1762537949768262,0.633124,0.003094,0.027548,1059.851196,1.076829,21.237051,-23.802837
SCANNING,0,1762537949777425,0.627459,0.004985,0.028812,1059.884399,2.195222,21.237055,-23.802828
SCANNING,0,1762537949787532,0.627459,0.004985,0.028812,1059.910889,2.264792,21.237057,-23.802828
SCANNING,0,1762537949797363,0.627459,0.004985,0.028812,1059.938110,2.713603,21.237057,-23.802828
SCANNING,0,1762537949817431,0.627459,0.004985,0.028812,1059.991699,3.128713,21.237055,-23.802828
SCANNING,0,1762537949827310,0.627459,0.004985,0.028812,1060.016968,2.165542,21.237053,-23.802828
SCANNING,0,1762537949837348,0.627459,0.004985,0.028812,1060.044189,2.431827,21.237057,-23.802828
SCANNING,1762537949860531,1762537949868291,0.627459,0.004985,0.028812,1060.128540,2.433272,21.237057,-23.802828
SCANNING,0,1762537949877434,0.628733,0.005038,0.029520,1060.155396,2.647744,21.237053,-23.802835
SCANNING,0,1762537949887455,0.628733,0.005038,0.029520,1060.182495,2.405845,21.237053,-23.802835
SCANNING,0,1762537949897310,0.629583,0.005074,0.029991,1060.208130,2.646863,21.237055,-23.802835
SCANNING,0,1762537949917499,0.630432,0.005109,0.030463,1060.263306,1.929432,21.237057,-23.802835
SCANNING,0,1762537949927341,0.630432,0.005109,0.030463,1060.288208,1.765847,21.237057,-23.802835
SCANNING,1762537949959868,1762537949967405,0.630432,0.005109,0.030463,1060.398193,3.600378,21.237057,-23.802835
SCANNING,0,1762537949977375,0.630432,0.005109,0.030463,1060.425049,3.837322,21.237051,-23.802834
SCANNING,0,1762537949987418,0.630432,0.005109,0.030463,1060.452271,4.262802,21.237053,-23.802834
SCANNING,0,1762537949997370,0.630432,0.005109,0.030463,1060.479736,3.701766,21.237057,-23.802834
SCANNING,0,1762537950017541,0.628796,0.003601,0.030923,1060.527954,3.226039,21.237059,-23.802834
SCANNING,0,1762537950027299,0.630432,0.005109,0.030463,1060.548096,1.665330,21.237051,-23.802834
SCANNING,0,1762537950037368,0.630432,0.005109,0.030463,1060.575073,2.035059,21.237049,-23.802834
KEY_PRESS_STOP,0,1762537949967405,0.630432,0.005109,0.030463,1060.398193,3.600378,0.000000,0.000000
MOTOR_STOPPING,1762537950059885,1762537950068358,0.625523,0.000584,0.031843,1060.647705,0.542608,21.237061,-23.802834
POST_STOP,0,1762537950077473,0.625230,0.000713,0.031665,1060.645386,-0.469908,21.237057,-23.802839
POST_STOP,0,1762537950087565,0.625523,0.000584,0.031843,1060.647095,-0.082388,21.237051,-23.802839
POST_STOP,0,1762537950097345,0.625523,0.000584,0.031843,1060.646118,-0.101454,21.237055,-23.802839
POST_STOP,0,1762537950117486,0.625523,0.000584,0.031843,1060.646118,-0.461317,21.237051,-23.802839
POST_STOP,0,1762537950127371,0.625523,0.000584,0.031843,1060.647217,0.411209,21.237047,-23.802839
POST_STOP,0,1762537950137343,0.625523,0.000584,0.031843,1060.645020,-0.659946,21.237051,-23.802839
POST_STOP,1762537950159498,1762537950167369,0.624058,0.001230,0.030951,1060.647827,0.213145,21.237061,-23.802839
POST_STOP,0,1762537950177448,0.622478,-0.001432,0.033040,1060.648071,0.576605,21.237055,-23.802830
POST_STOP,0,1762537950187442,0.622478,-0.001432,0.033040,1060.646606,-0.219750,21.237051,-23.802830
POST_STOP,0,1762537950197373,0.622478,-0.001432,0.033040,1060.646362,-0.290354,21.237055,-23.802830
POST_STOP,0,1762537950217522,0.622478,-0.001432,0.033040,1060.647461,0.071070,21.237053,-23.802830
POST_STOP,0,1762537950227351,0.622478,-0.001432,0.033040,1060.647217,0.079612,21.237049,-23.802830
POST_STOP,0,1762537950237364,0.622478,-0.001432,0.033040,1060.647095,0.080650,21.237055,-23.802830
POST_STOP,1762537950258361,1762537950267268,0.622478,-0.001432,0.033040,1060.647339,0.067255,21.237057,-23.802830
POST_STOP,0,1762537950277412,0.624393,-0.000160,0.030971,1060.648071,0.392186,21.237051,-23.802845
POST_STOP,0,1762537950287393,0.623542,-0.000725,0.031891,1060.647095,-0.034275,21.237047,-23.802845
POST_STOP,0,1762537950296517,0.624393,-0.000160,0.030971,1060.647949,0.072368,21.237053,-23.802845
POST_STOP,0,1762537950316498,0.624393,-0.000160,0.030971,1060.647339,-0.251417,21.237059,-23.802845
POST_STOP,0,1762537950327364,0.624393,-0.000160,0.030971,1060.647095,-0.176570,21.237051,-23.802845
POST_STOP,0,1762537950337325,0.624393,-0.000160,0.030971,1060.647339,-0.252017,21.237055,-23.802845
POST_STOP,1762537950358105,1762537950367823,0.624393,-0.000160,0.030971,1060.647461,0.121892,21.237051,-23.802845
POST_STOP,0,1762537950376494,0.623274,-0.001285,0.033025,1060.647827,-0.387569,21.237055,-23.802832
POST_STOP,0,1762537950387322,0.623522,-0.001035,0.032568,1060.646362,-0.201705,21.237057,-23.802832
POST_STOP,0,1762537950397347,0.623274,-0.001285,0.033025,1060.647583,-0.054470,21.237055,-23.802832
POST_STOP,0,1762537950416523,0.623274,-0.001285,0.033025,1060.647339,0.090986,21.237055,-23.802832
POST_STOP,0,1762537950427346,0.623025,-0.001535,0.033481,1060.647705,-0.014146,21.237049,-23.802832
POST_STOP,0,1762537950436436,0.623025,-0.001535,0.033481,1060.647827,0.160699,21.237051,-23.802832
POST_STOP,1762537950460775,1762537950467800,0.623025,-0.001535,0.033481,1060.647461,-0.267318,21.237053,-23.802832
POST_STOP,0,1762537950477451,0.621994,-0.003832,0.033943,1060.648682,0.716190,21.237057,-23.802835
POST_STOP,0,1762537950487523,0.622819,-0.001994,0.033573,1060.648193,0.292783,21.237051,-23.802835
POST_STOP,0,1762537950496576,0.622406,-0.002913,0.033758,1060.646973,-0.046774,21.237053,-23.802835
POST_STOP,0,1762537950517462,0.622406,-0.002913,0.033758,1060.645874,-0.772775,21.237053,-23.802835
POST_STOP,0,1762537950526628,0.621994,-0.003832,0.033943,1060.648438,0.503871,21.237059,-23.802835
POST_STOP,0,1762537950537833,0.621994,-0.003832,0.033943,1060.647949,0.319042,21.237057,-23.802835
POST_STOP,1762537950560780,1762537950566460,0.621994,-0.003832,0.033943,1060.648193,0.103568,21.237055,-23.802835
POST_STOP,0,1762537950576417,0.620114,-0.005878,0.034138,1060.647705,0.327871,21.237053,-23.802830
POST_STOP,0,1762537950586411,0.620114,-0.005878,0.034138,1060.647095,-0.012821,21.237057,-23.802830
POST_STOP,0,1762537950596339,0.620114,-0.005878,0.034138,1060.646118,-0.524544,21.237051,-23.802830
POST_STOP,0,1762537950616438,0.620114,-0.005878,0.034138,1060.647461,0.032338,21.237047,-23.802830
POST_STOP,0,1762537950626311,0.620114,-0.005878,0.034138,1060.647583,0.152349,21.237053,-23.802830
POST_STOP,0,1762537950636346,0.620114,-0.005878,0.034138,1060.647217,0.034985,21.237057,-23.802830
POST_STOP,1762537950660791,1762537950667329,0.620114,-0.005878,0.034138,1060.648682,0.434871,21.237059,-23.802830
POST_STOP,0,1762537950676449,0.620114,-0.005878,0.034138,1060.647461,-0.203722,21.237049,-23.802834
POST_STOP,0,1762537950686474,0.620114,-0.005878,0.034138,1060.646606,-0.104341,21.237053,-23.802834
POST_STOP,0,1762537950696428,0.617723,-0.006255,0.033015,1060.646362,-0.460476,21.237057,-23.802834
POST_STOP,0,1762537950716456,0.620114,-0.005878,0.034138,1060.647583,0.073080,21.237053,-23.802834
POST_STOP,0,1762537950726374,0.620114,-0.005878,0.034138,1060.647339,-0.252255,21.237055,-23.802834
POST_STOP,0,1762537950736333,0.620114,-0.005878,0.034138,1060.647461,-0.011709,21.237053,-23.802834
POST_STOP,1762537950760684,1762537950767318,0.617723,-0.006255,0.033015,1060.647461,-0.250070,21.237057,-23.802834
POST_STOP,0,1762537950776467,0.617723,-0.006255,0.033015,1060.647827,0.252280,21.237055,-23.802834
POST_STOP,0,1762537950786444,0.617723,-0.006255,0.033015,1060.647949,-0.102837,21.237051,-23.802834
POST_STOP,0,1762537950796309,0.617723,-0.006255,0.033015,1060.647583,0.256102,21.237057,-23.802834
POST_STOP,0,1762537950816464,0.617723,-0.006255,0.033015,1060.647705,-0.159262,21.237053,-23.802834
POST_STOP,0,1762537950826319,0.617723,-0.006255,0.033015,1060.647827,-0.021235,21.237055,-23.802834
POST_STOP,0,1762537950836283,0.617723,-0.006255,0.033015,1060.647949,0.027792,21.237045,-23.802834
POST_STOP,0,1762537950847602,0.617723,-0.006255,0.033015,1060.647339,-0.324414,21.237053,-23.802834
POST_STOP,1762537950860798,1762537950866400,0.614767,-0.007180,0.031630,1060.647461,-0.107004,21.237059,-23.802834
POST_STOP,0,1762537950876399,0.614751,-0.006400,0.029324,1060.648193,0.274145,21.237055,-23.802834
POST_STOP,0,1762537950886419,0.614751,-0.006400,0.029324,1060.647339,-0.027151,21.237053,-23.802834
POST_STOP,0,1762537950896477,0.614767,-0.007180,0.031630,1060.647949,0.153124,21.237059,-23.802834
POST_STOP,0,1762537950916444,0.614751,-0.006400,0.029324,1060.647827,0.094344,21.237049,-23.802834
POST_STOP,0,1762537950926327,0.614751,-0.006400,0.029324,1060.647217,-0.070737,21.237055,-23.802834
POST_STOP,0,1762537950936322,0.614751,-0.006400,0.029324,1060.648193,0.300310,21.237051,-23.802834
POST_STOP,0,1762537950947622,0.614751,-0.006400,0.029324,1060.646362,-0.466804,21.237055,-23.802834
POST_STOP,1762537950960674,1762537950967300,0.614751,-0.006400,0.029324,1060.648071,0.354019,21.237057,-23.802834
POST_STOP,0,1762537950976444,0.614419,-0.006189,0.025460,1060.648560,0.364618,21.237051,-23.802834
POST_STOP,0,1762537950986479,0.614419,-0.006189,0.025460,1060.646362,-0.523777,21.237053,-23.802834
POST_STOP,0,1762537950996350,0.614751,-0.006400,0.029324,1060.647217,-0.214110,21.237057,-23.802834
POST_STOP,0,1762537951016482,0.614419,-0.006189,0.025460,1060.647827,0.066259,21.237053,-23.802834
POST_STOP,0,1762537951026381,0.614585,-0.006295,0.027392,1060.646484,-0.481707,21.237055,-23.802834
POST_STOP,0,1762537951036335,0.614751,-0.006400,0.029324,1060.647583,-0.040027,21.237057,-23.802834
POST_STOP,1762537951060065,1762537951067324,0.614419,-0.006189,0.025460,1060.646973,-0.312454,21.237053,-23.802834
POST_STOP,0,1762537951076447,0.614633,-0.005721,0.024954,1060.647095,-0.231949,21.237057,-23.802828
POST_STOP,0,1762537951086520,0.614846,-0.005252,0.024448,1060.648193,0.163143,21.237055,-23.802828
POST_STOP,0,1762537951096414,0.615060,-0.004784,0.023943,1060.648315,0.114990,21.237053,-23.802828
POST_STOP,0,1762537951116499,0.615273,-0.004315,0.023437,1060.646240,-0.385922,21.237051,-23.802828
POST_STOP,0,1762537951126330,0.614633,-0.005721,0.024954,1060.647705,0.329404,21.237057,-23.802828
POST_STOP,0,1762537951136376,0.615487,-0.003847,0.022931,1060.647339,-0.169192,21.237049,-23.802828
POST_STOP,0,1762537951146295,0.615060,-0.004784,0.023943,1060.646851,-0.409735,21.237053,-23.802828
POST_STOP,1762537951160624,1762537951166788,0.615487,-0.003847,0.022931,1060.647827,0.242778,21.237049,-23.802828
POST_STOP,0,1762537951176365,0.616412,-0.003654,0.023934,1060.647461,-0.114533,21.237059,-23.802837
POST_STOP,0,1762537951186406,0.616412,-0.003654,0.023934,1060.648926,0.469957,21.237055,-23.802837
POST_STOP,0,1762537951196349,0.616412,-0.003654,0.023934,1060.649048,0.482564,21.237059,-23.802837
POST_STOP,0,1762537951216430,0.616165,-0.003705,0.023667,1060.647217,-0.250998,21.237051,-23.802837
POST_STOP,0,1762537951226497,0.616165,-0.003705,0.023667,1060.647461,-0.167172,21.237051,-23.802837
POST_STOP,0,1762537951236331,0.616412,-0.003654,0.023934,1060.647827,0.096169,21.237057,-23.802837
POST_STOP,0,1762537951246350,0.616412,-0.003654,0.023934,1060.647583,0.131515,21.237055,-23.802837
POST_STOP,1762537951260554,1762537951267231,0.616412,-0.003654,0.023934,1060.646240,-0.459153,21.237055,-23.802837
POST_STOP,0,1762537951276370,0.615722,-0.001166,0.023647,1060.647705,-0.093178,21.237051,-23.802835
POST_STOP,0,1762537951286400,0.616412,-0.003654,0.023934,1060.647217,-0.296327,21.237059,-23.802835
POST_STOP,0,1762537951296354,0.616067,-0.002410,0.023790,1060.648438,0.259605,21.237055,-23.802835
POST_STOP,0,1762537951316469,0.616412,-0.003654,0.023934,1060.648926,0.498249,21.237057,-23.802835
POST_STOP,0,1762537951326476,0.616412,-0.003654,0.023934,1060.648315,0.263543,21.237061,-23.802835
POST_STOP,0,1762537951336315,0.616067,-0.002410,0.023790,1060.647339,0.044254,21.237055,-23.802835
POST_STOP,1762537951360801,1762537951366732,0.615722,-0.001166,0.023647,1060.648682,0.263057,21.237053,-23.802835
POST_STOP,0,1762537951375476,0.615720,-0.000364,0.025019,1060.648804,0.331392,21.237055,-23.802830
POST_STOP,0,1762537951386353,0.615720,-0.000364,0.025019,1060.647705,-0.241124,21.237055,-23.802830
POST_STOP,0,1762537951396367,0.615719,0.000170,0.025934,1060.648193,0.190986,21.237053,-23.802830
POST_STOP,0,1762537951416459,0.615722,-0.001166,0.023647,1060.647949,0.094467,21.237059,-23.802830
POST_STOP,0,1762537951426347,0.615719,0.000170,0.025934,1060.646729,-0.442912,21.237049,-23.802830
POST_STOP,0,1762537951436381,0.615721,-0.000899,0.024104,1060.648071,0.119296,21.237057,-23.802830
POST_STOP,1762537951460721,1762537951466782,0.615719,0.000170,0.025934,1060.647461,-0.144874,21.237053,-23.802830
POST_STOP,0,1762537951475905,0.615719,0.000170,0.025934,1060.648071,-0.009860,21.237059,-23.802832
POST_STOP,0,1762537951486358,0.615719,0.000170,0.025934,1060.648438,0.373197,21.237051,-23.802832
POST_STOP,0,1762537951496355,0.615719,0.000170,0.025934,1060.648071,0.230250,21.237055,-23.802832
POST_STOP,0,1762537951516437,0.615719,0.000170,0.025934,1060.646606,-0.227128,21.237055,-23.802832
POST_STOP,0,1762537951526385,0.615719,0.000170,0.025934,1060.649170,0.296583,21.237057,-23.802832
POST_STOP,0,1762537951536352,0.615719,0.000170,0.025934,1060.648071,0.141443,21.237059,-23.802832
ARDUINO_STOP,0,1762537951466782,0.615719,0.000170,0.025934,1060.647461,-0.144874,0.000000,0.000000
