loc_index,x,y
0.000000000000000000e+00,-2.197083399999999465e+00,-1.939279999999999893e-01
1.000000000000000000e+00,-2.196083323043943825e+00,-1.939106155412647359e-01
2.000000000000000000e+00,-2.195083246087888185e+00,-1.938932310825294547e-01
3.000000000000000000e+00,-2.194083169131832101e+00,-1.938758466237942013e-01
4.000000000000000000e+00,-2.193083092175776461e+00,-1.938584621650589479e-01
5.000000000000000000e+00,-2.192083015219720821e+00,-1.938410777063236667e-01
6.000000000000000000e+00,-2.191082938263665181e+00,-1.938236932475884133e-01
7.000000000000000000e+00,-2.190082861307609541e+00,-1.938063087888531599e-01
8.000000000000000000e+00,-2.189082784351553457e+00,-1.937889243301178788e-01
9.000000000000000000e+00,-2.188082707395497817e+00,-1.937715398713826254e-01
1.000000000000000000e+01,-2.187082630439442177e+00,-1.937541554126473720e-01
1.100000000000000000e+01,-2.186082553483386537e+00,-1.937367709539120908e-01
1.200000000000000000e+01,-2.185082476527330453e+00,-1.937193864951768374e-01
1.300000000000000000e+01,-2.184082399571274813e+00,-1.937020020364415840e-01
1.400000000000000000e+01,-2.183082322615219173e+00,-1.936846175777063028e-01
1.500000000000000000e+01,-2.182082245659163533e+00,-1.936672331189710494e-01
1.600000000000000000e+01,-2.181082168703107893e+00,-1.936498486602357960e-01
1.700000000000000000e+01,-2.180082091747051809e+00,-1.936324642015005149e-01
1.800000000000000000e+01,-2.179082014790996169e+00,-1.936150797427652615e-01
1.900000000000000000e+01,-2.178081937834940529e+00,-1.935976952840300080e-01
2.000000000000000000e+01,-2.177081860878884889e+00,-1.935803108252947269e-01
2.100000000000000000e+01,-2.176081783922829249e+00,-1.935629263665594735e-01
2.200000000000000000e+01,-2.175081706966773165e+00,-1.935455419078242201e-01
2.300000000000000000e+01,-2.174081630010717525e+00,-1.935281574490889389e-01
2.400000000000000000e+01,-2.173081553054661885e+00,-1.935107729903536855e-01
2.500000000000000000e+01,-2.172081476098606245e+00,-1.934933885316184321e-01
2.600000000000000000e+01,-2.171081399142550161e+00,-1.934760040728831509e-01
2.700000000000000000e+01,-2.170081322186494521e+00,-1.934586196141478975e-01
2.800000000000000000e+01,-2.169081245230438881e+00,-1.934412351554126441e-01
2.900000000000000000e+01,-2.168081168274383241e+00,-1.934238506966773630e-01
3.000000000000000000e+01,-2.167081091318327601e+00,-1.934064662379421096e-01
3.100000000000000000e+01,-2.166081014362271517e+00,-1.933890817792068562e-01
3.200000000000000000e+01,-2.165080937406215877e+00,-1.933716973204715750e-01
3.300000000000000000e+01,-2.164080860450160237e+00,-1.933543128617363216e-01
3.400000000000000000e+01,-2.163080783494104598e+00,-1.933369284030010682e-01
3.500000000000000000e+01,-2.162080706538048958e+00,-1.933195439442657870e-01
3.600000000000000000e+01,-2.161080629581992874e+00,-1.933021594855305336e-01
3.700000000000000000e+01,-2.160080552625937234e+00,-1.932847750267952802e-01
3.800000000000000000e+01,-2.159080475669881594e+00,-1.932673905680599991e-01
3.900000000000000000e+01,-2.158080398713825954e+00,-1.932500061093247457e-01
4.000000000000000000e+01,-2.157080321757770314e+00,-1.932326216505894922e-01
4.100000000000000000e+01,-2.156080244801714230e+00,-1.932152371918542111e-01
4.200000000000000000e+01,-2.155080167845658590e+00,-1.931978527331189577e-01
4.300000000000000000e+01,-2.154080090889602950e+00,-1.931804682743837043e-01
4.400000000000000000e+01,-2.153080013933547310e+00,-1.931630838156484231e-01
4.500000000000000000e+01,-2.152079936977491226e+00,-1.931456993569131697e-01
4.600000000000000000e+01,-2.151079860021435586e+00,-1.931283148981779163e-01
4.700000000000000000e+01,-2.150079783065379946e+00,-1.931109304394426351e-01
4.800000000000000000e+01,-2.149079706109324306e+00,-1.930935459807073817e-01
4.900000000000000000e+01,-2.148079629153268666e+00,-1.930761615219721283e-01
5.000000000000000000e+01,-2.147079552197212582e+00,-1.930587770632368472e-01
5.100000000000000000e+01,-2.146079475241156942e+00,-1.930413926045015938e-01
5.200000000000000000e+01,-2.145079398285101302e+00,-1.930240081457663404e-01
5.300000000000000000e+01,-2.144079321329045662e+00,-1.930066236870310592e-01
5.400000000000000000e+01,-2.143079244372990022e+00,-1.929892392282958058e-01
5.500000000000000000e+01,-2.142079167416933938e+00,-1.929718547695605524e-01
5.600000000000000000e+01,-2.141079090460878298e+00,-1.929544703108252712e-01
5.700000000000000000e+01,-2.140079013504822658e+00,-1.929370858520900178e-01
5.800000000000000000e+01,-2.139078936548767018e+00,-1.929197013933547644e-01
5.900000000000000000e+01,-2.138078859592710934e+00,-1.929023169346194833e-01
6.000000000000000000e+01,-2.137078782636655294e+00,-1.928849324758842299e-01
6.100000000000000000e+01,-2.136078705680599654e+00,-1.928675480171489764e-01
6.200000000000000000e+01,-2.135078628724544014e+00,-1.928501635584136953e-01
6.300000000000000000e+01,-2.134078551768488374e+00,-1.928327790996784419e-01
6.400000000000000000e+01,-2.133078474812432290e+00,-1.928153946409431885e-01
6.500000000000000000e+01,-2.132078397856376650e+00,-1.927980101822079073e-01
6.600000000000000000e+01,-2.131078320900321010e+00,-1.927806257234726539e-01
6.700000000000000000e+01,-2.130078243944265370e+00,-1.927632412647374005e-01
6.800000000000000000e+01,-2.129078166988209730e+00,-1.927458568060021193e-01
6.900000000000000000e+01,-2.128078090032153646e+00,-1.927284723472668659e-01
7.000000000000000000e+01,-2.127078013076098006e+00,-1.927110878885316125e-01
7.100000000000000000e+01,-2.126077936120042366e+00,-1.926937034297963591e-01
7.200000000000000000e+01,-2.125077859163986727e+00,-1.926763189710610780e-01
7.300000000000000000e+01,-2.124077782207931087e+00,-1.926589345123258246e-01
7.400000000000000000e+01,-2.123077705251875003e+00,-1.926415500535905712e-01
7.500000000000000000e+01,-2.122077628295819363e+00,-1.926241655948552900e-01
7.600000000000000000e+01,-2.121077551339763723e+00,-1.926067811361200366e-01
7.700000000000000000e+01,-2.120077474383708083e+00,-1.925893966773847832e-01
7.800000000000000000e+01,-2.119077397427651999e+00,-1.925720122186495020e-01
7.900000000000000000e+01,-2.118077320471596359e+00,-1.925546277599142486e-01
8.000000000000000000e+01,-2.117077243515540719e+00,-1.925372433011789952e-01
8.100000000000000000e+01,-2.116077166559485079e+00,-1.925198588424437141e-01
8.200000000000000000e+01,-2.115077089603429439e+00,-1.925024743837084606e-01
8.300000000000000000e+01,-2.114077012647373355e+00,-1.924850899249732072e-01
8.400000000000000000e+01,-2.113076935691317715e+00,-1.924677054662379261e-01
8.500000000000000000e+01,-2.112076858735262075e+00,-1.924503210075026727e-01
8.600000000000000000e+01,-2.111076781779206435e+00,-1.924329365487674193e-01
8.700000000000000000e+01,-2.110076704823150795e+00,-1.924155520900321381e-01
8.800000000000000000e+01,-2.109076627867094711e+00,-1.923981676312968847e-01
8.900000000000000000e+01,-2.108076550911039071e+00,-1.923807831725616313e-01
9.000000000000000000e+01,-2.107076473954983431e+00,-1.923633987138263501e-01
9.100000000000000000e+01,-2.106076396998927791e+00,-1.923460142550910967e-01
9.200000000000000000e+01,-2.105076320042871707e+00,-1.923286297963558433e-01
9.300000000000000000e+01,-2.104076243086816067e+00,-1.923112453376205622e-01
9.400000000000000000e+01,-2.103076166130760427e+00,-1.922938608788853088e-01
9.500000000000000000e+01,-2.102076089174704787e+00,-1.922764764201500554e-01
9.600000000000000000e+01,-2.101076012218649147e+00,-1.922590919614147742e-01
9.700000000000000000e+01,-2.100075935262593063e+00,-1.922417075026795208e-01
9.800000000000000000e+01,-2.099075858306537423e+00,-1.922243230439442674e-01
9.900000000000000000e+01,-2.098075781350481783e+00,-1.922069385852089862e-01
1.000000000000000000e+02,-2.097075704394426143e+00,-1.921895541264737328e-01
1.010000000000000000e+02,-2.096075627438370503e+00,-1.921721696677384794e-01
1.020000000000000000e+02,-2.095075550482314419e+00,-1.921547852090031983e-01
1.030000000000000000e+02,-2.094075473526258779e+00,-1.921374007502679448e-01
1.040000000000000000e+02,-2.093075396570203139e+00,-1.921200162915326914e-01
1.050000000000000000e+02,-2.092075319614147499e+00,-1.921026318327974103e-01
1.060000000000000000e+02,-2.091075242658091859e+00,-1.920852473740621569e-01
1.070000000000000000e+02,-2.090075165702035775e+00,-1.920678629153269035e-01
1.080000000000000000e+02,-2.089075088745980135e+00,-1.920504784565916223e-01
1.090000000000000000e+02,-2.088075011789924496e+00,-1.920330939978563689e-01
1.100000000000000000e+02,-2.087074934833868856e+00,-1.920157095391211155e-01
1.110000000000000000e+02,-2.086074857877812772e+00,-1.919983250803858343e-01
1.120000000000000000e+02,-2.085074780921757132e+00,-1.919809406216505809e-01
1.130000000000000000e+02,-2.084074703965701492e+00,-1.919635561629153275e-01
1.140000000000000000e+02,-2.083074627009645852e+00,-1.919461717041800464e-01
1.150000000000000000e+02,-2.082074550053590212e+00,-1.919287872454447930e-01
1.160000000000000000e+02,-2.081074473097534128e+00,-1.919114027867095396e-01
1.170000000000000000e+02,-2.080074396141478488e+00,-1.918940183279742584e-01
1.180000000000000000e+02,-2.079074319185422848e+00,-1.918766338692390050e-01
1.190000000000000000e+02,-2.078074242229367208e+00,-1.918592494105037516e-01
1.200000000000000000e+02,-2.077074165273311568e+00,-1.918418649517684704e-01
1.210000000000000000e+02,-2.076074088317255484e+00,-1.918244804930332170e-01
1.220000000000000000e+02,-2.075074011361199844e+00,-1.918070960342979636e-01
1.230000000000000000e+02,-2.074073934405144204e+00,-1.917897115755626825e-01
1.240000000000000000e+02,-2.073073857449088564e+00,-1.917723271168274290e-01
1.250000000000000000e+02,-2.072073780493032480e+00,-1.917549426580921756e-01
1.260000000000000000e+02,-2.071073703536976840e+00,-1.917375581993568945e-01
1.270000000000000000e+02,-2.070073626580921200e+00,-1.917201737406216411e-01
1.280000000000000000e+02,-2.069073549624865560e+00,-1.917027892818863877e-01
1.290000000000000000e+02,-2.068073472668809920e+00,-1.916854048231511065e-01
1.300000000000000000e+02,-2.067073395712753836e+00,-1.916680203644158531e-01
1.310000000000000000e+02,-2.066073318756698196e+00,-1.916506359056805997e-01
1.320000000000000000e+02,-2.065073241800642556e+00,-1.916332514469453185e-01
1.330000000000000000e+02,-2.064073164844586916e+00,-1.916158669882100651e-01
1.340000000000000000e+02,-2.063073087888531276e+00,-1.915984825294748117e-01
1.350000000000000000e+02,-2.062073010932475192e+00,-1.915810980707395306e-01
1.360000000000000000e+02,-2.061072933976419552e+00,-1.915637136120042772e-01
1.370000000000000000e+02,-2.060072857020363912e+00,-1.915463291532690238e-01
1.380000000000000000e+02,-2.059072780064308272e+00,-1.915289446945337426e-01
1.390000000000000000e+02,-2.058072703108252632e+00,-1.915115602357984892e-01
1.400000000000000000e+02,-2.057072626152196548e+00,-1.914941757770632358e-01
1.410000000000000000e+02,-2.056072549196140908e+00,-1.914767913183279546e-01
1.420000000000000000e+02,-2.055072472240085268e+00,-1.914594068595927012e-01
1.430000000000000000e+02,-2.054072395284029628e+00,-1.914420224008574478e-01
1.440000000000000000e+02,-2.053072318327973544e+00,-1.914246379421221667e-01
1.450000000000000000e+02,-2.052072241371917904e+00,-1.914072534833869133e-01
1.460000000000000000e+02,-2.051072164415862265e+00,-1.913898690246516598e-01
1.470000000000000000e+02,-2.050072087459806625e+00,-1.913724845659163787e-01
1.480000000000000000e+02,-2.049072010503750985e+00,-1.913551001071811253e-01
1.490000000000000000e+02,-2.048071933547694901e+00,-1.913377156484458719e-01
1.500000000000000000e+02,-2.047071856591639261e+00,-1.913203311897105907e-01
1.510000000000000000e+02,-2.046071779635583621e+00,-1.913029467309753373e-01
1.520000000000000000e+02,-2.045071702679527981e+00,-1.912855622722400839e-01
1.530000000000000000e+02,-2.044071625723472341e+00,-1.912681778135048027e-01
1.540000000000000000e+02,-2.043071548767416257e+00,-1.912507933547695493e-01
1.550000000000000000e+02,-2.042071471811360617e+00,-1.912334088960342959e-01
1.560000000000000000e+02,-2.041071394855304977e+00,-1.912160244372990148e-01
1.570000000000000000e+02,-2.040071317899249337e+00,-1.911986399785637614e-01
1.580000000000000000e+02,-2.039071240943193253e+00,-1.911812555198285080e-01
1.590000000000000000e+02,-2.038071163987137613e+00,-1.911638710610932268e-01
1.600000000000000000e+02,-2.037071087031081973e+00,-1.911464866023579734e-01
1.610000000000000000e+02,-2.036071010075026333e+00,-1.911291021436227200e-01
1.620000000000000000e+02,-2.035070933118970693e+00,-1.911117176848874388e-01
1.630000000000000000e+02,-2.034070856162914609e+00,-1.910943332261521854e-01
1.640000000000000000e+02,-2.033070779206858969e+00,-1.910769487674169320e-01
1.650000000000000000e+02,-2.032070702250803329e+00,-1.910595643086816509e-01
1.660000000000000000e+02,-2.031070625294747689e+00,-1.910421798499463975e-01
1.670000000000000000e+02,-2.030070548338692049e+00,-1.910247953912111440e-01
1.680000000000000000e+02,-2.029070471382635965e+00,-1.910074109324758629e-01
1.690000000000000000e+02,-2.028070394426580325e+00,-1.909900264737406095e-01
1.700000000000000000e+02,-2.027070317470524685e+00,-1.909726420150053561e-01
1.710000000000000000e+02,-2.026070240514469045e+00,-1.909552575562700749e-01
1.720000000000000000e+02,-2.025070163558413405e+00,-1.909378730975348215e-01
1.730000000000000000e+02,-2.024070086602357321e+00,-1.909204886387995681e-01
1.740000000000000000e+02,-2.023070009646301681e+00,-1.909031041800642869e-01
1.750000000000000000e+02,-2.022069932690246041e+00,-1.908857197213290335e-01
1.760000000000000000e+02,-2.021069855734190401e+00,-1.908683352625937801e-01
1.770000000000000000e+02,-2.020069778778134761e+00,-1.908509508038584990e-01
1.780000000000000000e+02,-2.019069701822078677e+00,-1.908335663451232456e-01
1.790000000000000000e+02,-2.018069624866023037e+00,-1.908161818863879922e-01
1.800000000000000000e+02,-2.017069547909967397e+00,-1.907987974276527110e-01
1.810000000000000000e+02,-2.016069470953911758e+00,-1.907814129689174576e-01
1.820000000000000000e+02,-2.015069393997855673e+00,-1.907640285101822042e-01
1.830000000000000000e+02,-2.014069317041800034e+00,-1.907466440514469230e-01
1.840000000000000000e+02,-2.013069240085744394e+00,-1.907292595927116696e-01
1.850000000000000000e+02,-2.012069163129688754e+00,-1.907118751339764162e-01
1.860000000000000000e+02,-2.011069086173633114e+00,-1.906944906752411351e-01
1.870000000000000000e+02,-2.010069009217577030e+00,-1.906771062165058817e-01
1.880000000000000000e+02,-2.009068932261521390e+00,-1.906597217577706282e-01
1.890000000000000000e+02,-2.008068855305465750e+00,-1.906423372990353471e-01
1.900000000000000000e+02,-2.007068778349410110e+00,-1.906249528403000937e-01
1.910000000000000000e+02,-2.006068701393354470e+00,-1.906075683815648403e-01
1.920000000000000000e+02,-2.005068624437298386e+00,-1.905901839228295591e-01
1.930000000000000000e+02,-2.004068547481242746e+00,-1.905727994640943057e-01
1.940000000000000000e+02,-2.003068470525187106e+00,-1.905554150053590523e-01
1.950000000000000000e+02,-2.002068393569131466e+00,-1.905380305466237711e-01
1.960000000000000000e+02,-2.001068316613075382e+00,-1.905206460878885177e-01
1.970000000000000000e+02,-2.000068239657019742e+00,-1.905032616291532643e-01
1.980000000000000000e+02,-1.999068162700964102e+00,-1.904858771704179832e-01
1.990000000000000000e+02,-1.998068085744908462e+00,-1.904684927116827298e-01
2.000000000000000000e+02,-1.997068008788852600e+00,-1.904511082529474764e-01
2.010000000000000000e+02,-1.996067931832796960e+00,-1.904337237942121952e-01
2.020000000000000000e+02,-1.995067854876741098e+00,-1.904163393354769418e-01
2.030000000000000000e+02,-1.994067777920685458e+00,-1.903989548767416884e-01
2.040000000000000000e+02,-1.993067700964629818e+00,-1.903815704180064072e-01
2.050000000000000000e+02,-1.992067624008573956e+00,-1.903641859592711538e-01
2.060000000000000000e+02,-1.991067547052518316e+00,-1.903468015005359004e-01
2.070000000000000000e+02,-1.990067470096462454e+00,-1.903294170418006193e-01
2.080000000000000000e+02,-1.989067393140406814e+00,-1.903120325830653659e-01
2.090000000000000000e+02,-1.988067316184351174e+00,-1.902946481243301124e-01
2.100000000000000000e+02,-1.987067239228295312e+00,-1.902772636655948313e-01
2.110000000000000000e+02,-1.986067162272239450e+00,-1.902598792068595779e-01
2.120000000000000000e+02,-1.985067085316183810e+00,-1.902424947481243245e-01
2.130000000000000000e+02,-1.984067008360128170e+00,-1.902251102893890711e-01
2.140000000000000000e+02,-1.983066931404072308e+00,-1.902077258306537899e-01
2.150000000000000000e+02,-1.982066854448016668e+00,-1.901903413719185365e-01
2.160000000000000000e+02,-1.981066777491960806e+00,-1.901729569131832831e-01
2.170000000000000000e+02,-1.980066700535905166e+00,-1.901555724544480019e-01
2.180000000000000000e+02,-1.979066623579849526e+00,-1.901381879957127485e-01
2.190000000000000000e+02,-1.978066546623793664e+00,-1.901208035369774951e-01
2.200000000000000000e+02,-1.977066469667738025e+00,-1.901034190782422140e-01
2.210000000000000000e+02,-1.976066392711682163e+00,-1.900860346195069606e-01
2.220000000000000000e+02,-1.975066315755626523e+00,-1.900686501607717072e-01
2.230000000000000000e+02,-1.974066238799570883e+00,-1.900512657020364260e-01
2.240000000000000000e+02,-1.973066161843515021e+00,-1.900338812433011726e-01
2.250000000000000000e+02,-1.972066084887459381e+00,-1.900164967845659192e-01
2.260000000000000000e+02,-1.971066007931403519e+00,-1.899991123258306380e-01
2.270000000000000000e+02,-1.970065930975347879e+00,-1.899817278670953846e-01
2.280000000000000000e+02,-1.969065854019292017e+00,-1.899643434083601312e-01
2.290000000000000000e+02,-1.968065777063236377e+00,-1.899469589496248501e-01
2.300000000000000000e+02,-1.967065700107180515e+00,-1.899295744908895966e-01
2.310000000000000000e+02,-1.966065623151124875e+00,-1.899121900321543432e-01
2.320000000000000000e+02,-1.965065546195069235e+00,-1.898948055734190621e-01
2.330000000000000000e+02,-1.964065469239013373e+00,-1.898774211146838087e-01
2.340000000000000000e+02,-1.963065392282957733e+00,-1.898600366559485553e-01
2.350000000000000000e+02,-1.962065315326901871e+00,-1.898426521972132741e-01
2.360000000000000000e+02,-1.961065238370846231e+00,-1.898252677384780207e-01
2.370000000000000000e+02,-1.960065161414790591e+00,-1.898078832797427673e-01
2.380000000000000000e+02,-1.959065084458734729e+00,-1.897904988210074861e-01
2.390000000000000000e+02,-1.958065007502679089e+00,-1.897731143622722327e-01
2.400000000000000000e+02,-1.957064930546623227e+00,-1.897557299035369793e-01
2.410000000000000000e+02,-1.956064853590567587e+00,-1.897383454448016982e-01
2.420000000000000000e+02,-1.955064776634511725e+00,-1.897209609860664448e-01
2.430000000000000000e+02,-1.954064699678456085e+00,-1.897035765273311914e-01
2.440000000000000000e+02,-1.953064622722400223e+00,-1.896861920685959102e-01
2.450000000000000000e+02,-1.952064545766344583e+00,-1.896688076098606568e-01
2.460000000000000000e+02,-1.951064468810288943e+00,-1.896514231511254034e-01
2.470000000000000000e+02,-1.950064391854233081e+00,-1.896340386923901222e-01
2.480000000000000000e+02,-1.949064314898177441e+00,-1.896166542336548688e-01
2.490000000000000000e+02,-1.948064237942121579e+00,-1.895992697749196154e-01
2.500000000000000000e+02,-1.947064160986065939e+00,-1.895818853161843343e-01
2.510000000000000000e+02,-1.946064084030010299e+00,-1.895645008574490809e-01
2.520000000000000000e+02,-1.945064007073954437e+00,-1.895471163987138274e-01
2.530000000000000000e+02,-1.944063930117898797e+00,-1.895297319399785463e-01
2.540000000000000000e+02,-1.943063853161842935e+00,-1.895123474812432929e-01
2.550000000000000000e+02,-1.942063776205787295e+00,-1.894949630225080395e-01
2.560000000000000000e+02,-1.941063699249731656e+00,-1.894775785637727583e-01
2.570000000000000000e+02,-1.940063622293675794e+00,-1.894601941050375049e-01
2.580000000000000000e+02,-1.939063545337619932e+00,-1.894428096463022515e-01
2.590000000000000000e+02,-1.938063468381564292e+00,-1.894254251875669703e-01
2.600000000000000000e+02,-1.937063391425508652e+00,-1.894080407288317169e-01
2.610000000000000000e+02,-1.936063314469453012e+00,-1.893906562700964635e-01
2.620000000000000000e+02,-1.935063237513397150e+00,-1.893732718113611824e-01
2.630000000000000000e+02,-1.934063160557341288e+00,-1.893558873526259290e-01
2.640000000000000000e+02,-1.933063083601285648e+00,-1.893385028938906756e-01
2.650000000000000000e+02,-1.932063006645230008e+00,-1.893211184351553944e-01
2.660000000000000000e+02,-1.931062929689174146e+00,-1.893037339764201410e-01
2.670000000000000000e+02,-1.930062852733118506e+00,-1.892863495176848876e-01
2.680000000000000000e+02,-1.929062775777062644e+00,-1.892689650589496064e-01
2.690000000000000000e+02,-1.928062698821007004e+00,-1.892515806002143530e-01
2.700000000000000000e+02,-1.927062621864951364e+00,-1.892341961414790996e-01
2.710000000000000000e+02,-1.926062544908895502e+00,-1.892168116827438185e-01
2.720000000000000000e+02,-1.925062467952839862e+00,-1.891994272240085651e-01
2.730000000000000000e+02,-1.924062390996784000e+00,-1.891820427652733116e-01
2.740000000000000000e+02,-1.923062314040728360e+00,-1.891646583065380305e-01
2.750000000000000000e+02,-1.922062237084672720e+00,-1.891472738478027771e-01
2.760000000000000000e+02,-1.921062160128616858e+00,-1.891298893890675237e-01
2.770000000000000000e+02,-1.920062083172560996e+00,-1.891125049303322425e-01
2.780000000000000000e+02,-1.919062006216505356e+00,-1.890951204715969891e-01
2.790000000000000000e+02,-1.918061929260449716e+00,-1.890777360128617357e-01
2.800000000000000000e+02,-1.917061852304393854e+00,-1.890603515541264545e-01
2.810000000000000000e+02,-1.916061775348338214e+00,-1.890429670953912011e-01
2.820000000000000000e+02,-1.915061698392282352e+00,-1.890255826366559477e-01
2.830000000000000000e+02,-1.914061621436226712e+00,-1.890081981779206666e-01
2.840000000000000000e+02,-1.913061544480171072e+00,-1.889908137191854132e-01
2.850000000000000000e+02,-1.912061467524115210e+00,-1.889734292604501598e-01
2.860000000000000000e+02,-1.911061390568059570e+00,-1.889560448017148786e-01
2.870000000000000000e+02,-1.910061313612003708e+00,-1.889386603429796252e-01
2.880000000000000000e+02,-1.909061236655948068e+00,-1.889212758842443718e-01
2.890000000000000000e+02,-1.908061159699892428e+00,-1.889038914255090906e-01
2.900000000000000000e+02,-1.907061082743836566e+00,-1.888865069667738372e-01
2.910000000000000000e+02,-1.906061005787780926e+00,-1.888691225080385838e-01
2.920000000000000000e+02,-1.905060928831725064e+00,-1.888517380493033027e-01
2.930000000000000000e+02,-1.904060851875669425e+00,-1.888343535905680493e-01
2.940000000000000000e+02,-1.903060774919613563e+00,-1.888169691318327958e-01
2.950000000000000000e+02,-1.902060697963557923e+00,-1.887995846730975147e-01
2.960000000000000000e+02,-1.901060621007502283e+00,-1.887822002143622613e-01
2.970000000000000000e+02,-1.900060544051446421e+00,-1.887648157556270079e-01
2.980000000000000000e+02,-1.899060467095390781e+00,-1.887474312968917267e-01
2.990000000000000000e+02,-1.898060390139334919e+00,-1.887300468381564733e-01
3.000000000000000000e+02,-1.897060313183279279e+00,-1.887126623794212199e-01
3.010000000000000000e+02,-1.896060236227223417e+00,-1.886952779206859387e-01
3.020000000000000000e+02,-1.895060159271167777e+00,-1.886778934619506853e-01
3.030000000000000000e+02,-1.894060082315112137e+00,-1.886605090032154319e-01
3.040000000000000000e+02,-1.893060005359056275e+00,-1.886431245444801508e-01
3.050000000000000000e+02,-1.892059928403000635e+00,-1.886257400857448974e-01
3.060000000000000000e+02,-1.891059851446944773e+00,-1.886083556270096440e-01
3.070000000000000000e+02,-1.890059774490889133e+00,-1.885909711682743628e-01
3.080000000000000000e+02,-1.889059697534833493e+00,-1.885735867095391094e-01
3.090000000000000000e+02,-1.888059620578777631e+00,-1.885562022508038560e-01
3.100000000000000000e+02,-1.887059543622721991e+00,-1.885388177920685748e-01
3.110000000000000000e+02,-1.886059466666666129e+00,-1.885214333333333214e-01
3.120000000000000000e+02,-1.885059389710610489e+00,-1.885040488745980680e-01
3.130000000000000000e+02,-1.884059312754554627e+00,-1.884866644158627869e-01
3.140000000000000000e+02,-1.883059235798498987e+00,-1.884692799571275335e-01
3.150000000000000000e+02,-1.882059158842443125e+00,-1.884518954983922800e-01
3.160000000000000000e+02,-1.881059081886387485e+00,-1.884345110396569989e-01
3.170000000000000000e+02,-1.880059004930331845e+00,-1.884171265809217455e-01
3.180000000000000000e+02,-1.879058927974275983e+00,-1.883997421221864921e-01
3.190000000000000000e+02,-1.878058851018220343e+00,-1.883823576634512109e-01
3.200000000000000000e+02,-1.877058774062164481e+00,-1.883649732047159575e-01
3.210000000000000000e+02,-1.876058697106108841e+00,-1.883475887459807041e-01
3.220000000000000000e+02,-1.875058620150053201e+00,-1.883302042872454229e-01
3.230000000000000000e+02,-1.874058543193997339e+00,-1.883128198285101695e-01
3.240000000000000000e+02,-1.873058466237941699e+00,-1.882954353697749161e-01
3.250000000000000000e+02,-1.872058389281885837e+00,-1.882780509110396350e-01
3.260000000000000000e+02,-1.871058312325830197e+00,-1.882606664523043816e-01
3.270000000000000000e+02,-1.870058235369774557e+00,-1.882432819935691282e-01
3.280000000000000000e+02,-1.869058158413718695e+00,-1.882258975348338470e-01
3.290000000000000000e+02,-1.868058081457662833e+00,-1.882085130760985936e-01
3.300000000000000000e+02,-1.867058004501607194e+00,-1.881911286173633402e-01
3.310000000000000000e+02,-1.866057927545551554e+00,-1.881737441586280590e-01
3.320000000000000000e+02,-1.865057850589495692e+00,-1.881563596998928056e-01
3.330000000000000000e+02,-1.864057773633440052e+00,-1.881389752411575522e-01
3.340000000000000000e+02,-1.863057696677384190e+00,-1.881215907824222711e-01
3.350000000000000000e+02,-1.862057619721328550e+00,-1.881042063236870177e-01
3.360000000000000000e+02,-1.861057542765272910e+00,-1.880868218649517642e-01
3.370000000000000000e+02,-1.860057465809217048e+00,-1.880694374062164831e-01
3.380000000000000000e+02,-1.859057388853161408e+00,-1.880520529474812297e-01
3.390000000000000000e+02,-1.858057311897105546e+00,-1.880346684887459763e-01
3.400000000000000000e+02,-1.857057234941049906e+00,-1.880172840300107229e-01
3.410000000000000000e+02,-1.856057157984994266e+00,-1.879998995712754417e-01
3.420000000000000000e+02,-1.855057081028938404e+00,-1.879825151125401883e-01
3.430000000000000000e+02,-1.854057004072882542e+00,-1.879651306538049349e-01
3.440000000000000000e+02,-1.853056927116826902e+00,-1.879477461950696537e-01
3.450000000000000000e+02,-1.852056850160771262e+00,-1.879303617363344003e-01
3.460000000000000000e+02,-1.851056773204715622e+00,-1.879129772775991469e-01
3.470000000000000000e+02,-1.850056696248659760e+00,-1.878955928188638658e-01
3.480000000000000000e+02,-1.849056619292603898e+00,-1.878782083601286124e-01
3.490000000000000000e+02,-1.848056542336548258e+00,-1.878608239013933590e-01
3.500000000000000000e+02,-1.847056465380492618e+00,-1.878434394426580778e-01
3.510000000000000000e+02,-1.846056388424436756e+00,-1.878260549839228244e-01
3.520000000000000000e+02,-1.845056311468381116e+00,-1.878086705251875710e-01
3.530000000000000000e+02,-1.844056234512325254e+00,-1.877912860664522898e-01
3.540000000000000000e+02,-1.843056157556269614e+00,-1.877739016077170364e-01
3.550000000000000000e+02,-1.842056080600213974e+00,-1.877565171489817830e-01
3.560000000000000000e+02,-1.841056003644158112e+00,-1.877391326902465019e-01
3.570000000000000000e+02,-1.840055926688102472e+00,-1.877217482315112485e-01
3.580000000000000000e+02,-1.839055849732046610e+00,-1.877043637727759950e-01
3.590000000000000000e+02,-1.838055772775990970e+00,-1.876869793140407139e-01
3.600000000000000000e+02,-1.837055695819935330e+00,-1.876695948553054605e-01
3.610000000000000000e+02,-1.836055618863879468e+00,-1.876522103965702071e-01
3.620000000000000000e+02,-1.835055541907823606e+00,-1.876348259378349259e-01
3.630000000000000000e+02,-1.834055464951767966e+00,-1.876174414790996725e-01
3.640000000000000000e+02,-1.833055387995712326e+00,-1.876000570203644191e-01
3.650000000000000000e+02,-1.832055311039656464e+00,-1.875826725616291379e-01
3.660000000000000000e+02,-1.831055234083600824e+00,-1.875652881028938845e-01
3.670000000000000000e+02,-1.830055157127544962e+00,-1.875479036441586311e-01
3.680000000000000000e+02,-1.829055080171489323e+00,-1.875305191854233500e-01
3.690000000000000000e+02,-1.828055003215433683e+00,-1.875131347266880966e-01
3.700000000000000000e+02,-1.827054926259377821e+00,-1.874957502679528432e-01
3.710000000000000000e+02,-1.826054849303322181e+00,-1.874783658092175620e-01
3.720000000000000000e+02,-1.825054772347266319e+00,-1.874609813504823086e-01
3.730000000000000000e+02,-1.824054695391210679e+00,-1.874435968917470552e-01
3.740000000000000000e+02,-1.823054618435155039e+00,-1.874262124330117740e-01
3.750000000000000000e+02,-1.822054541479099177e+00,-1.874088279742765206e-01
3.760000000000000000e+02,-1.821054464523043537e+00,-1.873914435155412672e-01
3.770000000000000000e+02,-1.820054387566987675e+00,-1.873740590568059861e-01
3.780000000000000000e+02,-1.819054310610932035e+00,-1.873566745980707327e-01
3.790000000000000000e+02,-1.818054233654876173e+00,-1.873392901393354792e-01
3.800000000000000000e+02,-1.817054156698820533e+00,-1.873219056806001981e-01
3.810000000000000000e+02,-1.816054079742764671e+00,-1.873045212218649447e-01
3.820000000000000000e+02,-1.815054002786709031e+00,-1.872871367631296913e-01
3.830000000000000000e+02,-1.814053925830653391e+00,-1.872697523043944101e-01
3.840000000000000000e+02,-1.813053848874597529e+00,-1.872523678456591567e-01
3.850000000000000000e+02,-1.812053771918541889e+00,-1.872349833869239033e-01
3.860000000000000000e+02,-1.811053694962486027e+00,-1.872175989281886221e-01
3.870000000000000000e+02,-1.810053618006430387e+00,-1.872002144694533687e-01
3.880000000000000000e+02,-1.809053541050374747e+00,-1.871828300107181153e-01
3.890000000000000000e+02,-1.808053464094318885e+00,-1.871654455519828342e-01
3.900000000000000000e+02,-1.807053387138263245e+00,-1.871480610932475808e-01
3.910000000000000000e+02,-1.806053310182207383e+00,-1.871306766345123274e-01
3.920000000000000000e+02,-1.805053233226151743e+00,-1.871132921757770462e-01
3.930000000000000000e+02,-1.804053156270095881e+00,-1.870959077170417928e-01
3.940000000000000000e+02,-1.803053079314040241e+00,-1.870785232583065394e-01
3.950000000000000000e+02,-1.802053002357984601e+00,-1.870611387995712582e-01
3.960000000000000000e+02,-1.801052925401928739e+00,-1.870437543408360048e-01
3.970000000000000000e+02,-1.800052848445873099e+00,-1.870263698821007514e-01
3.980000000000000000e+02,-1.799052771489817237e+00,-1.870089854233654703e-01
3.990000000000000000e+02,-1.798052694533761597e+00,-1.869916009646302169e-01
4.000000000000000000e+02,-1.797052617577705735e+00,-1.869742165058949634e-01
4.010000000000000000e+02,-1.796052540621650095e+00,-1.869568320471596823e-01
4.020000000000000000e+02,-1.795052463665594455e+00,-1.869394475884244289e-01
4.030000000000000000e+02,-1.794052386709538593e+00,-1.869220631296891755e-01
4.040000000000000000e+02,-1.793052309753482954e+00,-1.869046786709538943e-01
4.050000000000000000e+02,-1.792052232797427092e+00,-1.868872942122186409e-01
4.060000000000000000e+02,-1.791052155841371452e+00,-1.868699097534833875e-01
4.070000000000000000e+02,-1.790052078885315812e+00,-1.868525252947481063e-01
4.080000000000000000e+02,-1.789052001929259950e+00,-1.868351408360128529e-01
4.090000000000000000e+02,-1.788051924973204310e+00,-1.868177563772775995e-01
4.100000000000000000e+02,-1.787051848017148448e+00,-1.868003719185423184e-01
4.110000000000000000e+02,-1.786051771061092808e+00,-1.867829874598070650e-01
4.120000000000000000e+02,-1.785051694105037168e+00,-1.867656030010718116e-01
4.130000000000000000e+02,-1.784051617148981306e+00,-1.867482185423365304e-01
4.140000000000000000e+02,-1.783051540192925444e+00,-1.867308340836012770e-01
4.150000000000000000e+02,-1.782051463236869804e+00,-1.867134496248660236e-01
4.160000000000000000e+02,-1.781051386280814164e+00,-1.866960651661307424e-01
4.170000000000000000e+02,-1.780051309324758302e+00,-1.866786807073954890e-01
4.180000000000000000e+02,-1.779051232368702662e+00,-1.866612962486602356e-01
4.190000000000000000e+02,-1.778051155412646800e+00,-1.866439117899249545e-01
4.200000000000000000e+02,-1.777051078456591160e+00,-1.866265273311897011e-01
4.210000000000000000e+02,-1.776051001500535520e+00,-1.866091428724544476e-01
4.220000000000000000e+02,-1.775050924544479658e+00,-1.865917584137191665e-01
4.230000000000000000e+02,-1.774050847588423796e+00,-1.865743739549839131e-01
4.240000000000000000e+02,-1.773050770632368156e+00,-1.865569894962486597e-01
4.250000000000000000e+02,-1.772050693676312516e+00,-1.865396050375133785e-01
4.260000000000000000e+02,-1.771050616720256876e+00,-1.865222205787781251e-01
4.270000000000000000e+02,-1.770050539764201014e+00,-1.865048361200428717e-01
4.280000000000000000e+02,-1.769050462808145152e+00,-1.864874516613075905e-01
4.290000000000000000e+02,-1.768050385852089512e+00,-1.864700672025723371e-01
4.300000000000000000e+02,-1.767050308896033872e+00,-1.864526827438370837e-01
4.310000000000000000e+02,-1.766050231939978232e+00,-1.864352982851018026e-01
4.320000000000000000e+02,-1.765050154983922370e+00,-1.864179138263665492e-01
4.330000000000000000e+02,-1.764050078027866508e+00,-1.864005293676312958e-01
4.340000000000000000e+02,-1.763050001071810868e+00,-1.863831449088960146e-01
4.350000000000000000e+02,-1.762049924115755228e+00,-1.863657604501607612e-01
4.360000000000000000e+02,-1.761049847159699366e+00,-1.863483759914255078e-01
4.370000000000000000e+02,-1.760049770203643726e+00,-1.863309915326902266e-01
4.380000000000000000e+02,-1.759049693247587864e+00,-1.863136070739549732e-01
4.390000000000000000e+02,-1.758049616291532224e+00,-1.862962226152197198e-01
4.400000000000000000e+02,-1.757049539335476585e+00,-1.862788381564844387e-01
4.410000000000000000e+02,-1.756049462379420723e+00,-1.862614536977491853e-01
4.420000000000000000e+02,-1.755049385423364861e+00,-1.862440692390139318e-01
4.430000000000000000e+02,-1.754049308467309221e+00,-1.862266847802786507e-01
4.440000000000000000e+02,-1.753049231511253581e+00,-1.862093003215433973e-01
4.450000000000000000e+02,-1.752049154555197941e+00,-1.861919158628081439e-01
4.460000000000000000e+02,-1.751049077599142079e+00,-1.861745314040728627e-01
4.470000000000000000e+02,-1.750049000643086217e+00,-1.861571469453376093e-01
4.480000000000000000e+02,-1.749048923687030577e+00,-1.861397624866023559e-01
4.490000000000000000e+02,-1.748048846730974937e+00,-1.861223780278670747e-01
4.500000000000000000e+02,-1.747048769774919075e+00,-1.861049935691318213e-01
4.510000000000000000e+02,-1.746048692818863435e+00,-1.860876091103965679e-01
4.520000000000000000e+02,-1.745048615862807573e+00,-1.860702246516612868e-01
4.530000000000000000e+02,-1.744048538906751933e+00,-1.860528401929260334e-01
4.540000000000000000e+02,-1.743048461950696293e+00,-1.860354557341907800e-01
4.550000000000000000e+02,-1.742048384994640431e+00,-1.860180712754554988e-01
4.560000000000000000e+02,-1.741048308038584791e+00,-1.860006868167202454e-01
4.570000000000000000e+02,-1.740048231082528929e+00,-1.859833023579849920e-01
4.580000000000000000e+02,-1.739048154126473289e+00,-1.859659178992497108e-01
4.590000000000000000e+02,-1.738048077170417649e+00,-1.859485334405144574e-01
4.600000000000000000e+02,-1.737048000214361787e+00,-1.859311489817792040e-01
4.610000000000000000e+02,-1.736047923258306147e+00,-1.859137645230439229e-01
4.620000000000000000e+02,-1.735047846302250285e+00,-1.858963800643086695e-01
4.630000000000000000e+02,-1.734047769346194645e+00,-1.858789956055734161e-01
4.640000000000000000e+02,-1.733047692390138783e+00,-1.858616111468381349e-01
4.650000000000000000e+02,-1.732047615434083143e+00,-1.858442266881028815e-01
4.660000000000000000e+02,-1.731047538478027281e+00,-1.858268422293676281e-01
4.670000000000000000e+02,-1.730047461521971641e+00,-1.858094577706323469e-01
4.680000000000000000e+02,-1.729047384565916001e+00,-1.857920733118970935e-01
4.690000000000000000e+02,-1.728047307609860139e+00,-1.857746888531618401e-01
4.700000000000000000e+02,-1.727047230653804499e+00,-1.857573043944265589e-01
4.710000000000000000e+02,-1.726047153697748637e+00,-1.857399199356913055e-01
4.720000000000000000e+02,-1.725047076741692997e+00,-1.857225354769560521e-01
4.730000000000000000e+02,-1.724046999785637357e+00,-1.857051510182207710e-01
4.740000000000000000e+02,-1.723046922829581495e+00,-1.856877665594855176e-01
4.750000000000000000e+02,-1.722046845873525855e+00,-1.856703821007502642e-01
4.760000000000000000e+02,-1.721046768917469993e+00,-1.856529976420149830e-01
4.770000000000000000e+02,-1.720046691961414354e+00,-1.856356131832797296e-01
4.780000000000000000e+02,-1.719046615005358714e+00,-1.856182287245444762e-01
4.790000000000000000e+02,-1.718046538049302852e+00,-1.856008442658091950e-01
4.800000000000000000e+02,-1.717046461093247212e+00,-1.855834598070739416e-01
4.810000000000000000e+02,-1.716046384137191350e+00,-1.855660753483386882e-01
4.820000000000000000e+02,-1.715046307181135710e+00,-1.855486908896034071e-01
4.830000000000000000e+02,-1.714046230225079848e+00,-1.855313064308681537e-01
4.840000000000000000e+02,-1.713046153269024208e+00,-1.855139219721329003e-01
4.850000000000000000e+02,-1.712046076312968346e+00,-1.854965375133976468e-01
4.860000000000000000e+02,-1.711045999356912706e+00,-1.854791530546623657e-01
4.870000000000000000e+02,-1.710045922400857066e+00,-1.854617685959271123e-01
4.880000000000000000e+02,-1.709045845444801204e+00,-1.854443841371918311e-01
4.890000000000000000e+02,-1.708045768488745564e+00,-1.854269996784565777e-01
4.900000000000000000e+02,-1.707045691532689702e+00,-1.854096152197213243e-01
4.910000000000000000e+02,-1.706045614576634062e+00,-1.853922307609860431e-01
4.920000000000000000e+02,-1.705045537620578422e+00,-1.853748463022507897e-01
4.930000000000000000e+02,-1.704045460664522560e+00,-1.853574618435155363e-01
4.940000000000000000e+02,-1.703045383708466920e+00,-1.853400773847802829e-01
4.950000000000000000e+02,-1.702045306752411058e+00,-1.853226929260450018e-01
4.960000000000000000e+02,-1.701045229796355418e+00,-1.853053084673097484e-01
4.970000000000000000e+02,-1.700045152840299556e+00,-1.852879240085744672e-01
4.980000000000000000e+02,-1.699045075884243916e+00,-1.852705395498392138e-01
4.990000000000000000e+02,-1.698044998928188276e+00,-1.852531550911039604e-01
5.000000000000000000e+02,-1.697044921972132414e+00,-1.852357706323687070e-01
5.010000000000000000e+02,-1.696044845016076774e+00,-1.852183861736334258e-01
5.020000000000000000e+02,-1.695044768060020912e+00,-1.852010017148981724e-01
5.030000000000000000e+02,-1.694044691103965272e+00,-1.851836172561629190e-01
5.040000000000000000e+02,-1.693044614147909410e+00,-1.851662327974276379e-01
5.050000000000000000e+02,-1.692044537191853770e+00,-1.851488483386923845e-01
5.060000000000000000e+02,-1.691044460235798130e+00,-1.851314638799571310e-01
5.070000000000000000e+02,-1.690044383279742268e+00,-1.851140794212218499e-01
5.080000000000000000e+02,-1.689044306323686628e+00,-1.850966949624865965e-01
5.090000000000000000e+02,-1.688044229367630766e+00,-1.850793105037513431e-01
5.100000000000000000e+02,-1.687044152411575126e+00,-1.850619260450160619e-01
5.110000000000000000e+02,-1.686044075455519264e+00,-1.850445415862808085e-01
5.120000000000000000e+02,-1.685043998499463624e+00,-1.850271571275455551e-01
5.130000000000000000e+02,-1.684043921543407984e+00,-1.850097726688102739e-01
5.140000000000000000e+02,-1.683043844587352122e+00,-1.849923882100750205e-01
5.150000000000000000e+02,-1.682043767631296483e+00,-1.849750037513397671e-01
5.160000000000000000e+02,-1.681043690675240621e+00,-1.849576192926044860e-01
5.170000000000000000e+02,-1.680043613719184981e+00,-1.849402348338692326e-01
5.180000000000000000e+02,-1.679043536763129119e+00,-1.849228503751339792e-01
5.190000000000000000e+02,-1.678043459807073479e+00,-1.849054659163986980e-01
5.200000000000000000e+02,-1.677043382851017839e+00,-1.848880814576634446e-01
5.210000000000000000e+02,-1.676043305894961977e+00,-1.848706969989281912e-01
5.220000000000000000e+02,-1.675043228938906337e+00,-1.848533125401929100e-01
5.230000000000000000e+02,-1.674043151982850475e+00,-1.848359280814576566e-01
5.240000000000000000e+02,-1.673043075026794835e+00,-1.848185436227224032e-01
5.250000000000000000e+02,-1.672042998070739195e+00,-1.848011591639871221e-01
5.260000000000000000e+02,-1.671042921114683333e+00,-1.847837747052518687e-01
5.270000000000000000e+02,-1.670042844158627693e+00,-1.847663902465166152e-01
5.280000000000000000e+02,-1.669042767202571831e+00,-1.847490057877813341e-01
5.290000000000000000e+02,-1.668042690246516191e+00,-1.847316213290460807e-01
5.300000000000000000e+02,-1.667042613290460329e+00,-1.847142368703108273e-01
5.310000000000000000e+02,-1.666042536334404689e+00,-1.846968524115755461e-01
5.320000000000000000e+02,-1.665042459378348827e+00,-1.846794679528402927e-01
5.330000000000000000e+02,-1.664042382422293187e+00,-1.846620834941050393e-01
5.340000000000000000e+02,-1.663042305466237547e+00,-1.846446990353697581e-01
5.350000000000000000e+02,-1.662042228510181685e+00,-1.846273145766345047e-01
5.360000000000000000e+02,-1.661042151554126045e+00,-1.846099301178992513e-01
5.370000000000000000e+02,-1.660042074598070183e+00,-1.845925456591639702e-01
5.380000000000000000e+02,-1.659041997642014543e+00,-1.845751612004287168e-01
5.390000000000000000e+02,-1.658041920685958903e+00,-1.845577767416934634e-01
5.400000000000000000e+02,-1.657041843729903041e+00,-1.845403922829581822e-01
5.410000000000000000e+02,-1.656041766773847401e+00,-1.845230078242229288e-01
5.420000000000000000e+02,-1.655041689817791539e+00,-1.845056233654876754e-01
5.430000000000000000e+02,-1.654041612861735899e+00,-1.844882389067523942e-01
5.440000000000000000e+02,-1.653041535905680259e+00,-1.844708544480171408e-01
5.450000000000000000e+02,-1.652041458949624397e+00,-1.844534699892818874e-01
5.460000000000000000e+02,-1.651041381993568535e+00,-1.844360855305466063e-01
5.470000000000000000e+02,-1.650041305037512895e+00,-1.844187010718113529e-01
5.480000000000000000e+02,-1.649041228081457255e+00,-1.844013166130760994e-01
5.490000000000000000e+02,-1.648041151125401615e+00,-1.843839321543408183e-01
5.500000000000000000e+02,-1.647041074169345753e+00,-1.843665476956055649e-01
5.510000000000000000e+02,-1.646040997213289891e+00,-1.843491632368703115e-01
5.520000000000000000e+02,-1.645040920257234252e+00,-1.843317787781350303e-01
5.530000000000000000e+02,-1.644040843301178612e+00,-1.843143943193997769e-01
5.540000000000000000e+02,-1.643040766345122750e+00,-1.842970098606645235e-01
5.550000000000000000e+02,-1.642040689389067110e+00,-1.842796254019292423e-01
5.560000000000000000e+02,-1.641040612433011248e+00,-1.842622409431939889e-01
5.570000000000000000e+02,-1.640040535476955608e+00,-1.842448564844587355e-01
5.580000000000000000e+02,-1.639040458520899968e+00,-1.842274720257234544e-01
5.590000000000000000e+02,-1.638040381564844106e+00,-1.842100875669882010e-01
5.600000000000000000e+02,-1.637040304608788244e+00,-1.841927031082529476e-01
5.610000000000000000e+02,-1.636040227652732604e+00,-1.841753186495176664e-01
5.620000000000000000e+02,-1.635040150696676964e+00,-1.841579341907824130e-01
5.630000000000000000e+02,-1.634040073740621324e+00,-1.841405497320471596e-01
5.640000000000000000e+02,-1.633039996784565462e+00,-1.841231652733118784e-01
5.650000000000000000e+02,-1.632039919828509600e+00,-1.841057808145766250e-01
5.660000000000000000e+02,-1.631039842872453960e+00,-1.840883963558413716e-01
5.670000000000000000e+02,-1.630039765916398320e+00,-1.840710118971060905e-01
5.680000000000000000e+02,-1.629039688960342680e+00,-1.840536274383708371e-01
5.690000000000000000e+02,-1.628039612004286818e+00,-1.840362429796355836e-01
5.700000000000000000e+02,-1.627039535048230956e+00,-1.840188585209003025e-01
5.710000000000000000e+02,-1.626039458092175316e+00,-1.840014740621650491e-01
5.720000000000000000e+02,-1.625039381136119676e+00,-1.839840896034297957e-01
5.730000000000000000e+02,-1.624039304180063814e+00,-1.839667051446945145e-01
5.740000000000000000e+02,-1.623039227224007952e+00,-1.839493206859592611e-01
5.750000000000000000e+02,-1.622039150267952312e+00,-1.839319362272240077e-01
5.760000000000000000e+02,-1.621039073311896672e+00,-1.839145517684887265e-01
5.770000000000000000e+02,-1.620038996355841032e+00,-1.838971673097534731e-01
5.780000000000000000e+02,-1.619038919399785170e+00,-1.838797828510182197e-01
5.790000000000000000e+02,-1.618038842443729308e+00,-1.838623983922829386e-01
5.800000000000000000e+02,-1.617038765487673668e+00,-1.838450139335476852e-01
5.810000000000000000e+02,-1.616038688531618028e+00,-1.838276294748124318e-01
5.820000000000000000e+02,-1.615038611575562388e+00,-1.838102450160771506e-01
5.830000000000000000e+02,-1.614038534619506304e+00,-1.837928605573418972e-01
5.840000000000000000e+02,-1.613038457663450664e+00,-1.837754760986066438e-01
5.850000000000000000e+02,-1.612038380707395024e+00,-1.837580916398713626e-01
5.860000000000000000e+02,-1.611038303751339384e+00,-1.837407071811361092e-01
5.870000000000000000e+02,-1.610038226795283745e+00,-1.837233227224008558e-01
5.880000000000000000e+02,-1.609038149839227660e+00,-1.837059382636655747e-01
5.890000000000000000e+02,-1.608038072883172021e+00,-1.836885538049303213e-01
5.900000000000000000e+02,-1.607037995927116381e+00,-1.836711693461950679e-01
5.910000000000000000e+02,-1.606037918971060741e+00,-1.836537848874597867e-01
5.920000000000000000e+02,-1.605037842015005101e+00,-1.836364004287245333e-01
5.930000000000000000e+02,-1.604037765058949017e+00,-1.836190159699892799e-01
5.940000000000000000e+02,-1.603037688102893377e+00,-1.836016315112539987e-01
5.950000000000000000e+02,-1.602037611146837737e+00,-1.835842470525187453e-01
5.960000000000000000e+02,-1.601037534190782097e+00,-1.835668625937834919e-01
5.970000000000000000e+02,-1.600037457234726013e+00,-1.835494781350482107e-01
5.980000000000000000e+02,-1.599037380278670373e+00,-1.835320936763129573e-01
5.990000000000000000e+02,-1.598037303322614733e+00,-1.835147092175777039e-01
6.000000000000000000e+02,-1.597037226366559093e+00,-1.834973247588424228e-01
6.010000000000000000e+02,-1.596037149410503453e+00,-1.834799403001071694e-01
6.020000000000000000e+02,-1.595037072454447369e+00,-1.834625558413719160e-01
6.030000000000000000e+02,-1.594036995498391729e+00,-1.834451713826366348e-01
6.040000000000000000e+02,-1.593036918542336089e+00,-1.834277869239013814e-01
6.050000000000000000e+02,-1.592036841586280449e+00,-1.834104024651661280e-01
6.060000000000000000e+02,-1.591036764630224809e+00,-1.833930180064308746e-01
6.070000000000000000e+02,-1.590036687674168725e+00,-1.833756335476955934e-01
6.080000000000000000e+02,-1.589036610718113085e+00,-1.833582490889603400e-01
6.090000000000000000e+02,-1.588036533762057445e+00,-1.833408646302250589e-01
6.100000000000000000e+02,-1.587036456806001805e+00,-1.833234801714898055e-01
6.110000000000000000e+02,-1.586036379849945943e+00,-1.833060957127545521e-01
6.120000000000000000e+02,-1.585036302893890081e+00,-1.832887112540192986e-01
6.130000000000000000e+02,-1.584036225937834441e+00,-1.832713267952840175e-01
6.140000000000000000e+02,-1.583036148981778801e+00,-1.832539423365487641e-01
6.150000000000000000e+02,-1.582036072025723161e+00,-1.832365578778135107e-01
6.160000000000000000e+02,-1.581035995069667299e+00,-1.832191734190782295e-01
6.170000000000000000e+02,-1.580035918113611437e+00,-1.832017889603429761e-01
6.180000000000000000e+02,-1.579035841157555797e+00,-1.831844045016076949e-01
6.190000000000000000e+02,-1.578035764201500157e+00,-1.831670200428724415e-01
6.200000000000000000e+02,-1.577035687245444517e+00,-1.831496355841371881e-01
6.210000000000000000e+02,-1.576035610289388433e+00,-1.831322511254019347e-01
6.220000000000000000e+02,-1.575035533333332793e+00,-1.831148666666666536e-01
6.230000000000000000e+02,-1.574035456377277153e+00,-1.830974822079314002e-01
6.240000000000000000e+02,-1.573035379421221513e+00,-1.830800977491961468e-01
6.250000000000000000e+02,-1.572035302465165651e+00,-1.830627132904608656e-01
6.260000000000000000e+02,-1.571035225509109789e+00,-1.830453288317256122e-01
6.270000000000000000e+02,-1.570035148553054150e+00,-1.830279443729903588e-01
6.280000000000000000e+02,-1.569035071596998510e+00,-1.830105599142550776e-01
6.290000000000000000e+02,-1.568034994640942870e+00,-1.829931754555198242e-01
6.300000000000000000e+02,-1.567034917684887008e+00,-1.829757909967845708e-01
6.310000000000000000e+02,-1.566034840728831146e+00,-1.829584065380492897e-01
6.320000000000000000e+02,-1.565034763772775506e+00,-1.829410220793140363e-01
6.330000000000000000e+02,-1.564034686816719866e+00,-1.829236376205787828e-01
6.340000000000000000e+02,-1.563034609860664226e+00,-1.829062531618435017e-01
6.350000000000000000e+02,-1.562034532904608364e+00,-1.828888687031082483e-01
6.360000000000000000e+02,-1.561034455948552502e+00,-1.828714842443729949e-01
6.370000000000000000e+02,-1.560034378992496862e+00,-1.828540997856377137e-01
6.380000000000000000e+02,-1.559034302036441222e+00,-1.828367153269024603e-01
6.390000000000000000e+02,-1.558034225080385360e+00,-1.828193308681672069e-01
6.400000000000000000e+02,-1.557034148124329498e+00,-1.828019464094319257e-01
6.410000000000000000e+02,-1.556034071168273858e+00,-1.827845619506966723e-01
6.420000000000000000e+02,-1.555033994212218218e+00,-1.827671774919614189e-01
6.430000000000000000e+02,-1.554033917256162578e+00,-1.827497930332261378e-01
6.440000000000000000e+02,-1.553033840300106716e+00,-1.827324085744908844e-01
6.450000000000000000e+02,-1.552033763344050854e+00,-1.827150241157556310e-01
6.460000000000000000e+02,-1.551033686387995214e+00,-1.826976396570203498e-01
6.470000000000000000e+02,-1.550033609431939574e+00,-1.826802551982850964e-01
6.480000000000000000e+02,-1.549033532475883934e+00,-1.826628707395498430e-01
6.490000000000000000e+02,-1.548033455519828072e+00,-1.826454862808145618e-01
6.500000000000000000e+02,-1.547033378563772210e+00,-1.826281018220793084e-01
6.510000000000000000e+02,-1.546033301607716570e+00,-1.826107173633440550e-01
6.520000000000000000e+02,-1.545033224651660930e+00,-1.825933329046087739e-01
6.530000000000000000e+02,-1.544033147695605068e+00,-1.825759484458735205e-01
6.540000000000000000e+02,-1.543033070739549428e+00,-1.825585639871382670e-01
6.550000000000000000e+02,-1.542032993783493566e+00,-1.825411795284029859e-01
6.560000000000000000e+02,-1.541032916827437926e+00,-1.825237950696677325e-01
6.570000000000000000e+02,-1.540032839871382286e+00,-1.825064106109324791e-01
6.580000000000000000e+02,-1.539032762915326424e+00,-1.824890261521971979e-01
6.590000000000000000e+02,-1.538032685959270784e+00,-1.824716416934619445e-01
6.600000000000000000e+02,-1.537032609003214922e+00,-1.824542572347266911e-01
6.610000000000000000e+02,-1.536032532047159282e+00,-1.824368727759914099e-01
6.620000000000000000e+02,-1.535032455091103643e+00,-1.824194883172561565e-01
6.630000000000000000e+02,-1.534032378135047781e+00,-1.824021038585209031e-01
6.640000000000000000e+02,-1.533032301178991919e+00,-1.823847193997856220e-01
6.650000000000000000e+02,-1.532032224222936279e+00,-1.823673349410503686e-01
6.660000000000000000e+02,-1.531032147266880639e+00,-1.823499504823151152e-01
6.670000000000000000e+02,-1.530032070310824777e+00,-1.823325660235798340e-01
6.680000000000000000e+02,-1.529031993354769137e+00,-1.823151815648445806e-01
6.690000000000000000e+02,-1.528031916398713275e+00,-1.822977971061093272e-01
6.700000000000000000e+02,-1.527031839442657635e+00,-1.822804126473740460e-01
6.710000000000000000e+02,-1.526031762486601995e+00,-1.822630281886387926e-01
6.720000000000000000e+02,-1.525031685530546133e+00,-1.822456437299035392e-01
6.730000000000000000e+02,-1.524031608574490493e+00,-1.822282592711682581e-01
6.740000000000000000e+02,-1.523031531618434631e+00,-1.822108748124330047e-01
6.750000000000000000e+02,-1.522031454662378991e+00,-1.821934903536977512e-01
6.760000000000000000e+02,-1.521031377706323351e+00,-1.821761058949624701e-01
6.770000000000000000e+02,-1.520031300750267489e+00,-1.821587214362272167e-01
6.780000000000000000e+02,-1.519031223794211849e+00,-1.821413369774919633e-01
6.790000000000000000e+02,-1.518031146838155987e+00,-1.821239525187566821e-01
6.800000000000000000e+02,-1.517031069882100347e+00,-1.821065680600214287e-01
6.810000000000000000e+02,-1.516030992926044485e+00,-1.820891836012861753e-01
6.820000000000000000e+02,-1.515030915969988845e+00,-1.820717991425508941e-01
6.830000000000000000e+02,-1.514030839013932983e+00,-1.820544146838156407e-01
6.840000000000000000e+02,-1.513030762057877343e+00,-1.820370302250803873e-01
6.850000000000000000e+02,-1.512030685101821703e+00,-1.820196457663451062e-01
6.860000000000000000e+02,-1.511030608145765841e+00,-1.820022613076098528e-01
6.870000000000000000e+02,-1.510030531189710201e+00,-1.819848768488745994e-01
6.880000000000000000e+02,-1.509030454233654339e+00,-1.819674923901393182e-01
6.890000000000000000e+02,-1.508030377277598699e+00,-1.819501079314040648e-01
6.900000000000000000e+02,-1.507030300321543059e+00,-1.819327234726688114e-01
6.910000000000000000e+02,-1.506030223365487197e+00,-1.819153390139335302e-01
6.920000000000000000e+02,-1.505030146409431557e+00,-1.818979545551982768e-01
6.930000000000000000e+02,-1.504030069453375695e+00,-1.818805700964630234e-01
6.940000000000000000e+02,-1.503029992497320055e+00,-1.818631856377277423e-01
6.950000000000000000e+02,-1.502029915541264415e+00,-1.818458011789924889e-01
6.960000000000000000e+02,-1.501029838585208553e+00,-1.818284167202572355e-01
6.970000000000000000e+02,-1.500029761629152913e+00,-1.818110322615219543e-01
6.980000000000000000e+02,-1.499029684673097051e+00,-1.817936478027867009e-01
6.990000000000000000e+02,-1.498029607717041412e+00,-1.817762633440514475e-01
7.000000000000000000e+02,-1.497029530760985550e+00,-1.817588788853161663e-01
7.010000000000000000e+02,-1.496029453804929910e+00,-1.817414944265809129e-01
7.020000000000000000e+02,-1.495029376848874048e+00,-1.817241099678456595e-01
7.030000000000000000e+02,-1.494029299892818408e+00,-1.817067255091103783e-01
7.040000000000000000e+02,-1.493029222936762768e+00,-1.816893410503751249e-01
7.050000000000000000e+02,-1.492029145980706906e+00,-1.816719565916398715e-01
7.060000000000000000e+02,-1.491029069024651266e+00,-1.816545721329045904e-01
7.070000000000000000e+02,-1.490028992068595404e+00,-1.816371876741693370e-01
7.080000000000000000e+02,-1.489028915112539764e+00,-1.816198032154340836e-01
7.090000000000000000e+02,-1.488028838156484124e+00,-1.816024187566988024e-01
7.100000000000000000e+02,-1.487028761200428262e+00,-1.815850342979635490e-01
7.110000000000000000e+02,-1.486028684244372400e+00,-1.815676498392282956e-01
7.120000000000000000e+02,-1.485028607288316760e+00,-1.815502653804930144e-01
7.130000000000000000e+02,-1.484028530332261120e+00,-1.815328809217577610e-01
7.140000000000000000e+02,-1.483028453376205480e+00,-1.815154964630225076e-01
7.150000000000000000e+02,-1.482028376420149618e+00,-1.814981120042872265e-01
7.160000000000000000e+02,-1.481028299464093756e+00,-1.814807275455519731e-01
7.170000000000000000e+02,-1.480028222508038116e+00,-1.814633430868167197e-01
7.180000000000000000e+02,-1.479028145551982476e+00,-1.814459586280814385e-01
7.190000000000000000e+02,-1.478028068595926614e+00,-1.814285741693461851e-01
7.200000000000000000e+02,-1.477027991639870974e+00,-1.814111897106109317e-01
7.210000000000000000e+02,-1.476027914683815112e+00,-1.813938052518756505e-01
7.220000000000000000e+02,-1.475027837727759472e+00,-1.813764207931403971e-01
7.230000000000000000e+02,-1.474027760771703832e+00,-1.813590363344051437e-01
7.240000000000000000e+02,-1.473027683815647970e+00,-1.813416518756698625e-01
7.250000000000000000e+02,-1.472027606859592108e+00,-1.813242674169346091e-01
7.260000000000000000e+02,-1.471027529903536468e+00,-1.813068829581993557e-01
7.270000000000000000e+02,-1.470027452947480828e+00,-1.812894984994640746e-01
7.280000000000000000e+02,-1.469027375991425188e+00,-1.812721140407288212e-01
7.290000000000000000e+02,-1.468027299035369326e+00,-1.812547295819935678e-01
7.300000000000000000e+02,-1.467027222079313464e+00,-1.812373451232582866e-01
7.310000000000000000e+02,-1.466027145123257824e+00,-1.812199606645230332e-01
7.320000000000000000e+02,-1.465027068167202184e+00,-1.812025762057877798e-01
7.330000000000000000e+02,-1.464026991211146544e+00,-1.811851917470524986e-01
7.340000000000000000e+02,-1.463026914255090682e+00,-1.811678072883172452e-01
7.350000000000000000e+02,-1.462026837299034820e+00,-1.811504228295819918e-01
7.360000000000000000e+02,-1.461026760342979181e+00,-1.811330383708467107e-01
7.370000000000000000e+02,-1.460026683386923541e+00,-1.811156539121114573e-01
7.380000000000000000e+02,-1.459026606430867679e+00,-1.810982694533762039e-01
7.390000000000000000e+02,-1.458026529474811817e+00,-1.810808849946409227e-01
7.400000000000000000e+02,-1.457026452518756177e+00,-1.810635005359056693e-01
7.410000000000000000e+02,-1.456026375562700537e+00,-1.810461160771704159e-01
7.420000000000000000e+02,-1.455026298606644897e+00,-1.810287316184351347e-01
7.430000000000000000e+02,-1.454026221650589035e+00,-1.810113471596998813e-01
7.440000000000000000e+02,-1.453026144694533173e+00,-1.809939627009646279e-01
7.450000000000000000e+02,-1.452026067738477533e+00,-1.809765782422293467e-01
7.460000000000000000e+02,-1.451025990782421893e+00,-1.809591937834940933e-01
7.470000000000000000e+02,-1.450025913826366253e+00,-1.809418093247588399e-01
7.480000000000000000e+02,-1.449025836870310391e+00,-1.809244248660235588e-01
7.490000000000000000e+02,-1.448025759914254529e+00,-1.809070404072883054e-01
7.500000000000000000e+02,-1.447025682958198889e+00,-1.808896559485530520e-01
7.510000000000000000e+02,-1.446025606002143249e+00,-1.808722714898177708e-01
7.520000000000000000e+02,-1.445025529046087609e+00,-1.808548870310825174e-01
7.530000000000000000e+02,-1.444025452090031525e+00,-1.808375025723472640e-01
7.540000000000000000e+02,-1.443025375133975885e+00,-1.808201181136119828e-01
7.550000000000000000e+02,-1.442025298177920245e+00,-1.808027336548767294e-01
7.560000000000000000e+02,-1.441025221221864605e+00,-1.807853491961414760e-01
7.570000000000000000e+02,-1.440025144265808965e+00,-1.807679647374061949e-01
7.580000000000000000e+02,-1.439025067309752881e+00,-1.807505802786709415e-01
7.590000000000000000e+02,-1.438024990353697241e+00,-1.807331958199356881e-01
7.600000000000000000e+02,-1.437024913397641601e+00,-1.807158113612004069e-01
7.610000000000000000e+02,-1.436024836441585961e+00,-1.806984269024651535e-01
7.620000000000000000e+02,-1.435024759485530099e+00,-1.806810424437299001e-01
7.630000000000000000e+02,-1.434024682529474237e+00,-1.806636579849946189e-01
7.640000000000000000e+02,-1.433024605573418597e+00,-1.806462735262593655e-01
7.650000000000000000e+02,-1.432024528617362957e+00,-1.806288890675241121e-01
7.660000000000000000e+02,-1.431024451661307317e+00,-1.806115046087888310e-01
7.670000000000000000e+02,-1.430024374705251233e+00,-1.805941201500535775e-01
7.680000000000000000e+02,-1.429024297749195593e+00,-1.805767356913183241e-01
7.690000000000000000e+02,-1.428024220793139953e+00,-1.805593512325830707e-01
7.700000000000000000e+02,-1.427024143837084313e+00,-1.805419667738477896e-01
7.710000000000000000e+02,-1.426024066881028673e+00,-1.805245823151125362e-01
7.720000000000000000e+02,-1.425023989924972589e+00,-1.805071978563772550e-01
7.730000000000000000e+02,-1.424023912968916949e+00,-1.804898133976420016e-01
7.740000000000000000e+02,-1.423023836012861310e+00,-1.804724289389067482e-01
7.750000000000000000e+02,-1.422023759056805670e+00,-1.804550444801714948e-01
7.760000000000000000e+02,-1.421023682100750030e+00,-1.804376600214362136e-01
7.770000000000000000e+02,-1.420023605144693946e+00,-1.804202755627009602e-01
7.780000000000000000e+02,-1.419023528188638306e+00,-1.804028911039657068e-01
7.790000000000000000e+02,-1.418023451232582666e+00,-1.803855066452304257e-01
7.800000000000000000e+02,-1.417023374276527026e+00,-1.803681221864951723e-01
7.810000000000000000e+02,-1.416023297320471164e+00,-1.803507377277598911e-01
7.820000000000000000e+02,-1.415023220364415302e+00,-1.803333532690246377e-01
7.830000000000000000e+02,-1.414023143408359662e+00,-1.803159688102893843e-01
7.840000000000000000e+02,-1.413023066452304022e+00,-1.802985843515541309e-01
7.850000000000000000e+02,-1.412022989496248382e+00,-1.802811998928188497e-01
7.860000000000000000e+02,-1.411022912540192298e+00,-1.802638154340835963e-01
7.870000000000000000e+02,-1.410022835584136658e+00,-1.802464309753483429e-01
7.880000000000000000e+02,-1.409022758628081018e+00,-1.802290465166130617e-01
7.890000000000000000e+02,-1.408022681672025378e+00,-1.802116620578778083e-01
7.900000000000000000e+02,-1.407022604715969738e+00,-1.801942775991425549e-01
7.910000000000000000e+02,-1.406022527759913654e+00,-1.801768931404072738e-01
7.920000000000000000e+02,-1.405022450803858014e+00,-1.801595086816720204e-01
7.930000000000000000e+02,-1.404022373847802374e+00,-1.801421242229367670e-01
7.940000000000000000e+02,-1.403022296891746734e+00,-1.801247397642014858e-01
7.950000000000000000e+02,-1.402022219935690872e+00,-1.801073553054662324e-01
7.960000000000000000e+02,-1.401022142979635010e+00,-1.800899708467309790e-01
7.970000000000000000e+02,-1.400022066023579370e+00,-1.800725863879956978e-01
7.980000000000000000e+02,-1.399021989067523730e+00,-1.800552019292604444e-01
7.990000000000000000e+02,-1.398021912111468090e+00,-1.800378174705251910e-01
8.000000000000000000e+02,-1.397021835155412228e+00,-1.800204330117899099e-01
8.010000000000000000e+02,-1.396021758199356366e+00,-1.800030485530546565e-01
8.020000000000000000e+02,-1.395021681243300726e+00,-1.799856640943194031e-01
8.030000000000000000e+02,-1.394021604287245086e+00,-1.799682796355841219e-01
8.040000000000000000e+02,-1.393021527331189446e+00,-1.799508951768488685e-01
8.050000000000000000e+02,-1.392021450375133584e+00,-1.799335107181136151e-01
8.060000000000000000e+02,-1.391021373419077722e+00,-1.799161262593783339e-01
8.070000000000000000e+02,-1.390021296463022082e+00,-1.798987418006430805e-01
8.080000000000000000e+02,-1.389021219506966442e+00,-1.798813573419078271e-01
8.090000000000000000e+02,-1.388021142550910580e+00,-1.798639728831725459e-01
8.100000000000000000e+02,-1.387021065594854718e+00,-1.798465884244372925e-01
8.110000000000000000e+02,-1.386020988638799079e+00,-1.798292039657020391e-01
8.120000000000000000e+02,-1.385020911682743439e+00,-1.798118195069667580e-01
8.130000000000000000e+02,-1.384020834726687799e+00,-1.797944350482315046e-01
8.140000000000000000e+02,-1.383020757770631937e+00,-1.797770505894962512e-01
8.150000000000000000e+02,-1.382020680814576075e+00,-1.797596661307609700e-01
8.160000000000000000e+02,-1.381020603858520435e+00,-1.797422816720257166e-01
8.170000000000000000e+02,-1.380020526902464795e+00,-1.797248972132904632e-01
8.180000000000000000e+02,-1.379020449946409155e+00,-1.797075127545551820e-01
8.190000000000000000e+02,-1.378020372990353293e+00,-1.796901282958199286e-01
8.200000000000000000e+02,-1.377020296034297431e+00,-1.796727438370846752e-01
8.210000000000000000e+02,-1.376020219078241791e+00,-1.796553593783493941e-01
8.220000000000000000e+02,-1.375020142122186151e+00,-1.796379749196141407e-01
8.230000000000000000e+02,-1.374020065166130289e+00,-1.796205904608788873e-01
8.240000000000000000e+02,-1.373019988210074649e+00,-1.796032060021436061e-01
8.250000000000000000e+02,-1.372019911254018787e+00,-1.795858215434083527e-01
8.260000000000000000e+02,-1.371019834297963147e+00,-1.795684370846730993e-01
8.270000000000000000e+02,-1.370019757341907507e+00,-1.795510526259378181e-01
8.280000000000000000e+02,-1.369019680385851645e+00,-1.795336681672025647e-01
8.290000000000000000e+02,-1.368019603429795783e+00,-1.795162837084673113e-01
8.300000000000000000e+02,-1.367019526473740143e+00,-1.794988992497320301e-01
8.310000000000000000e+02,-1.366019449517684503e+00,-1.794815147909967767e-01
8.320000000000000000e+02,-1.365019372561628641e+00,-1.794641303322615233e-01
8.330000000000000000e+02,-1.364019295605573001e+00,-1.794467458735262422e-01
8.340000000000000000e+02,-1.363019218649517139e+00,-1.794293614147909888e-01
8.350000000000000000e+02,-1.362019141693461499e+00,-1.794119769560557354e-01
8.360000000000000000e+02,-1.361019064737405859e+00,-1.793945924973204542e-01
8.370000000000000000e+02,-1.360018987781349997e+00,-1.793772080385852008e-01
8.380000000000000000e+02,-1.359018910825294357e+00,-1.793598235798499474e-01
8.390000000000000000e+02,-1.358018833869238495e+00,-1.793424391211146662e-01
8.400000000000000000e+02,-1.357018756913182855e+00,-1.793250546623794128e-01
8.410000000000000000e+02,-1.356018679957127215e+00,-1.793076702036441594e-01
8.420000000000000000e+02,-1.355018603001071353e+00,-1.792902857449088783e-01
8.430000000000000000e+02,-1.354018526045015713e+00,-1.792729012861736249e-01
8.440000000000000000e+02,-1.353018449088959851e+00,-1.792555168274383715e-01
8.450000000000000000e+02,-1.352018372132904211e+00,-1.792381323687030903e-01
8.460000000000000000e+02,-1.351018295176848349e+00,-1.792207479099678369e-01
8.470000000000000000e+02,-1.350018218220792710e+00,-1.792033634512325835e-01
8.480000000000000000e+02,-1.349018141264736848e+00,-1.791859789924973023e-01
8.490000000000000000e+02,-1.348018064308681208e+00,-1.791685945337620489e-01
8.500000000000000000e+02,-1.347017987352625568e+00,-1.791512100750267955e-01
8.510000000000000000e+02,-1.346017910396569706e+00,-1.791338256162915143e-01
8.520000000000000000e+02,-1.345017833440514066e+00,-1.791164411575562609e-01
8.530000000000000000e+02,-1.344017756484458204e+00,-1.790990566988210075e-01
8.540000000000000000e+02,-1.343017679528402564e+00,-1.790816722400857264e-01
8.550000000000000000e+02,-1.342017602572346924e+00,-1.790642877813504730e-01
8.560000000000000000e+02,-1.341017525616291062e+00,-1.790469033226152196e-01
8.570000000000000000e+02,-1.340017448660235422e+00,-1.790295188638799384e-01
8.580000000000000000e+02,-1.339017371704179560e+00,-1.790121344051446850e-01
8.590000000000000000e+02,-1.338017294748123920e+00,-1.789947499464094316e-01
8.600000000000000000e+02,-1.337017217792068280e+00,-1.789773654876741504e-01
8.610000000000000000e+02,-1.336017140836012418e+00,-1.789599810289388970e-01
8.620000000000000000e+02,-1.335017063879956778e+00,-1.789425965702036436e-01
8.630000000000000000e+02,-1.334016986923900916e+00,-1.789252121114683625e-01
8.640000000000000000e+02,-1.333016909967845276e+00,-1.789078276527331091e-01
8.650000000000000000e+02,-1.332016833011789414e+00,-1.788904431939978557e-01
8.660000000000000000e+02,-1.331016756055733774e+00,-1.788730587352625745e-01
8.670000000000000000e+02,-1.330016679099677912e+00,-1.788556742765273211e-01
8.680000000000000000e+02,-1.329016602143622272e+00,-1.788382898177920677e-01
8.690000000000000000e+02,-1.328016525187566632e+00,-1.788209053590567865e-01
8.700000000000000000e+02,-1.327016448231510770e+00,-1.788035209003215331e-01
8.710000000000000000e+02,-1.326016371275455130e+00,-1.787861364415862797e-01
8.720000000000000000e+02,-1.325016294319399268e+00,-1.787687519828509985e-01
8.730000000000000000e+02,-1.324016217363343628e+00,-1.787513675241157451e-01
8.740000000000000000e+02,-1.323016140407287988e+00,-1.787339830653804917e-01
8.750000000000000000e+02,-1.322016063451232126e+00,-1.787165986066452106e-01
8.760000000000000000e+02,-1.321015986495176486e+00,-1.786992141479099572e-01
8.770000000000000000e+02,-1.320015909539120624e+00,-1.786818296891747038e-01
8.780000000000000000e+02,-1.319015832583064984e+00,-1.786644452304394504e-01
8.790000000000000000e+02,-1.318015755627009344e+00,-1.786470607717041692e-01
8.800000000000000000e+02,-1.317015678670953482e+00,-1.786296763129689158e-01
8.810000000000000000e+02,-1.316015601714897620e+00,-1.786122918542336346e-01
8.820000000000000000e+02,-1.315015524758841980e+00,-1.785949073954983812e-01
8.830000000000000000e+02,-1.314015447802786341e+00,-1.785775229367631278e-01
8.840000000000000000e+02,-1.313015370846730479e+00,-1.785601384780278467e-01
8.850000000000000000e+02,-1.312015293890674839e+00,-1.785427540192925933e-01
8.860000000000000000e+02,-1.311015216934618977e+00,-1.785253695605573399e-01
8.870000000000000000e+02,-1.310015139978563337e+00,-1.785079851018220864e-01
8.880000000000000000e+02,-1.309015063022507697e+00,-1.784906006430868053e-01
8.890000000000000000e+02,-1.308014986066451835e+00,-1.784732161843515519e-01
8.900000000000000000e+02,-1.307014909110396195e+00,-1.784558317256162985e-01
8.910000000000000000e+02,-1.306014832154340333e+00,-1.784384472668810173e-01
8.920000000000000000e+02,-1.305014755198284693e+00,-1.784210628081457639e-01
8.930000000000000000e+02,-1.304014678242229053e+00,-1.784036783494105105e-01
8.940000000000000000e+02,-1.303014601286173191e+00,-1.783862938906752293e-01
8.950000000000000000e+02,-1.302014524330117329e+00,-1.783689094319399759e-01
8.960000000000000000e+02,-1.301014447374061689e+00,-1.783515249732047225e-01
8.970000000000000000e+02,-1.300014370418006049e+00,-1.783341405144694414e-01
8.980000000000000000e+02,-1.299014293461950409e+00,-1.783167560557341880e-01
8.990000000000000000e+02,-1.298014216505894547e+00,-1.782993715969989346e-01
9.000000000000000000e+02,-1.297014139549838685e+00,-1.782819871382636534e-01
9.010000000000000000e+02,-1.296014062593783045e+00,-1.782646026795284000e-01
9.020000000000000000e+02,-1.295013985637727405e+00,-1.782472182207931466e-01
9.030000000000000000e+02,-1.294013908681671765e+00,-1.782298337620578654e-01
9.040000000000000000e+02,-1.293013831725615903e+00,-1.782124493033226120e-01
9.050000000000000000e+02,-1.292013754769560041e+00,-1.781950648445873586e-01
9.060000000000000000e+02,-1.291013677813504401e+00,-1.781776803858520775e-01
9.070000000000000000e+02,-1.290013600857448761e+00,-1.781602959271168241e-01
9.080000000000000000e+02,-1.289013523901392899e+00,-1.781429114683815706e-01
9.090000000000000000e+02,-1.288013446945337037e+00,-1.781255270096462895e-01
9.100000000000000000e+02,-1.287013369989281397e+00,-1.781081425509110361e-01
9.110000000000000000e+02,-1.286013293033225757e+00,-1.780907580921757827e-01
9.120000000000000000e+02,-1.285013216077170117e+00,-1.780733736334405015e-01
9.130000000000000000e+02,-1.284013139121114255e+00,-1.780559891747052481e-01
9.140000000000000000e+02,-1.283013062165058393e+00,-1.780386047159699947e-01
9.150000000000000000e+02,-1.282012985209002753e+00,-1.780212202572347135e-01
9.160000000000000000e+02,-1.281012908252947113e+00,-1.780038357984994601e-01
9.170000000000000000e+02,-1.280012831296891473e+00,-1.779864513397642067e-01
9.180000000000000000e+02,-1.279012754340835611e+00,-1.779690668810289256e-01
9.190000000000000000e+02,-1.278012677384779749e+00,-1.779516824222936722e-01
9.200000000000000000e+02,-1.277012600428724109e+00,-1.779342979635584188e-01
9.210000000000000000e+02,-1.276012523472668470e+00,-1.779169135048231376e-01
9.220000000000000000e+02,-1.275012446516612830e+00,-1.778995290460878842e-01
9.230000000000000000e+02,-1.274012369560556746e+00,-1.778821445873526308e-01
9.240000000000000000e+02,-1.273012292604501106e+00,-1.778647601286173496e-01
9.250000000000000000e+02,-1.272012215648445466e+00,-1.778473756698820962e-01
9.260000000000000000e+02,-1.271012138692389826e+00,-1.778299912111468428e-01
9.270000000000000000e+02,-1.270012061736333964e+00,-1.778126067524115617e-01
9.280000000000000000e+02,-1.269011984780278102e+00,-1.777952222936763083e-01
9.290000000000000000e+02,-1.268011907824222462e+00,-1.777778378349410549e-01
9.300000000000000000e+02,-1.267011830868166822e+00,-1.777604533762057737e-01
9.310000000000000000e+02,-1.266011753912111182e+00,-1.777430689174705203e-01
9.320000000000000000e+02,-1.265011676956055320e+00,-1.777256844587352669e-01
9.330000000000000000e+02,-1.264011599999999458e+00,-1.777082999999999857e-01
9.340000000000000000e+02,-1.263011523043943818e+00,-1.776909155412647323e-01
9.350000000000000000e+02,-1.262011446087888178e+00,-1.776735310825294789e-01
9.360000000000000000e+02,-1.261011369131832538e+00,-1.776561466237941977e-01
9.370000000000000000e+02,-1.260011292175776454e+00,-1.776387621650589443e-01
9.380000000000000000e+02,-1.259011215219720814e+00,-1.776213777063236909e-01
9.390000000000000000e+02,-1.258011138263665174e+00,-1.776039932475884098e-01
9.400000000000000000e+02,-1.257011061307609534e+00,-1.775866087888531564e-01
9.410000000000000000e+02,-1.256010984351553672e+00,-1.775692243301179030e-01
9.420000000000000000e+02,-1.255010907395498032e+00,-1.775518398713826218e-01
9.430000000000000000e+02,-1.254010830439442170e+00,-1.775344554126473684e-01
9.440000000000000000e+02,-1.253010753483386530e+00,-1.775170709539121150e-01
9.450000000000000000e+02,-1.252010676527330668e+00,-1.774996864951768338e-01
9.460000000000000000e+02,-1.251010599571275250e+00,-1.774823020364415804e-01
9.470000000000000000e+02,-1.250010522615219166e+00,-1.774649175777063270e-01
9.480000000000000000e+02,-1.249010445659163526e+00,-1.774475331189710459e-01
9.490000000000000000e+02,-1.248010368703107886e+00,-1.774301486602357925e-01
9.500000000000000000e+02,-1.247010291747052246e+00,-1.774127642015005391e-01
9.510000000000000000e+02,-1.246010214790996162e+00,-1.773953797427652579e-01
9.520000000000000000e+02,-1.245010137834940522e+00,-1.773779952840300045e-01
9.530000000000000000e+02,-1.244010060878884882e+00,-1.773606108252947511e-01
9.540000000000000000e+02,-1.243009983922829242e+00,-1.773432263665594699e-01
9.550000000000000000e+02,-1.242009906966773380e+00,-1.773258419078242165e-01
9.560000000000000000e+02,-1.241009830010717740e+00,-1.773084574490889631e-01
9.570000000000000000e+02,-1.240009753054661878e+00,-1.772910729903536819e-01
9.580000000000000000e+02,-1.239009676098606239e+00,-1.772736885316184285e-01
9.590000000000000000e+02,-1.238009599142550377e+00,-1.772563040728831751e-01
9.600000000000000000e+02,-1.237009522186494959e+00,-1.772389196141478940e-01
9.610000000000000000e+02,-1.236009445230438875e+00,-1.772215351554126406e-01
9.620000000000000000e+02,-1.235009368274383235e+00,-1.772041506966773872e-01
9.630000000000000000e+02,-1.234009291318327595e+00,-1.771867662379421060e-01
9.640000000000000000e+02,-1.233009214362271955e+00,-1.771693817792068526e-01
9.650000000000000000e+02,-1.232009137406216093e+00,-1.771519973204715992e-01
9.660000000000000000e+02,-1.231009060450160231e+00,-1.771346128617363180e-01
9.670000000000000000e+02,-1.230008983494104591e+00,-1.771172284030010646e-01
9.680000000000000000e+02,-1.229008906538048951e+00,-1.770998439442658112e-01
9.690000000000000000e+02,-1.228008829581993089e+00,-1.770824594855305301e-01
9.700000000000000000e+02,-1.227008752625937449e+00,-1.770650750267952767e-01
9.710000000000000000e+02,-1.226008675669881587e+00,-1.770476905680600233e-01
9.720000000000000000e+02,-1.225008598713825947e+00,-1.770303061093247421e-01
9.730000000000000000e+02,-1.224008521757770085e+00,-1.770129216505894887e-01
9.740000000000000000e+02,-1.223008444801714667e+00,-1.769955371918542353e-01
9.750000000000000000e+02,-1.222008367845658583e+00,-1.769781527331189541e-01
9.760000000000000000e+02,-1.221008290889602943e+00,-1.769607682743837007e-01
9.770000000000000000e+02,-1.220008213933547303e+00,-1.769433838156484473e-01
9.780000000000000000e+02,-1.219008136977491663e+00,-1.769259993569131661e-01
9.790000000000000000e+02,-1.218008060021435801e+00,-1.769086148981779127e-01
9.800000000000000000e+02,-1.217007983065379939e+00,-1.768912304394426593e-01
9.810000000000000000e+02,-1.216007906109324299e+00,-1.768738459807073782e-01
9.820000000000000000e+02,-1.215007829153268659e+00,-1.768564615219721248e-01
9.830000000000000000e+02,-1.214007752197212797e+00,-1.768390770632368714e-01
9.840000000000000000e+02,-1.213007675241157379e+00,-1.768216926045015902e-01
9.850000000000000000e+02,-1.212007598285101295e+00,-1.768043081457663368e-01
9.860000000000000000e+02,-1.211007521329045655e+00,-1.767869236870310834e-01
9.870000000000000000e+02,-1.210007444372989793e+00,-1.767695392282958022e-01
9.880000000000000000e+02,-1.209007367416934375e+00,-1.767521547695605488e-01
9.890000000000000000e+02,-1.208007290460878513e+00,-1.767347703108252954e-01
9.900000000000000000e+02,-1.207007213504822651e+00,-1.767173858520900143e-01
9.910000000000000000e+02,-1.206007136548767011e+00,-1.767000013933547609e-01
9.920000000000000000e+02,-1.205007059592711371e+00,-1.766826169346195075e-01
9.930000000000000000e+02,-1.204006982636655509e+00,-1.766652324758842263e-01
9.940000000000000000e+02,-1.203006905680599647e+00,-1.766478480171489729e-01
9.950000000000000000e+02,-1.202006828724544008e+00,-1.766304635584137195e-01
9.960000000000000000e+02,-1.201006751768488368e+00,-1.766130790996784383e-01
9.970000000000000000e+02,-1.200006674812432506e+00,-1.765956946409431849e-01
9.980000000000000000e+02,-1.199006597856377088e+00,-1.765783101822079315e-01
9.990000000000000000e+02,-1.198006520900321004e+00,-1.765609257234726504e-01
1.000000000000000000e+03,-1.197006443944265364e+00,-1.765435412647373969e-01
1.001000000000000000e+03,-1.196006366988209502e+00,-1.765261568060021435e-01
1.002000000000000000e+03,-1.195006290032154084e+00,-1.765087723472668624e-01
1.003000000000000000e+03,-1.194006213076098222e+00,-1.764913878885316090e-01
1.004000000000000000e+03,-1.193006136120042360e+00,-1.764740034297963556e-01
1.005000000000000000e+03,-1.192006059163986720e+00,-1.764566189710610744e-01
1.006000000000000000e+03,-1.191005982207931080e+00,-1.764392345123258210e-01
1.007000000000000000e+03,-1.190005905251875218e+00,-1.764218500535905676e-01
1.008000000000000000e+03,-1.189005828295819356e+00,-1.764044655948552864e-01
1.009000000000000000e+03,-1.188005751339763938e+00,-1.763870811361200330e-01
1.010000000000000000e+03,-1.187005674383708076e+00,-1.763696966773847796e-01
1.011000000000000000e+03,-1.186005597427652214e+00,-1.763523122186494985e-01
1.012000000000000000e+03,-1.185005520471596574e+00,-1.763349277599142451e-01
1.013000000000000000e+03,-1.184005443515540934e+00,-1.763175433011789917e-01
1.014000000000000000e+03,-1.183005366559485072e+00,-1.763001588424437105e-01
1.015000000000000000e+03,-1.182005289603429210e+00,-1.762827743837084571e-01
1.016000000000000000e+03,-1.181005212647373792e+00,-1.762653899249732037e-01
1.017000000000000000e+03,-1.180005135691317930e+00,-1.762480054662379225e-01
1.018000000000000000e+03,-1.179005058735262068e+00,-1.762306210075026691e-01
1.019000000000000000e+03,-1.178004981779206428e+00,-1.762132365487674157e-01
1.020000000000000000e+03,-1.177004904823150788e+00,-1.761958520900321346e-01
1.021000000000000000e+03,-1.176004827867094926e+00,-1.761784676312968811e-01
1.022000000000000000e+03,-1.175004750911039064e+00,-1.761610831725616277e-01
1.023000000000000000e+03,-1.174004673954983646e+00,-1.761436987138263466e-01
1.024000000000000000e+03,-1.173004596998927784e+00,-1.761263142550910932e-01
1.025000000000000000e+03,-1.172004520042871922e+00,-1.761089297963558398e-01
1.026000000000000000e+03,-1.171004443086816504e+00,-1.760915453376205586e-01
1.027000000000000000e+03,-1.170004366130760642e+00,-1.760741608788853052e-01
1.028000000000000000e+03,-1.169004289174704780e+00,-1.760567764201500518e-01
1.029000000000000000e+03,-1.168004212218648918e+00,-1.760393919614147706e-01
1.030000000000000000e+03,-1.167004135262593500e+00,-1.760220075026795172e-01
1.031000000000000000e+03,-1.166004058306537639e+00,-1.760046230439442638e-01
1.032000000000000000e+03,-1.165003981350481777e+00,-1.759872385852089827e-01
1.033000000000000000e+03,-1.164003904394426359e+00,-1.759698541264737293e-01
1.034000000000000000e+03,-1.163003827438370497e+00,-1.759524696677384759e-01
1.035000000000000000e+03,-1.162003750482314635e+00,-1.759350852090031947e-01
1.036000000000000000e+03,-1.161003673526258773e+00,-1.759177007502679413e-01
1.037000000000000000e+03,-1.160003596570203355e+00,-1.759003162915326879e-01
1.038000000000000000e+03,-1.159003519614147493e+00,-1.758829318327974067e-01
1.039000000000000000e+03,-1.158003442658091631e+00,-1.758655473740621533e-01
1.040000000000000000e+03,-1.157003365702036213e+00,-1.758481629153268999e-01
1.041000000000000000e+03,-1.156003288745980351e+00,-1.758307784565916188e-01
1.042000000000000000e+03,-1.155003211789924489e+00,-1.758133939978563653e-01
1.043000000000000000e+03,-1.154003134833868849e+00,-1.757960095391211119e-01
1.044000000000000000e+03,-1.153003057877813209e+00,-1.757786250803858585e-01
1.045000000000000000e+03,-1.152002980921757347e+00,-1.757612406216505774e-01
1.046000000000000000e+03,-1.151002903965701485e+00,-1.757438561629153240e-01
1.047000000000000000e+03,-1.150002827009646067e+00,-1.757264717041800706e-01
1.048000000000000000e+03,-1.149002750053590205e+00,-1.757090872454447894e-01
1.049000000000000000e+03,-1.148002673097534343e+00,-1.756917027867095360e-01
1.050000000000000000e+03,-1.147002596141478703e+00,-1.756743183279742548e-01
1.051000000000000000e+03,-1.146002519185423063e+00,-1.756569338692390014e-01
1.052000000000000000e+03,-1.145002442229367201e+00,-1.756395494105037480e-01
1.053000000000000000e+03,-1.144002365273311339e+00,-1.756221649517684669e-01
1.054000000000000000e+03,-1.143002288317255921e+00,-1.756047804930332135e-01
1.055000000000000000e+03,-1.142002211361200059e+00,-1.755873960342979601e-01
1.056000000000000000e+03,-1.141002134405144197e+00,-1.755700115755626789e-01
1.057000000000000000e+03,-1.140002057449088557e+00,-1.755526271168274255e-01
1.058000000000000000e+03,-1.139001980493032917e+00,-1.755352426580921721e-01
1.059000000000000000e+03,-1.138001903536977055e+00,-1.755178581993569187e-01
1.060000000000000000e+03,-1.137001826580921193e+00,-1.755004737406216375e-01
1.061000000000000000e+03,-1.136001749624865775e+00,-1.754830892818863841e-01
1.062000000000000000e+03,-1.135001672668809913e+00,-1.754657048231511307e-01
1.063000000000000000e+03,-1.134001595712754051e+00,-1.754483203644158495e-01
1.064000000000000000e+03,-1.133001518756698411e+00,-1.754309359056805961e-01
1.065000000000000000e+03,-1.132001441800642771e+00,-1.754135514469453427e-01
1.066000000000000000e+03,-1.131001364844586909e+00,-1.753961669882100616e-01
1.067000000000000000e+03,-1.130001287888531269e+00,-1.753787825294748082e-01
1.068000000000000000e+03,-1.129001210932475630e+00,-1.753613980707395548e-01
1.069000000000000000e+03,-1.128001133976419768e+00,-1.753440136120042736e-01
1.070000000000000000e+03,-1.127001057020363906e+00,-1.753266291532690202e-01
1.071000000000000000e+03,-1.126000980064308266e+00,-1.753092446945337390e-01
1.072000000000000000e+03,-1.125000903108252626e+00,-1.752918602357984856e-01
1.073000000000000000e+03,-1.124000826152196764e+00,-1.752744757770632322e-01
1.074000000000000000e+03,-1.123000749196141124e+00,-1.752570913183279788e-01
1.075000000000000000e+03,-1.122000672240085484e+00,-1.752397068595926977e-01
1.076000000000000000e+03,-1.121000595284029622e+00,-1.752223224008574443e-01
1.077000000000000000e+03,-1.120000518327973760e+00,-1.752049379421221909e-01
1.078000000000000000e+03,-1.119000441371918120e+00,-1.751875534833869097e-01
1.079000000000000000e+03,-1.118000364415862480e+00,-1.751701690246516563e-01
1.080000000000000000e+03,-1.117000287459806618e+00,-1.751527845659164029e-01
1.081000000000000000e+03,-1.116000210503750978e+00,-1.751354001071811217e-01
1.082000000000000000e+03,-1.115000133547695338e+00,-1.751180156484458683e-01
1.083000000000000000e+03,-1.114000056591639476e+00,-1.751006311897106149e-01
1.084000000000000000e+03,-1.112999979635583614e+00,-1.750832467309753337e-01
1.085000000000000000e+03,-1.111999902679527974e+00,-1.750658622722400803e-01
1.086000000000000000e+03,-1.110999825723472334e+00,-1.750484778135048269e-01
1.087000000000000000e+03,-1.109999748767416472e+00,-1.750310933547695458e-01
1.088000000000000000e+03,-1.108999671811360832e+00,-1.750137088960342924e-01
1.089000000000000000e+03,-1.107999594855305192e+00,-1.749963244372990390e-01
1.090000000000000000e+03,-1.106999517899249330e+00,-1.749789399785637578e-01
1.091000000000000000e+03,-1.105999440943193468e+00,-1.749615555198285044e-01
1.092000000000000000e+03,-1.104999363987137828e+00,-1.749441710610932510e-01
1.093000000000000000e+03,-1.103999287031082188e+00,-1.749267866023579698e-01
1.094000000000000000e+03,-1.102999210075026326e+00,-1.749094021436227164e-01
1.095000000000000000e+03,-1.101999133118970686e+00,-1.748920176848874630e-01
1.096000000000000000e+03,-1.100999056162915046e+00,-1.748746332261521819e-01
1.097000000000000000e+03,-1.099998979206859184e+00,-1.748572487674169285e-01
1.098000000000000000e+03,-1.098998902250803544e+00,-1.748398643086816751e-01
1.099000000000000000e+03,-1.097998825294747682e+00,-1.748224798499463939e-01
1.100000000000000000e+03,-1.096998748338692042e+00,-1.748050953912111405e-01
1.101000000000000000e+03,-1.095998671382636180e+00,-1.747877109324758871e-01
1.102000000000000000e+03,-1.094998594426580540e+00,-1.747703264737406059e-01
1.103000000000000000e+03,-1.093998517470524900e+00,-1.747529420150053525e-01
1.104000000000000000e+03,-1.092998440514469038e+00,-1.747355575562700991e-01
1.105000000000000000e+03,-1.091998363558413399e+00,-1.747181730975348180e-01
1.106000000000000000e+03,-1.090998286602357537e+00,-1.747007886387995645e-01
1.107000000000000000e+03,-1.089998209646301897e+00,-1.746834041800643111e-01
1.108000000000000000e+03,-1.088998132690246035e+00,-1.746660197213290300e-01
1.109000000000000000e+03,-1.087998055734190395e+00,-1.746486352625937766e-01
1.110000000000000000e+03,-1.086997978778134755e+00,-1.746312508038585232e-01
1.111000000000000000e+03,-1.085997901822078893e+00,-1.746138663451232420e-01
1.112000000000000000e+03,-1.084997824866023253e+00,-1.745964818863879886e-01
1.113000000000000000e+03,-1.083997747909967391e+00,-1.745790974276527352e-01
1.114000000000000000e+03,-1.082997670953911751e+00,-1.745617129689174540e-01
1.115000000000000000e+03,-1.081997593997855889e+00,-1.745443285101822006e-01
1.116000000000000000e+03,-1.080997517041800249e+00,-1.745269440514469472e-01
1.117000000000000000e+03,-1.079997440085744609e+00,-1.745095595927116661e-01
1.118000000000000000e+03,-1.078997363129688747e+00,-1.744921751339764127e-01
1.119000000000000000e+03,-1.077997286173633107e+00,-1.744747906752411593e-01
1.120000000000000000e+03,-1.076997209217577245e+00,-1.744574062165058781e-01
1.121000000000000000e+03,-1.075997132261521605e+00,-1.744400217577706247e-01
1.122000000000000000e+03,-1.074997055305465743e+00,-1.744226372990353713e-01
1.123000000000000000e+03,-1.073996978349410103e+00,-1.744052528403000901e-01
1.124000000000000000e+03,-1.072996901393354463e+00,-1.743878683815648367e-01
1.125000000000000000e+03,-1.071996824437298601e+00,-1.743704839228295833e-01
1.126000000000000000e+03,-1.070996747481242961e+00,-1.743530994640943022e-01
1.127000000000000000e+03,-1.069996670525187099e+00,-1.743357150053590487e-01
1.128000000000000000e+03,-1.068996593569131459e+00,-1.743183305466237953e-01
1.129000000000000000e+03,-1.067996516613075819e+00,-1.743009460878885142e-01
1.130000000000000000e+03,-1.066996439657019957e+00,-1.742835616291532608e-01
1.131000000000000000e+03,-1.065996362700964317e+00,-1.742661771704180074e-01
1.132000000000000000e+03,-1.064996285744908455e+00,-1.742487927116827262e-01
1.133000000000000000e+03,-1.063996208788852815e+00,-1.742314082529474728e-01
1.134000000000000000e+03,-1.062996131832796953e+00,-1.742140237942122194e-01
1.135000000000000000e+03,-1.061996054876741313e+00,-1.741966393354769660e-01
1.136000000000000000e+03,-1.060995977920685673e+00,-1.741792548767416848e-01
1.137000000000000000e+03,-1.059995900964629811e+00,-1.741618704180064314e-01
1.138000000000000000e+03,-1.058995824008574171e+00,-1.741444859592711780e-01
1.139000000000000000e+03,-1.057995747052518309e+00,-1.741271015005358969e-01
1.140000000000000000e+03,-1.056995670096462669e+00,-1.741097170418006435e-01
1.141000000000000000e+03,-1.055995593140406807e+00,-1.740923325830653623e-01
1.142000000000000000e+03,-1.054995516184351168e+00,-1.740749481243301089e-01
1.143000000000000000e+03,-1.053995439228295528e+00,-1.740575636655948555e-01
1.144000000000000000e+03,-1.052995362272239666e+00,-1.740401792068595743e-01
1.145000000000000000e+03,-1.051995285316184026e+00,-1.740227947481243209e-01
1.146000000000000000e+03,-1.050995208360128164e+00,-1.740054102893890675e-01
1.147000000000000000e+03,-1.049995131404072524e+00,-1.739880258306537864e-01
1.148000000000000000e+03,-1.048995054448016662e+00,-1.739706413719185329e-01
1.149000000000000000e+03,-1.047994977491961022e+00,-1.739532569131832795e-01
1.150000000000000000e+03,-1.046994900535905382e+00,-1.739358724544480261e-01
1.151000000000000000e+03,-1.045994823579849520e+00,-1.739184879957127450e-01
1.152000000000000000e+03,-1.044994746623793658e+00,-1.739011035369774916e-01
1.153000000000000000e+03,-1.043994669667738240e+00,-1.738837190782422382e-01
1.154000000000000000e+03,-1.042994592711682378e+00,-1.738663346195069570e-01
1.155000000000000000e+03,-1.041994515755626516e+00,-1.738489501607717036e-01
1.156000000000000000e+03,-1.040994438799570876e+00,-1.738315657020364502e-01
1.157000000000000000e+03,-1.039994361843515236e+00,-1.738141812433011690e-01
1.158000000000000000e+03,-1.038994284887459374e+00,-1.737967967845659156e-01
1.159000000000000000e+03,-1.037994207931403512e+00,-1.737794123258306345e-01
1.160000000000000000e+03,-1.036994130975348094e+00,-1.737620278670953811e-01
1.161000000000000000e+03,-1.035994054019292232e+00,-1.737446434083601277e-01
1.162000000000000000e+03,-1.034993977063236370e+00,-1.737272589496248465e-01
1.163000000000000000e+03,-1.033993900107180730e+00,-1.737098744908895931e-01
1.164000000000000000e+03,-1.032993823151125090e+00,-1.736924900321543397e-01
1.165000000000000000e+03,-1.031993746195069228e+00,-1.736751055734190863e-01
1.166000000000000000e+03,-1.030993669239013366e+00,-1.736577211146838051e-01
1.167000000000000000e+03,-1.029993592282957948e+00,-1.736403366559485517e-01
1.168000000000000000e+03,-1.028993515326902086e+00,-1.736229521972132983e-01
1.169000000000000000e+03,-1.027993438370846224e+00,-1.736055677384780171e-01
1.170000000000000000e+03,-1.026993361414790584e+00,-1.735881832797427637e-01
1.171000000000000000e+03,-1.025993284458734944e+00,-1.735707988210075103e-01
1.172000000000000000e+03,-1.024993207502679082e+00,-1.735534143622722292e-01
1.173000000000000000e+03,-1.023993130546623220e+00,-1.735360299035369758e-01
1.174000000000000000e+03,-1.022993053590567802e+00,-1.735186454448017224e-01
1.175000000000000000e+03,-1.021992976634511940e+00,-1.735012609860664412e-01
1.176000000000000000e+03,-1.020992899678456078e+00,-1.734838765273311878e-01
1.177000000000000000e+03,-1.019992822722400438e+00,-1.734664920685959344e-01
1.178000000000000000e+03,-1.018992745766344798e+00,-1.734491076098606532e-01
1.179000000000000000e+03,-1.017992668810288936e+00,-1.734317231511253998e-01
1.180000000000000000e+03,-1.016992591854233074e+00,-1.734143386923901464e-01
1.181000000000000000e+03,-1.015992514898177657e+00,-1.733969542336548653e-01
1.182000000000000000e+03,-1.014992437942121795e+00,-1.733795697749196119e-01
1.183000000000000000e+03,-1.013992360986065933e+00,-1.733621853161843585e-01
1.184000000000000000e+03,-1.012992284030010515e+00,-1.733448008574490773e-01
1.185000000000000000e+03,-1.011992207073954653e+00,-1.733274163987138239e-01
1.186000000000000000e+03,-1.010992130117898791e+00,-1.733100319399785705e-01
1.187000000000000000e+03,-1.009992053161842929e+00,-1.732926474812432893e-01
1.188000000000000000e+03,-1.008991976205787511e+00,-1.732752630225080359e-01
1.189000000000000000e+03,-1.007991899249731649e+00,-1.732578785637727825e-01
1.190000000000000000e+03,-1.006991822293675787e+00,-1.732404941050375013e-01
1.191000000000000000e+03,-1.005991745337620369e+00,-1.732231096463022479e-01
1.192000000000000000e+03,-1.004991668381564507e+00,-1.732057251875669945e-01
1.193000000000000000e+03,-1.003991591425508645e+00,-1.731883407288317134e-01
1.194000000000000000e+03,-1.002991514469452783e+00,-1.731709562700964600e-01
1.195000000000000000e+03,-1.001991437513397365e+00,-1.731535718113612066e-01
1.196000000000000000e+03,-1.000991360557341503e+00,-1.731361873526259254e-01
1.197000000000000000e+03,-9.999912836012856410e-01,-1.731188028938906720e-01
1.198000000000000000e+03,-9.989912066452302231e-01,-1.731014184351554186e-01
1.199000000000000000e+03,-9.979911296891743611e-01,-1.730840339764201374e-01
1.200000000000000000e+03,-9.969910527331184991e-01,-1.730666495176848840e-01
1.201000000000000000e+03,-9.959909757770628591e-01,-1.730492650589496306e-01
1.202000000000000000e+03,-9.949908988210072192e-01,-1.730318806002143495e-01
1.203000000000000000e+03,-9.939908218649513572e-01,-1.730144961414790961e-01
1.204000000000000000e+03,-9.929907449088954952e-01,-1.729971116827438427e-01
1.205000000000000000e+03,-9.919906679528400772e-01,-1.729797272240085615e-01
1.206000000000000000e+03,-9.909905909967842152e-01,-1.729623427652733081e-01
1.207000000000000000e+03,-9.899905140407283533e-01,-1.729449583065380547e-01
1.208000000000000000e+03,-9.889904370846727133e-01,-1.729275738478027735e-01
1.209000000000000000e+03,-9.879903601286170733e-01,-1.729101893890675201e-01
1.210000000000000000e+03,-9.869902831725612113e-01,-1.728928049303322667e-01
1.211000000000000000e+03,-9.859902062165053493e-01,-1.728754204715969855e-01
1.212000000000000000e+03,-9.849901292604499314e-01,-1.728580360128617321e-01
1.213000000000000000e+03,-9.839900523043940694e-01,-1.728406515541264787e-01
1.214000000000000000e+03,-9.829899753483382074e-01,-1.728232670953911976e-01
1.215000000000000000e+03,-9.819898983922825675e-01,-1.728058826366559442e-01
1.216000000000000000e+03,-9.809898214362269275e-01,-1.727884981779206908e-01
1.217000000000000000e+03,-9.799897444801710655e-01,-1.727711137191854096e-01
1.218000000000000000e+03,-9.789896675241152035e-01,-1.727537292604501562e-01
1.219000000000000000e+03,-9.779895905680597856e-01,-1.727363448017149028e-01
1.220000000000000000e+03,-9.769895136120039236e-01,-1.727189603429796216e-01
1.221000000000000000e+03,-9.759894366559480616e-01,-1.727015758842443682e-01
1.222000000000000000e+03,-9.749893596998924217e-01,-1.726841914255091148e-01
1.223000000000000000e+03,-9.739892827438367817e-01,-1.726668069667738337e-01
1.224000000000000000e+03,-9.729892057877809197e-01,-1.726494225080385803e-01
1.225000000000000000e+03,-9.719891288317250577e-01,-1.726320380493033269e-01
1.226000000000000000e+03,-9.709890518756696398e-01,-1.726146535905680457e-01
1.227000000000000000e+03,-9.699889749196137778e-01,-1.725972691318327923e-01
1.228000000000000000e+03,-9.689888979635579158e-01,-1.725798846730975389e-01
1.229000000000000000e+03,-9.679888210075022759e-01,-1.725625002143622577e-01
1.230000000000000000e+03,-9.669887440514466359e-01,-1.725451157556270043e-01
1.231000000000000000e+03,-9.659886670953907739e-01,-1.725277312968917509e-01
1.232000000000000000e+03,-9.649885901393351340e-01,-1.725103468381564698e-01
1.233000000000000000e+03,-9.639885131832794940e-01,-1.724929623794212163e-01
1.234000000000000000e+03,-9.629884362272236320e-01,-1.724755779206859629e-01
1.235000000000000000e+03,-9.619883592711677700e-01,-1.724581934619506818e-01
1.236000000000000000e+03,-9.609882823151121300e-01,-1.724408090032154284e-01
1.237000000000000000e+03,-9.599882053590564901e-01,-1.724234245444801750e-01
1.238000000000000000e+03,-9.589881284030006281e-01,-1.724060400857448938e-01
1.239000000000000000e+03,-9.579880514469449881e-01,-1.723886556270096404e-01
1.240000000000000000e+03,-9.569879744908893482e-01,-1.723712711682743870e-01
1.241000000000000000e+03,-9.559878975348334862e-01,-1.723538867095391058e-01
1.242000000000000000e+03,-9.549878205787776242e-01,-1.723365022508038524e-01
1.243000000000000000e+03,-9.539877436227219842e-01,-1.723191177920685990e-01
1.244000000000000000e+03,-9.529876666666663443e-01,-1.723017333333333179e-01
1.245000000000000000e+03,-9.519875897106104823e-01,-1.722843488745980645e-01
1.246000000000000000e+03,-9.509875127545548423e-01,-1.722669644158628111e-01
1.247000000000000000e+03,-9.499874357984992024e-01,-1.722495799571275299e-01
1.248000000000000000e+03,-9.489873588424433404e-01,-1.722321954983922765e-01
1.249000000000000000e+03,-9.479872818863874784e-01,-1.722148110396570231e-01
1.250000000000000000e+03,-9.469872049303318384e-01,-1.721974265809217419e-01
1.251000000000000000e+03,-9.459871279742761985e-01,-1.721800421221864885e-01
1.252000000000000000e+03,-9.449870510182203365e-01,-1.721626576634512351e-01
1.253000000000000000e+03,-9.439869740621646965e-01,-1.721452732047159540e-01
1.254000000000000000e+03,-9.429868971061090566e-01,-1.721278887459807005e-01
1.255000000000000000e+03,-9.419868201500531946e-01,-1.721105042872454471e-01
1.256000000000000000e+03,-9.409867431939973326e-01,-1.720931198285101660e-01
1.257000000000000000e+03,-9.399866662379416926e-01,-1.720757353697749126e-01
1.258000000000000000e+03,-9.389865892818860527e-01,-1.720583509110396592e-01
1.259000000000000000e+03,-9.379865123258301907e-01,-1.720409664523043780e-01
1.260000000000000000e+03,-9.369864353697745507e-01,-1.720235819935691246e-01
1.261000000000000000e+03,-9.359863584137189108e-01,-1.720061975348338712e-01
1.262000000000000000e+03,-9.349862814576630488e-01,-1.719888130760985900e-01
1.263000000000000000e+03,-9.339862045016074088e-01,-1.719714286173633366e-01
1.264000000000000000e+03,-9.329861275455515468e-01,-1.719540441586280832e-01
1.265000000000000000e+03,-9.319860505894959068e-01,-1.719366596998928021e-01
1.266000000000000000e+03,-9.309859736334400448e-01,-1.719192752411575487e-01
1.267000000000000000e+03,-9.299858966773844049e-01,-1.719018907824222953e-01
1.268000000000000000e+03,-9.289858197213287649e-01,-1.718845063236870141e-01
1.269000000000000000e+03,-9.279857427652729029e-01,-1.718671218649517607e-01
1.270000000000000000e+03,-9.269856658092172630e-01,-1.718497374062165073e-01
1.271000000000000000e+03,-9.259855888531614010e-01,-1.718323529474812261e-01
1.272000000000000000e+03,-9.249855118971057610e-01,-1.718149684887459727e-01
1.273000000000000000e+03,-9.239854349410498990e-01,-1.717975840300107193e-01
1.274000000000000000e+03,-9.229853579849942591e-01,-1.717801995712754382e-01
1.275000000000000000e+03,-9.219852810289386191e-01,-1.717628151125401847e-01
1.276000000000000000e+03,-9.209852040728827571e-01,-1.717454306538049313e-01
1.277000000000000000e+03,-9.199851271168271172e-01,-1.717280461950696502e-01
1.278000000000000000e+03,-9.189850501607712552e-01,-1.717106617363343968e-01
1.279000000000000000e+03,-9.179849732047156152e-01,-1.716932772775991434e-01
1.280000000000000000e+03,-9.169848962486597532e-01,-1.716758928188638622e-01
1.281000000000000000e+03,-9.159848192926041133e-01,-1.716585083601286088e-01
1.282000000000000000e+03,-9.149847423365484733e-01,-1.716411239013933554e-01
1.283000000000000000e+03,-9.139846653804926113e-01,-1.716237394426580742e-01
1.284000000000000000e+03,-9.129845884244369714e-01,-1.716063549839228208e-01
1.285000000000000000e+03,-9.119845114683811094e-01,-1.715889705251875674e-01
1.286000000000000000e+03,-9.109844345123254694e-01,-1.715715860664522863e-01
1.287000000000000000e+03,-9.099843575562698295e-01,-1.715542016077170329e-01
1.288000000000000000e+03,-9.089842806002139675e-01,-1.715368171489817795e-01
1.289000000000000000e+03,-9.079842036441583275e-01,-1.715194326902464983e-01
1.290000000000000000e+03,-9.069841266881024655e-01,-1.715020482315112449e-01
1.291000000000000000e+03,-9.059840497320468256e-01,-1.714846637727759915e-01
1.292000000000000000e+03,-9.049839727759909636e-01,-1.714672793140407103e-01
1.293000000000000000e+03,-9.039838958199353236e-01,-1.714498948553054569e-01
1.294000000000000000e+03,-9.029838188638796836e-01,-1.714325103965702035e-01
1.295000000000000000e+03,-9.019837419078238216e-01,-1.714151259378349224e-01
1.296000000000000000e+03,-9.009836649517681817e-01,-1.713977414790996689e-01
1.297000000000000000e+03,-8.999835879957123197e-01,-1.713803570203644155e-01
1.298000000000000000e+03,-8.989835110396566797e-01,-1.713629725616291344e-01
1.299000000000000000e+03,-8.979834340836008177e-01,-1.713455881028938810e-01
1.300000000000000000e+03,-8.969833571275451778e-01,-1.713282036441586276e-01
1.301000000000000000e+03,-8.959832801714895378e-01,-1.713108191854233464e-01
1.302000000000000000e+03,-8.949832032154336758e-01,-1.712934347266880930e-01
1.303000000000000000e+03,-8.939831262593780359e-01,-1.712760502679528396e-01
1.304000000000000000e+03,-8.929830493033221739e-01,-1.712586658092175584e-01
1.305000000000000000e+03,-8.919829723472665339e-01,-1.712412813504823050e-01
1.306000000000000000e+03,-8.909828953912106719e-01,-1.712238968917470516e-01
1.307000000000000000e+03,-8.899828184351550320e-01,-1.712065124330117705e-01
1.308000000000000000e+03,-8.889827414790993920e-01,-1.711891279742765171e-01
1.309000000000000000e+03,-8.879826645230435300e-01,-1.711717435155412637e-01
1.310000000000000000e+03,-8.869825875669878901e-01,-1.711543590568059825e-01
1.311000000000000000e+03,-8.859825106109320281e-01,-1.711369745980707291e-01
1.312000000000000000e+03,-8.849824336548763881e-01,-1.711195901393354757e-01
1.313000000000000000e+03,-8.839823566988205261e-01,-1.711022056806001945e-01
1.314000000000000000e+03,-8.829822797427648862e-01,-1.710848212218649411e-01
1.315000000000000000e+03,-8.819822027867092462e-01,-1.710674367631296877e-01
1.316000000000000000e+03,-8.809821258306533842e-01,-1.710500523043944066e-01
1.317000000000000000e+03,-8.799820488745977443e-01,-1.710326678456591531e-01
1.318000000000000000e+03,-8.789819719185421043e-01,-1.710152833869238997e-01
1.319000000000000000e+03,-8.779818949624862423e-01,-1.709978989281886186e-01
1.320000000000000000e+03,-8.769818180064303803e-01,-1.709805144694533652e-01
1.321000000000000000e+03,-8.759817410503747404e-01,-1.709631300107181118e-01
1.322000000000000000e+03,-8.749816640943191004e-01,-1.709457455519828306e-01
1.323000000000000000e+03,-8.739815871382632384e-01,-1.709283610932475772e-01
1.324000000000000000e+03,-8.729815101822075984e-01,-1.709109766345123238e-01
1.325000000000000000e+03,-8.719814332261519585e-01,-1.708935921757770426e-01
1.326000000000000000e+03,-8.709813562700960965e-01,-1.708762077170417892e-01
1.327000000000000000e+03,-8.699812793140402345e-01,-1.708588232583065358e-01
1.328000000000000000e+03,-8.689812023579845945e-01,-1.708414387995712824e-01
1.329000000000000000e+03,-8.679811254019289546e-01,-1.708240543408360013e-01
1.330000000000000000e+03,-8.669810484458730926e-01,-1.708066698821007479e-01
1.331000000000000000e+03,-8.659809714898174526e-01,-1.707892854233654945e-01
1.332000000000000000e+03,-8.649808945337618127e-01,-1.707719009646302133e-01
1.333000000000000000e+03,-8.639808175777059507e-01,-1.707545165058949599e-01
1.334000000000000000e+03,-8.629807406216500887e-01,-1.707371320471596787e-01
1.335000000000000000e+03,-8.619806636655944487e-01,-1.707197475884244253e-01
1.336000000000000000e+03,-8.609805867095388088e-01,-1.707023631296891719e-01
1.337000000000000000e+03,-8.599805097534829468e-01,-1.706849786709538908e-01
1.338000000000000000e+03,-8.589804327974273068e-01,-1.706675942122186374e-01
1.339000000000000000e+03,-8.579803558413716669e-01,-1.706502097534833839e-01
1.340000000000000000e+03,-8.569802788853158049e-01,-1.706328252947481028e-01
1.341000000000000000e+03,-8.559802019292599429e-01,-1.706154408360128494e-01
1.342000000000000000e+03,-8.549801249732043029e-01,-1.705980563772775960e-01
1.343000000000000000e+03,-8.539800480171486630e-01,-1.705806719185423426e-01
1.344000000000000000e+03,-8.529799710610928010e-01,-1.705632874598070614e-01
1.345000000000000000e+03,-8.519798941050371610e-01,-1.705459030010718080e-01
1.346000000000000000e+03,-8.509798171489815211e-01,-1.705285185423365546e-01
1.347000000000000000e+03,-8.499797401929256591e-01,-1.705111340836012734e-01
1.348000000000000000e+03,-8.489796632368697971e-01,-1.704937496248660200e-01
1.349000000000000000e+03,-8.479795862808143792e-01,-1.704763651661307666e-01
1.350000000000000000e+03,-8.469795093247585172e-01,-1.704589807073954855e-01
1.351000000000000000e+03,-8.459794323687026552e-01,-1.704415962486602321e-01
1.352000000000000000e+03,-8.449793554126470152e-01,-1.704242117899249787e-01
1.353000000000000000e+03,-8.439792784565913752e-01,-1.704068273311896975e-01
1.354000000000000000e+03,-8.429792015005355132e-01,-1.703894428724544441e-01
1.355000000000000000e+03,-8.419791245444796512e-01,-1.703720584137191629e-01
1.356000000000000000e+03,-8.409790475884242333e-01,-1.703546739549839095e-01
1.357000000000000000e+03,-8.399789706323683713e-01,-1.703372894962486561e-01
1.358000000000000000e+03,-8.389788936763125093e-01,-1.703199050375134027e-01
1.359000000000000000e+03,-8.379788167202568694e-01,-1.703025205787781216e-01
1.360000000000000000e+03,-8.369787397642012294e-01,-1.702851361200428681e-01
1.361000000000000000e+03,-8.359786628081453674e-01,-1.702677516613076147e-01
1.362000000000000000e+03,-8.349785858520895054e-01,-1.702503672025723336e-01
1.363000000000000000e+03,-8.339785088960340875e-01,-1.702329827438370802e-01
1.364000000000000000e+03,-8.329784319399782255e-01,-1.702155982851018268e-01
1.365000000000000000e+03,-8.319783549839223635e-01,-1.701982138263665456e-01
1.366000000000000000e+03,-8.309782780278667236e-01,-1.701808293676312922e-01
1.367000000000000000e+03,-8.299782010718110836e-01,-1.701634449088960388e-01
1.368000000000000000e+03,-8.289781241157552216e-01,-1.701460604501607576e-01
1.369000000000000000e+03,-8.279780471596993596e-01,-1.701286759914255042e-01
1.370000000000000000e+03,-8.269779702036439417e-01,-1.701112915326902508e-01
1.371000000000000000e+03,-8.259778932475880797e-01,-1.700939070739549697e-01
1.372000000000000000e+03,-8.249778162915322177e-01,-1.700765226152197163e-01
1.373000000000000000e+03,-8.239777393354767998e-01,-1.700591381564844629e-01
1.374000000000000000e+03,-8.229776623794209378e-01,-1.700417536977491817e-01
1.375000000000000000e+03,-8.219775854233650758e-01,-1.700243692390139283e-01
1.376000000000000000e+03,-8.209775084673092138e-01,-1.700069847802786749e-01
1.377000000000000000e+03,-8.199774315112537959e-01,-1.699896003215433937e-01
1.378000000000000000e+03,-8.189773545551979339e-01,-1.699722158628081403e-01
1.379000000000000000e+03,-8.179772775991420719e-01,-1.699548314040728869e-01
1.380000000000000000e+03,-8.169772006430866540e-01,-1.699374469453376058e-01
1.381000000000000000e+03,-8.159771236870307920e-01,-1.699200624866023523e-01
1.382000000000000000e+03,-8.149770467309749300e-01,-1.699026780278670989e-01
1.383000000000000000e+03,-8.139769697749190680e-01,-1.698852935691318178e-01
1.384000000000000000e+03,-8.129768928188636501e-01,-1.698679091103965644e-01
1.385000000000000000e+03,-8.119768158628077881e-01,-1.698505246516613110e-01
1.386000000000000000e+03,-8.109767389067519261e-01,-1.698331401929260298e-01
1.387000000000000000e+03,-8.099766619506965082e-01,-1.698157557341907764e-01
1.388000000000000000e+03,-8.089765849946406462e-01,-1.697983712754555230e-01
1.389000000000000000e+03,-8.079765080385847842e-01,-1.697809868167202418e-01
1.390000000000000000e+03,-8.069764310825291442e-01,-1.697636023579849884e-01
1.391000000000000000e+03,-8.059763541264735043e-01,-1.697462178992497350e-01
1.392000000000000000e+03,-8.049762771704176423e-01,-1.697288334405144539e-01
1.393000000000000000e+03,-8.039762002143617803e-01,-1.697114489817792005e-01
1.394000000000000000e+03,-8.029761232583063624e-01,-1.696940645230439471e-01
1.395000000000000000e+03,-8.019760463022505004e-01,-1.696766800643086659e-01
1.396000000000000000e+03,-8.009759693461946384e-01,-1.696592956055734125e-01
1.397000000000000000e+03,-7.999758923901389984e-01,-1.696419111468381591e-01
1.398000000000000000e+03,-7.989758154340833585e-01,-1.696245266881028779e-01
1.399000000000000000e+03,-7.979757384780274965e-01,-1.696071422293676245e-01
1.400000000000000000e+03,-7.969756615219716345e-01,-1.695897577706323711e-01
1.401000000000000000e+03,-7.959755845659162166e-01,-1.695723733118971177e-01
1.402000000000000000e+03,-7.949755076098603546e-01,-1.695549888531618365e-01
1.403000000000000000e+03,-7.939754306538044926e-01,-1.695376043944265831e-01
1.404000000000000000e+03,-7.929753536977488526e-01,-1.695202199356913020e-01
1.405000000000000000e+03,-7.919752767416932127e-01,-1.695028354769560486e-01
1.406000000000000000e+03,-7.909751997856373507e-01,-1.694854510182207952e-01
1.407000000000000000e+03,-7.899751228295814887e-01,-1.694680665594855140e-01
1.408000000000000000e+03,-7.889750458735260707e-01,-1.694506821007502606e-01
1.409000000000000000e+03,-7.879749689174702088e-01,-1.694332976420150072e-01
1.410000000000000000e+03,-7.869748919614143468e-01,-1.694159131832797260e-01
1.411000000000000000e+03,-7.859748150053587068e-01,-1.693985287245444726e-01
1.412000000000000000e+03,-7.849747380493030668e-01,-1.693811442658092192e-01
1.413000000000000000e+03,-7.839746610932472048e-01,-1.693637598070739381e-01
1.414000000000000000e+03,-7.829745841371913428e-01,-1.693463753483386847e-01
1.415000000000000000e+03,-7.819745071811357029e-01,-1.693289908896034313e-01
1.416000000000000000e+03,-7.809744302250800629e-01,-1.693116064308681779e-01
1.417000000000000000e+03,-7.799743532690242009e-01,-1.692942219721328967e-01
1.418000000000000000e+03,-7.789742763129685610e-01,-1.692768375133976433e-01
1.419000000000000000e+03,-7.779741993569129210e-01,-1.692594530546623899e-01
1.420000000000000000e+03,-7.769741224008570590e-01,-1.692420685959271087e-01
1.421000000000000000e+03,-7.759740454448014191e-01,-1.692246841371918553e-01
1.422000000000000000e+03,-7.749739684887455571e-01,-1.692072996784565742e-01
1.423000000000000000e+03,-7.739738915326899171e-01,-1.691899152197213207e-01
1.424000000000000000e+03,-7.729738145766340551e-01,-1.691725307609860673e-01
1.425000000000000000e+03,-7.719737376205784152e-01,-1.691551463022507862e-01
1.426000000000000000e+03,-7.709736606645227752e-01,-1.691377618435155328e-01
1.427000000000000000e+03,-7.699735837084669132e-01,-1.691203773847802794e-01
1.428000000000000000e+03,-7.689735067524112733e-01,-1.691029929260449982e-01
1.429000000000000000e+03,-7.679734297963554113e-01,-1.690856084673097448e-01
1.430000000000000000e+03,-7.669733528402997713e-01,-1.690682240085744914e-01
1.431000000000000000e+03,-7.659732758842439093e-01,-1.690508395498392380e-01
1.432000000000000000e+03,-7.649731989281882694e-01,-1.690334550911039568e-01
1.433000000000000000e+03,-7.639731219721326294e-01,-1.690160706323687034e-01
1.434000000000000000e+03,-7.629730450160767674e-01,-1.689986861736334500e-01
1.435000000000000000e+03,-7.619729680600211275e-01,-1.689813017148981689e-01
1.436000000000000000e+03,-7.609728911039652655e-01,-1.689639172561629155e-01
1.437000000000000000e+03,-7.599728141479096255e-01,-1.689465327974276621e-01
1.438000000000000000e+03,-7.589727371918537635e-01,-1.689291483386923809e-01
1.439000000000000000e+03,-7.579726602357981236e-01,-1.689117638799571275e-01
1.440000000000000000e+03,-7.569725832797424836e-01,-1.688943794212218741e-01
1.441000000000000000e+03,-7.559725063236866216e-01,-1.688769949624865929e-01
1.442000000000000000e+03,-7.549724293676309816e-01,-1.688596105037513395e-01
1.443000000000000000e+03,-7.539723524115751196e-01,-1.688422260450160584e-01
1.444000000000000000e+03,-7.529722754555194797e-01,-1.688248415862808050e-01
1.445000000000000000e+03,-7.519721984994636177e-01,-1.688074571275455515e-01
1.446000000000000000e+03,-7.509721215434079777e-01,-1.687900726688102981e-01
1.447000000000000000e+03,-7.499720445873523378e-01,-1.687726882100750170e-01
1.448000000000000000e+03,-7.489719676312964758e-01,-1.687553037513397636e-01
1.449000000000000000e+03,-7.479718906752408358e-01,-1.687379192926045102e-01
1.450000000000000000e+03,-7.469718137191849738e-01,-1.687205348338692290e-01
1.451000000000000000e+03,-7.459717367631293339e-01,-1.687031503751339756e-01
1.452000000000000000e+03,-7.449716598070736939e-01,-1.686857659163987222e-01
1.453000000000000000e+03,-7.439715828510178319e-01,-1.686683814576634410e-01
1.454000000000000000e+03,-7.429715058949621920e-01,-1.686509969989281876e-01
1.455000000000000000e+03,-7.419714289389063300e-01,-1.686336125401929342e-01
1.456000000000000000e+03,-7.409713519828506900e-01,-1.686162280814576531e-01
1.457000000000000000e+03,-7.399712750267948280e-01,-1.685988436227223997e-01
1.458000000000000000e+03,-7.389711980707391881e-01,-1.685814591639871463e-01
1.459000000000000000e+03,-7.379711211146835481e-01,-1.685640747052518651e-01
1.460000000000000000e+03,-7.369710441586276861e-01,-1.685466902465166117e-01
1.461000000000000000e+03,-7.359709672025720462e-01,-1.685293057877813583e-01
1.462000000000000000e+03,-7.349708902465161842e-01,-1.685119213290460771e-01
1.463000000000000000e+03,-7.339708132904605442e-01,-1.684945368703108237e-01
1.464000000000000000e+03,-7.329707363344046822e-01,-1.684771524115755703e-01
1.465000000000000000e+03,-7.319706593783490423e-01,-1.684597679528402892e-01
1.466000000000000000e+03,-7.309705824222934023e-01,-1.684423834941050357e-01
1.467000000000000000e+03,-7.299705054662375403e-01,-1.684249990353697823e-01
1.468000000000000000e+03,-7.289704285101819004e-01,-1.684076145766345012e-01
1.469000000000000000e+03,-7.279703515541260384e-01,-1.683902301178992478e-01
1.470000000000000000e+03,-7.269702745980703984e-01,-1.683728456591639944e-01
1.471000000000000000e+03,-7.259701976420145364e-01,-1.683554612004287132e-01
1.472000000000000000e+03,-7.249701206859588964e-01,-1.683380767416934598e-01
1.473000000000000000e+03,-7.239700437299032565e-01,-1.683206922829582064e-01
1.474000000000000000e+03,-7.229699667738473945e-01,-1.683033078242229252e-01
1.475000000000000000e+03,-7.219698898177917545e-01,-1.682859233654876718e-01
1.476000000000000000e+03,-7.209698128617358925e-01,-1.682685389067524184e-01
1.477000000000000000e+03,-7.199697359056802526e-01,-1.682511544480171373e-01
1.478000000000000000e+03,-7.189696589496243906e-01,-1.682337699892818839e-01
1.479000000000000000e+03,-7.179695819935687506e-01,-1.682163855305466305e-01
1.480000000000000000e+03,-7.169695050375131107e-01,-1.681990010718113493e-01
1.481000000000000000e+03,-7.159694280814572487e-01,-1.681816166130760959e-01
1.482000000000000000e+03,-7.149693511254016087e-01,-1.681642321543408425e-01
1.483000000000000000e+03,-7.139692741693459688e-01,-1.681468476956055613e-01
1.484000000000000000e+03,-7.129691972132901068e-01,-1.681294632368703079e-01
1.485000000000000000e+03,-7.119691202572342448e-01,-1.681120787781350545e-01
1.486000000000000000e+03,-7.109690433011786048e-01,-1.680946943193997734e-01
1.487000000000000000e+03,-7.099689663451229649e-01,-1.680773098606645199e-01
1.488000000000000000e+03,-7.089688893890671029e-01,-1.680599254019292665e-01
1.489000000000000000e+03,-7.079688124330114629e-01,-1.680425409431939854e-01
1.490000000000000000e+03,-7.069687354769558230e-01,-1.680251564844587320e-01
1.491000000000000000e+03,-7.059686585208999610e-01,-1.680077720257234786e-01
1.492000000000000000e+03,-7.049685815648440990e-01,-1.679903875669881974e-01
1.493000000000000000e+03,-7.039685046087884590e-01,-1.679730031082529440e-01
1.494000000000000000e+03,-7.029684276527328191e-01,-1.679556186495176906e-01
1.495000000000000000e+03,-7.019683506966769571e-01,-1.679382341907824094e-01
1.496000000000000000e+03,-7.009682737406213171e-01,-1.679208497320471560e-01
1.497000000000000000e+03,-6.999681967845656771e-01,-1.679034652733119026e-01
1.498000000000000000e+03,-6.989681198285098152e-01,-1.678860808145766215e-01
1.499000000000000000e+03,-6.979680428724539532e-01,-1.678686963558413681e-01
1.500000000000000000e+03,-6.969679659163983132e-01,-1.678513118971061147e-01
1.501000000000000000e+03,-6.959678889603426732e-01,-1.678339274383708335e-01
1.502000000000000000e+03,-6.949678120042868112e-01,-1.678165429796355801e-01
1.503000000000000000e+03,-6.939677350482311713e-01,-1.677991585209003267e-01
1.504000000000000000e+03,-6.929676580921755313e-01,-1.677817740621650455e-01
1.505000000000000000e+03,-6.919675811361196693e-01,-1.677643896034297921e-01
1.506000000000000000e+03,-6.909675041800638073e-01,-1.677470051446945387e-01
1.507000000000000000e+03,-6.899674272240083894e-01,-1.677296206859592576e-01
1.508000000000000000e+03,-6.889673502679525274e-01,-1.677122362272240041e-01
1.509000000000000000e+03,-6.879672733118966654e-01,-1.676948517684887507e-01
1.510000000000000000e+03,-6.869671963558410255e-01,-1.676774673097534696e-01
1.511000000000000000e+03,-6.859671193997853855e-01,-1.676600828510182162e-01
1.512000000000000000e+03,-6.849670424437295235e-01,-1.676426983922829628e-01
1.513000000000000000e+03,-6.839669654876736615e-01,-1.676253139335476816e-01
1.514000000000000000e+03,-6.829668885316182436e-01,-1.676079294748124282e-01
1.515000000000000000e+03,-6.819668115755623816e-01,-1.675905450160771748e-01
1.516000000000000000e+03,-6.809667346195065196e-01,-1.675731605573418936e-01
1.517000000000000000e+03,-6.799666576634508797e-01,-1.675557760986066402e-01
1.518000000000000000e+03,-6.789665807073952397e-01,-1.675383916398713868e-01
1.519000000000000000e+03,-6.779665037513393777e-01,-1.675210071811361057e-01
1.520000000000000000e+03,-6.769664267952835157e-01,-1.675036227224008523e-01
1.521000000000000000e+03,-6.759663498392280978e-01,-1.674862382636655989e-01
1.522000000000000000e+03,-6.749662728831722358e-01,-1.674688538049303177e-01
1.523000000000000000e+03,-6.739661959271163738e-01,-1.674514693461950643e-01
1.524000000000000000e+03,-6.729661189710607339e-01,-1.674340848874598109e-01
1.525000000000000000e+03,-6.719660420150050939e-01,-1.674167004287245297e-01
1.526000000000000000e+03,-6.709659650589492319e-01,-1.673993159699892763e-01
1.527000000000000000e+03,-6.699658881028933699e-01,-1.673819315112540229e-01
1.528000000000000000e+03,-6.689658111468379520e-01,-1.673645470525187418e-01
1.529000000000000000e+03,-6.679657341907820900e-01,-1.673471625937834883e-01
1.530000000000000000e+03,-6.669656572347262280e-01,-1.673297781350482349e-01
1.531000000000000000e+03,-6.659655802786705880e-01,-1.673123936763129538e-01
1.532000000000000000e+03,-6.649655033226149481e-01,-1.672950092175777004e-01
1.533000000000000000e+03,-6.639654263665590861e-01,-1.672776247588424470e-01
1.534000000000000000e+03,-6.629653494105032241e-01,-1.672602403001071658e-01
1.535000000000000000e+03,-6.619652724544478062e-01,-1.672428558413719124e-01
1.536000000000000000e+03,-6.609651954983919442e-01,-1.672254713826366590e-01
1.537000000000000000e+03,-6.599651185423360822e-01,-1.672080869239013778e-01
1.538000000000000000e+03,-6.589650415862806643e-01,-1.671907024651661244e-01
1.539000000000000000e+03,-6.579649646302248023e-01,-1.671733180064308710e-01
1.540000000000000000e+03,-6.569648876741689403e-01,-1.671559335476955899e-01
1.541000000000000000e+03,-6.559648107181130783e-01,-1.671385490889603365e-01
1.542000000000000000e+03,-6.549647337620576604e-01,-1.671211646302250831e-01
1.543000000000000000e+03,-6.539646568060017984e-01,-1.671037801714898019e-01
1.544000000000000000e+03,-6.529645798499459364e-01,-1.670863957127545485e-01
1.545000000000000000e+03,-6.519645028938905185e-01,-1.670690112540192951e-01
1.546000000000000000e+03,-6.509644259378346565e-01,-1.670516267952840139e-01
1.547000000000000000e+03,-6.499643489817787945e-01,-1.670342423365487605e-01
1.548000000000000000e+03,-6.489642720257229325e-01,-1.670168578778135071e-01
1.549000000000000000e+03,-6.479641950696675146e-01,-1.669994734190782260e-01
1.550000000000000000e+03,-6.469641181136116526e-01,-1.669820889603429726e-01
1.551000000000000000e+03,-6.459640411575557906e-01,-1.669647045016077191e-01
1.552000000000000000e+03,-6.449639642015003727e-01,-1.669473200428724380e-01
1.553000000000000000e+03,-6.439638872454445107e-01,-1.669299355841371846e-01
1.554000000000000000e+03,-6.429638102893886487e-01,-1.669125511254019312e-01
1.555000000000000000e+03,-6.419637333333330087e-01,-1.668951666666666500e-01
1.556000000000000000e+03,-6.409636563772773687e-01,-1.668777822079313966e-01
1.557000000000000000e+03,-6.399635794212215067e-01,-1.668603977491961432e-01
1.558000000000000000e+03,-6.389635024651656448e-01,-1.668430132904608620e-01
1.559000000000000000e+03,-6.379634255091102268e-01,-1.668256288317256086e-01
1.560000000000000000e+03,-6.369633485530543648e-01,-1.668082443729903552e-01
1.561000000000000000e+03,-6.359632715969985028e-01,-1.667908599142550741e-01
1.562000000000000000e+03,-6.349631946409428629e-01,-1.667734754555198207e-01
1.563000000000000000e+03,-6.339631176848872229e-01,-1.667560909967845673e-01
1.564000000000000000e+03,-6.329630407288313609e-01,-1.667387065380492861e-01
1.565000000000000000e+03,-6.319629637727754989e-01,-1.667213220793140327e-01
1.566000000000000000e+03,-6.309628868167200810e-01,-1.667039376205787793e-01
1.567000000000000000e+03,-6.299628098606642190e-01,-1.666865531618434981e-01
1.568000000000000000e+03,-6.289627329046083570e-01,-1.666691687031082447e-01
1.569000000000000000e+03,-6.279626559485527171e-01,-1.666517842443729913e-01
1.570000000000000000e+03,-6.269625789924970771e-01,-1.666343997856377102e-01
1.571000000000000000e+03,-6.259625020364412151e-01,-1.666170153269024568e-01
1.572000000000000000e+03,-6.249624250803853531e-01,-1.665996308681672033e-01
1.573000000000000000e+03,-6.239623481243299352e-01,-1.665822464094319222e-01
1.574000000000000000e+03,-6.229622711682740732e-01,-1.665648619506966688e-01
1.575000000000000000e+03,-6.219621942122182112e-01,-1.665474774919614154e-01
1.576000000000000000e+03,-6.209621172561625713e-01,-1.665300930332261342e-01
1.577000000000000000e+03,-6.199620403001069313e-01,-1.665127085744908808e-01
1.578000000000000000e+03,-6.189619633440510693e-01,-1.664953241157556274e-01
1.579000000000000000e+03,-6.179618863879952073e-01,-1.664779396570203462e-01
1.580000000000000000e+03,-6.169618094319397894e-01,-1.664605551982850928e-01
1.581000000000000000e+03,-6.159617324758839274e-01,-1.664431707395498394e-01
1.582000000000000000e+03,-6.149616555198280654e-01,-1.664257862808145583e-01
1.583000000000000000e+03,-6.139615785637724255e-01,-1.664084018220793049e-01
1.584000000000000000e+03,-6.129615016077167855e-01,-1.663910173633440515e-01
1.585000000000000000e+03,-6.119614246516609235e-01,-1.663736329046087703e-01
1.586000000000000000e+03,-6.109613476956052835e-01,-1.663562484458735169e-01
1.587000000000000000e+03,-6.099612707395496436e-01,-1.663388639871382635e-01
1.588000000000000000e+03,-6.089611937834937816e-01,-1.663214795284029823e-01
1.589000000000000000e+03,-6.079611168274379196e-01,-1.663040950696677289e-01
1.590000000000000000e+03,-6.069610398713822796e-01,-1.662867106109324755e-01
1.591000000000000000e+03,-6.059609629153266397e-01,-1.662693261521971944e-01
1.592000000000000000e+03,-6.049608859592707777e-01,-1.662519416934619410e-01
1.593000000000000000e+03,-6.039608090032151377e-01,-1.662345572347266875e-01
1.594000000000000000e+03,-6.029607320471594978e-01,-1.662171727759914341e-01
1.595000000000000000e+03,-6.019606550911036358e-01,-1.661997883172561530e-01
1.596000000000000000e+03,-6.009605781350477738e-01,-1.661824038585208996e-01
1.597000000000000000e+03,-5.999605011789921338e-01,-1.661650193997856184e-01
1.598000000000000000e+03,-5.989604242229364939e-01,-1.661476349410503650e-01
1.599000000000000000e+03,-5.979603472668806319e-01,-1.661302504823151116e-01
1.600000000000000000e+03,-5.969602703108249919e-01,-1.661128660235798304e-01
1.601000000000000000e+03,-5.959601933547693520e-01,-1.660954815648445770e-01
1.602000000000000000e+03,-5.949601163987134900e-01,-1.660780971061093236e-01
1.603000000000000000e+03,-5.939600394426576280e-01,-1.660607126473740425e-01
1.604000000000000000e+03,-5.929599624866019880e-01,-1.660433281886387891e-01
1.605000000000000000e+03,-5.919598855305463481e-01,-1.660259437299035357e-01
1.606000000000000000e+03,-5.909598085744904861e-01,-1.660085592711682545e-01
1.607000000000000000e+03,-5.899597316184348461e-01,-1.659911748124330011e-01
1.608000000000000000e+03,-5.889596546623792062e-01,-1.659737903536977477e-01
1.609000000000000000e+03,-5.879595777063233442e-01,-1.659564058949624943e-01
1.610000000000000000e+03,-5.869595007502677042e-01,-1.659390214362272131e-01
1.611000000000000000e+03,-5.859594237942118422e-01,-1.659216369774919597e-01
1.612000000000000000e+03,-5.849593468381562023e-01,-1.659042525187567063e-01
1.613000000000000000e+03,-5.839592698821003403e-01,-1.658868680600214252e-01
1.614000000000000000e+03,-5.829591929260447003e-01,-1.658694836012861717e-01
1.615000000000000000e+03,-5.819591159699890603e-01,-1.658520991425509183e-01
1.616000000000000000e+03,-5.809590390139331983e-01,-1.658347146838156372e-01
1.617000000000000000e+03,-5.799589620578775584e-01,-1.658173302250803838e-01
1.618000000000000000e+03,-5.789588851018216964e-01,-1.657999457663451026e-01
1.619000000000000000e+03,-5.779588081457660564e-01,-1.657825613076098492e-01
1.620000000000000000e+03,-5.769587311897101944e-01,-1.657651768488745958e-01
1.621000000000000000e+03,-5.759586542336545545e-01,-1.657477923901393146e-01
1.622000000000000000e+03,-5.749585772775989145e-01,-1.657304079314040612e-01
1.623000000000000000e+03,-5.739585003215430525e-01,-1.657130234726688078e-01
1.624000000000000000e+03,-5.729584233654874126e-01,-1.656956390139335544e-01
1.625000000000000000e+03,-5.719583464094315506e-01,-1.656782545551982733e-01
1.626000000000000000e+03,-5.709582694533759106e-01,-1.656608700964630199e-01
1.627000000000000000e+03,-5.699581924973200486e-01,-1.656434856377277665e-01
1.628000000000000000e+03,-5.689581155412644087e-01,-1.656261011789924853e-01
1.629000000000000000e+03,-5.679580385852087687e-01,-1.656087167202572319e-01
1.630000000000000000e+03,-5.669579616291529067e-01,-1.655913322615219785e-01
1.631000000000000000e+03,-5.659578846730972668e-01,-1.655739478027866973e-01
1.632000000000000000e+03,-5.649578077170414048e-01,-1.655565633440514439e-01
1.633000000000000000e+03,-5.639577307609857648e-01,-1.655391788853161905e-01
1.634000000000000000e+03,-5.629576538049299028e-01,-1.655217944265809094e-01
1.635000000000000000e+03,-5.619575768488742629e-01,-1.655044099678456559e-01
1.636000000000000000e+03,-5.609574998928186229e-01,-1.654870255091104025e-01
1.637000000000000000e+03,-5.599574229367627609e-01,-1.654696410503751214e-01
1.638000000000000000e+03,-5.589573459807071210e-01,-1.654522565916398680e-01
1.639000000000000000e+03,-5.579572690246512590e-01,-1.654348721329046146e-01
1.640000000000000000e+03,-5.569571920685956190e-01,-1.654174876741693334e-01
1.641000000000000000e+03,-5.559571151125399791e-01,-1.654001032154340800e-01
1.642000000000000000e+03,-5.549570381564841171e-01,-1.653827187566988266e-01
1.643000000000000000e+03,-5.539569612004284771e-01,-1.653653342979635454e-01
1.644000000000000000e+03,-5.529568842443726151e-01,-1.653479498392282920e-01
1.645000000000000000e+03,-5.519568072883169751e-01,-1.653305653804930386e-01
1.646000000000000000e+03,-5.509567303322611131e-01,-1.653131809217577575e-01
1.647000000000000000e+03,-5.499566533762054732e-01,-1.652957964630225041e-01
1.648000000000000000e+03,-5.489565764201498332e-01,-1.652784120042872507e-01
1.649000000000000000e+03,-5.479564994640939712e-01,-1.652610275455519695e-01
1.650000000000000000e+03,-5.469564225080383313e-01,-1.652436430868167161e-01
1.651000000000000000e+03,-5.459563455519824693e-01,-1.652262586280814627e-01
1.652000000000000000e+03,-5.449562685959268293e-01,-1.652088741693461815e-01
1.653000000000000000e+03,-5.439561916398709673e-01,-1.651914897106109281e-01
1.654000000000000000e+03,-5.429561146838153274e-01,-1.651741052518756747e-01
1.655000000000000000e+03,-5.419560377277596874e-01,-1.651567207931403936e-01
1.656000000000000000e+03,-5.409559607717038254e-01,-1.651393363344051401e-01
1.657000000000000000e+03,-5.399558838156481855e-01,-1.651219518756698867e-01
1.658000000000000000e+03,-5.389558068595923235e-01,-1.651045674169346056e-01
1.659000000000000000e+03,-5.379557299035366835e-01,-1.650871829581993522e-01
1.660000000000000000e+03,-5.369556529474808215e-01,-1.650697984994640988e-01
1.661000000000000000e+03,-5.359555759914251816e-01,-1.650524140407288176e-01
1.662000000000000000e+03,-5.349554990353695416e-01,-1.650350295819935642e-01
1.663000000000000000e+03,-5.339554220793136796e-01,-1.650176451232583108e-01
1.664000000000000000e+03,-5.329553451232578176e-01,-1.650002606645230296e-01
1.665000000000000000e+03,-5.319552681672021777e-01,-1.649828762057877762e-01
1.666000000000000000e+03,-5.309551912111465377e-01,-1.649654917470525228e-01
1.667000000000000000e+03,-5.299551142550906757e-01,-1.649481072883172417e-01
1.668000000000000000e+03,-5.289550372990350358e-01,-1.649307228295819883e-01
1.669000000000000000e+03,-5.279549603429793958e-01,-1.649133383708467349e-01
1.670000000000000000e+03,-5.269548833869235338e-01,-1.648959539121114537e-01
1.671000000000000000e+03,-5.259548064308676718e-01,-1.648785694533762003e-01
1.672000000000000000e+03,-5.249547294748122539e-01,-1.648611849946409469e-01
1.673000000000000000e+03,-5.239546525187563919e-01,-1.648438005359056657e-01
1.674000000000000000e+03,-5.229545755627005299e-01,-1.648264160771704123e-01
1.675000000000000000e+03,-5.219544986066448899e-01,-1.648090316184351589e-01
1.676000000000000000e+03,-5.209544216505892500e-01,-1.647916471596998778e-01
1.677000000000000000e+03,-5.199543446945333880e-01,-1.647742627009646244e-01
1.678000000000000000e+03,-5.189542677384775260e-01,-1.647568782422293709e-01
1.679000000000000000e+03,-5.179541907824221081e-01,-1.647394937834940898e-01
1.680000000000000000e+03,-5.169541138263662461e-01,-1.647221093247588364e-01
1.681000000000000000e+03,-5.159540368703103841e-01,-1.647047248660235830e-01
1.682000000000000000e+03,-5.149539599142547441e-01,-1.646873404072883296e-01
1.683000000000000000e+03,-5.139538829581991042e-01,-1.646699559485530484e-01
1.684000000000000000e+03,-5.129538060021432422e-01,-1.646525714898177950e-01
1.685000000000000000e+03,-5.119537290460873802e-01,-1.646351870310825138e-01
1.686000000000000000e+03,-5.109536520900319623e-01,-1.646178025723472604e-01
1.687000000000000000e+03,-5.099535751339761003e-01,-1.646004181136120070e-01
1.688000000000000000e+03,-5.089534981779202383e-01,-1.645830336548767259e-01
1.689000000000000000e+03,-5.079534212218645983e-01,-1.645656491961414725e-01
1.690000000000000000e+03,-5.069533442658089584e-01,-1.645482647374062191e-01
1.691000000000000000e+03,-5.059532673097530964e-01,-1.645308802786709379e-01
1.692000000000000000e+03,-5.049531903536972344e-01,-1.645134958199356845e-01
1.693000000000000000e+03,-5.039531133976418165e-01,-1.644961113612004311e-01
1.694000000000000000e+03,-5.029530364415859545e-01,-1.644787269024651499e-01
1.695000000000000000e+03,-5.019529594855300925e-01,-1.644613424437298965e-01
1.696000000000000000e+03,-5.009528825294744525e-01,-1.644439579849946431e-01
1.697000000000000000e+03,-4.999528055734188126e-01,-1.644265735262593897e-01
1.698000000000000000e+03,-4.989527286173629506e-01,-1.644091890675241086e-01
1.699000000000000000e+03,-4.979526516613070886e-01,-1.643918046087888551e-01
1.700000000000000000e+03,-4.969525747052516707e-01,-1.643744201500536017e-01
1.701000000000000000e+03,-4.959524977491958087e-01,-1.643570356913183206e-01
1.702000000000000000e+03,-4.949524207931399467e-01,-1.643396512325830672e-01
1.703000000000000000e+03,-4.939523438370845287e-01,-1.643222667738478138e-01
1.704000000000000000e+03,-4.929522668810286667e-01,-1.643048823151125326e-01
1.705000000000000000e+03,-4.919521899249728047e-01,-1.642874978563772792e-01
1.706000000000000000e+03,-4.909521129689169427e-01,-1.642701133976419980e-01
1.707000000000000000e+03,-4.899520360128615248e-01,-1.642527289389067446e-01
1.708000000000000000e+03,-4.889519590568056628e-01,-1.642353444801714912e-01
1.709000000000000000e+03,-4.879518821007498008e-01,-1.642179600214362101e-01
1.710000000000000000e+03,-4.869518051446943829e-01,-1.642005755627009567e-01
1.711000000000000000e+03,-4.859517281886385209e-01,-1.641831911039657033e-01
1.712000000000000000e+03,-4.849516512325826589e-01,-1.641658066452304499e-01
1.713000000000000000e+03,-4.839515742765270190e-01,-1.641484221864951687e-01
1.714000000000000000e+03,-4.829514973204713790e-01,-1.641310377277599153e-01
1.715000000000000000e+03,-4.819514203644155170e-01,-1.641136532690246619e-01
1.716000000000000000e+03,-4.809513434083596550e-01,-1.640962688102893807e-01
1.717000000000000000e+03,-4.799512664523042371e-01,-1.640788843515541273e-01
1.718000000000000000e+03,-4.789511894962483751e-01,-1.640614998928188739e-01
1.719000000000000000e+03,-4.779511125401925131e-01,-1.640441154340835928e-01
1.720000000000000000e+03,-4.769510355841368732e-01,-1.640267309753483393e-01
1.721000000000000000e+03,-4.759509586280812332e-01,-1.640093465166130859e-01
1.722000000000000000e+03,-4.749508816720253712e-01,-1.639919620578778048e-01
1.723000000000000000e+03,-4.739508047159695092e-01,-1.639745775991425514e-01
1.724000000000000000e+03,-4.729507277599140913e-01,-1.639571931404072980e-01
1.725000000000000000e+03,-4.719506508038582293e-01,-1.639398086816720168e-01
1.726000000000000000e+03,-4.709505738478023673e-01,-1.639224242229367634e-01
1.727000000000000000e+03,-4.699504968917467274e-01,-1.639050397642015100e-01
1.728000000000000000e+03,-4.689504199356910874e-01,-1.638876553054662288e-01
1.729000000000000000e+03,-4.679503429796352254e-01,-1.638702708467309754e-01
1.730000000000000000e+03,-4.669502660235793634e-01,-1.638528863879957220e-01
1.731000000000000000e+03,-4.659501890675239455e-01,-1.638355019292604409e-01
1.732000000000000000e+03,-4.649501121114680835e-01,-1.638181174705251875e-01
1.733000000000000000e+03,-4.639500351554122215e-01,-1.638007330117899341e-01
1.734000000000000000e+03,-4.629499581993565815e-01,-1.637833485530546529e-01
1.735000000000000000e+03,-4.619498812433009416e-01,-1.637659640943193995e-01
1.736000000000000000e+03,-4.609498042872450796e-01,-1.637485796355841461e-01
1.737000000000000000e+03,-4.599497273311892176e-01,-1.637311951768488649e-01
1.738000000000000000e+03,-4.589496503751337997e-01,-1.637138107181136115e-01
1.739000000000000000e+03,-4.579495734190779377e-01,-1.636964262593783581e-01
1.740000000000000000e+03,-4.569494964630220757e-01,-1.636790418006430770e-01
1.741000000000000000e+03,-4.559494195069664357e-01,-1.636616573419078235e-01
1.742000000000000000e+03,-4.549493425509107958e-01,-1.636442728831725701e-01
1.743000000000000000e+03,-4.539492655948549338e-01,-1.636268884244372890e-01
1.744000000000000000e+03,-4.529491886387992938e-01,-1.636095039657020356e-01
1.745000000000000000e+03,-4.519491116827436539e-01,-1.635921195069667822e-01
1.746000000000000000e+03,-4.509490347266877919e-01,-1.635747350482315010e-01
1.747000000000000000e+03,-4.499489577706319299e-01,-1.635573505894962476e-01
1.748000000000000000e+03,-4.489488808145762899e-01,-1.635399661307609942e-01
1.749000000000000000e+03,-4.479488038585206500e-01,-1.635225816720257130e-01
1.750000000000000000e+03,-4.469487269024647880e-01,-1.635051972132904596e-01
1.751000000000000000e+03,-4.459486499464091480e-01,-1.634878127545552062e-01
1.752000000000000000e+03,-4.449485729903535081e-01,-1.634704282958199251e-01
1.753000000000000000e+03,-4.439484960342976461e-01,-1.634530438370846717e-01
1.754000000000000000e+03,-4.429484190782417841e-01,-1.634356593783494183e-01
1.755000000000000000e+03,-4.419483421221861441e-01,-1.634182749196141371e-01
1.756000000000000000e+03,-4.409482651661305042e-01,-1.634008904608788837e-01
1.757000000000000000e+03,-4.399481882100746422e-01,-1.633835060021436303e-01
1.758000000000000000e+03,-4.389481112540190022e-01,-1.633661215434083491e-01
1.759000000000000000e+03,-4.379480342979633622e-01,-1.633487370846730957e-01
1.760000000000000000e+03,-4.369479573419075003e-01,-1.633313526259378423e-01
1.761000000000000000e+03,-4.359478803858516383e-01,-1.633139681672025612e-01
1.762000000000000000e+03,-4.349478034297959983e-01,-1.632965837084673077e-01
1.763000000000000000e+03,-4.339477264737403583e-01,-1.632791992497320543e-01
1.764000000000000000e+03,-4.329476495176844963e-01,-1.632618147909967732e-01
1.765000000000000000e+03,-4.319475725616288564e-01,-1.632444303322615198e-01
1.766000000000000000e+03,-4.309474956055732164e-01,-1.632270458735262664e-01
1.767000000000000000e+03,-4.299474186495173544e-01,-1.632096614147909852e-01
1.768000000000000000e+03,-4.289473416934614924e-01,-1.631922769560557318e-01
1.769000000000000000e+03,-4.279472647374058525e-01,-1.631748924973204784e-01
1.770000000000000000e+03,-4.269471877813502125e-01,-1.631575080385851972e-01
1.771000000000000000e+03,-4.259471108252943505e-01,-1.631401235798499438e-01
1.772000000000000000e+03,-4.249470338692387106e-01,-1.631227391211146904e-01
1.773000000000000000e+03,-4.239469569131830706e-01,-1.631053546623794093e-01
1.774000000000000000e+03,-4.229468799571272086e-01,-1.630879702036441559e-01
1.775000000000000000e+03,-4.219468030010715687e-01,-1.630705857449089025e-01
1.776000000000000000e+03,-4.209467260450157067e-01,-1.630532012861736213e-01
1.777000000000000000e+03,-4.199466490889600667e-01,-1.630358168274383679e-01
1.778000000000000000e+03,-4.189465721329042047e-01,-1.630184323687031145e-01
1.779000000000000000e+03,-4.179464951768485648e-01,-1.630010479099678333e-01
1.780000000000000000e+03,-4.169464182207929248e-01,-1.629836634512325799e-01
1.781000000000000000e+03,-4.159463412647370628e-01,-1.629662789924973265e-01
1.782000000000000000e+03,-4.149462643086814229e-01,-1.629488945337620454e-01
1.783000000000000000e+03,-4.139461873526255609e-01,-1.629315100750267920e-01
1.784000000000000000e+03,-4.129461103965699209e-01,-1.629141256162915385e-01
1.785000000000000000e+03,-4.119460334405140589e-01,-1.628967411575562574e-01
1.786000000000000000e+03,-4.109459564844584190e-01,-1.628793566988210040e-01
1.787000000000000000e+03,-4.099458795284027790e-01,-1.628619722400857506e-01
1.788000000000000000e+03,-4.089458025723469170e-01,-1.628445877813504694e-01
1.789000000000000000e+03,-4.079457256162912770e-01,-1.628272033226152160e-01
1.790000000000000000e+03,-4.069456486602354151e-01,-1.628098188638799626e-01
1.791000000000000000e+03,-4.059455717041797751e-01,-1.627924344051446814e-01
1.792000000000000000e+03,-4.049454947481239131e-01,-1.627750499464094280e-01
1.793000000000000000e+03,-4.039454177920682731e-01,-1.627576654876741746e-01
1.794000000000000000e+03,-4.029453408360126332e-01,-1.627402810289388935e-01
1.795000000000000000e+03,-4.019452638799567712e-01,-1.627228965702036401e-01
1.796000000000000000e+03,-4.009451869239011312e-01,-1.627055121114683867e-01
1.797000000000000000e+03,-3.999451099678452692e-01,-1.626881276527331055e-01
1.798000000000000000e+03,-3.989450330117896293e-01,-1.626707431939978521e-01
1.799000000000000000e+03,-3.979449560557337673e-01,-1.626533587352625987e-01
1.800000000000000000e+03,-3.969448790996781273e-01,-1.626359742765273175e-01
1.801000000000000000e+03,-3.959448021436224874e-01,-1.626185898177920641e-01
1.802000000000000000e+03,-3.949447251875666254e-01,-1.626012053590568107e-01
1.803000000000000000e+03,-3.939446482315109854e-01,-1.625838209003215296e-01
1.804000000000000000e+03,-3.929445712754551234e-01,-1.625664364415862762e-01
1.805000000000000000e+03,-3.919444943193994835e-01,-1.625490519828510227e-01
1.806000000000000000e+03,-3.909444173633438435e-01,-1.625316675241157416e-01
1.807000000000000000e+03,-3.899443404072879815e-01,-1.625142830653804882e-01
1.808000000000000000e+03,-3.889442634512323416e-01,-1.624968986066452348e-01
1.809000000000000000e+03,-3.879441864951764796e-01,-1.624795141479099536e-01
1.810000000000000000e+03,-3.869441095391208396e-01,-1.624621296891747002e-01
1.811000000000000000e+03,-3.859440325830649776e-01,-1.624447452304394468e-01
1.812000000000000000e+03,-3.849439556270093377e-01,-1.624273607717041656e-01
1.813000000000000000e+03,-3.839438786709536977e-01,-1.624099763129689122e-01
1.814000000000000000e+03,-3.829438017148978357e-01,-1.623925918542336588e-01
1.815000000000000000e+03,-3.819437247588421958e-01,-1.623752073954983777e-01
1.816000000000000000e+03,-3.809436478027863338e-01,-1.623578229367631243e-01
1.817000000000000000e+03,-3.799435708467306938e-01,-1.623404384780278709e-01
1.818000000000000000e+03,-3.789434938906748318e-01,-1.623230540192925897e-01
1.819000000000000000e+03,-3.779434169346191918e-01,-1.623056695605573363e-01
1.820000000000000000e+03,-3.769433399785635519e-01,-1.622882851018220829e-01
1.821000000000000000e+03,-3.759432630225076899e-01,-1.622709006430868017e-01
1.822000000000000000e+03,-3.749431860664520499e-01,-1.622535161843515483e-01
1.823000000000000000e+03,-3.739431091103961879e-01,-1.622361317256162949e-01
1.824000000000000000e+03,-3.729430321543405480e-01,-1.622187472668810138e-01
1.825000000000000000e+03,-3.719429551982846860e-01,-1.622013628081457604e-01
1.826000000000000000e+03,-3.709428782422290460e-01,-1.621839783494105069e-01
1.827000000000000000e+03,-3.699428012861734061e-01,-1.621665938906752258e-01
1.828000000000000000e+03,-3.689427243301175441e-01,-1.621492094319399724e-01
1.829000000000000000e+03,-3.679426473740619041e-01,-1.621318249732047190e-01
1.830000000000000000e+03,-3.669425704180062642e-01,-1.621144405144694378e-01
1.831000000000000000e+03,-3.659424934619504022e-01,-1.620970560557341844e-01
1.832000000000000000e+03,-3.649424165058945402e-01,-1.620796715969989310e-01
1.833000000000000000e+03,-3.639423395498389002e-01,-1.620622871382636498e-01
1.834000000000000000e+03,-3.629422625937832603e-01,-1.620449026795283964e-01
1.835000000000000000e+03,-3.619421856377273983e-01,-1.620275182207931430e-01
1.836000000000000000e+03,-3.609421086816717583e-01,-1.620101337620578619e-01
1.837000000000000000e+03,-3.599420317256161184e-01,-1.619927493033226085e-01
1.838000000000000000e+03,-3.589419547695602564e-01,-1.619753648445873551e-01
1.839000000000000000e+03,-3.579418778135043944e-01,-1.619579803858520739e-01
1.840000000000000000e+03,-3.569418008574487544e-01,-1.619405959271168205e-01
1.841000000000000000e+03,-3.559417239013931145e-01,-1.619232114683815671e-01
1.842000000000000000e+03,-3.549416469453372525e-01,-1.619058270096462859e-01
1.843000000000000000e+03,-3.539415699892816125e-01,-1.618884425509110325e-01
1.844000000000000000e+03,-3.529414930332259726e-01,-1.618710580921757791e-01
1.845000000000000000e+03,-3.519414160771701106e-01,-1.618536736334404980e-01
1.846000000000000000e+03,-3.509413391211142486e-01,-1.618362891747052446e-01
1.847000000000000000e+03,-3.499412621650586086e-01,-1.618189047159699911e-01
1.848000000000000000e+03,-3.489411852090029686e-01,-1.618015202572347100e-01
1.849000000000000000e+03,-3.479411082529471066e-01,-1.617841357984994566e-01
1.850000000000000000e+03,-3.469410312968914667e-01,-1.617667513397642032e-01
1.851000000000000000e+03,-3.459409543408358267e-01,-1.617493668810289220e-01
1.852000000000000000e+03,-3.449408773847799647e-01,-1.617319824222936686e-01
1.853000000000000000e+03,-3.439408004287241027e-01,-1.617145979635584152e-01
1.854000000000000000e+03,-3.429407234726684628e-01,-1.616972135048231340e-01
1.855000000000000000e+03,-3.419406465166128228e-01,-1.616798290460878806e-01
1.856000000000000000e+03,-3.409405695605569608e-01,-1.616624445873526272e-01
1.857000000000000000e+03,-3.399404926045013209e-01,-1.616450601286173461e-01
1.858000000000000000e+03,-3.389404156484456809e-01,-1.616276756698820927e-01
1.859000000000000000e+03,-3.379403386923898189e-01,-1.616102912111468393e-01
1.860000000000000000e+03,-3.369402617363339569e-01,-1.615929067524115581e-01
1.861000000000000000e+03,-3.359401847802785390e-01,-1.615755222936763047e-01
1.862000000000000000e+03,-3.349401078242226770e-01,-1.615581378349410513e-01
1.863000000000000000e+03,-3.339400308681668150e-01,-1.615407533762057701e-01
1.864000000000000000e+03,-3.329399539121111751e-01,-1.615233689174705167e-01
1.865000000000000000e+03,-3.319398769560555351e-01,-1.615059844587352633e-01
1.866000000000000000e+03,-3.309397999999996731e-01,-1.614885999999999822e-01
1.867000000000000000e+03,-3.299397230439438111e-01,-1.614712155412647288e-01
1.868000000000000000e+03,-3.289396460878881712e-01,-1.614538310825294753e-01
1.869000000000000000e+03,-3.279395691318323092e-01,-1.614364466237941942e-01
1.870000000000000000e+03,-3.269394921757768913e-01,-1.614190621650589408e-01
1.871000000000000000e+03,-3.259394152197210293e-01,-1.614016777063236874e-01
1.872000000000000000e+03,-3.249393382636653893e-01,-1.613842932475884062e-01
1.873000000000000000e+03,-3.239392613076095273e-01,-1.613669087888531528e-01
1.874000000000000000e+03,-3.229391843515536653e-01,-1.613495243301178994e-01
1.875000000000000000e+03,-3.219391073954980254e-01,-1.613321398713826182e-01
1.876000000000000000e+03,-3.209390304394421634e-01,-1.613147554126473648e-01
1.877000000000000000e+03,-3.199389534833867454e-01,-1.612973709539121114e-01
1.878000000000000000e+03,-3.189388765273308834e-01,-1.612799864951768303e-01
1.879000000000000000e+03,-3.179387995712752435e-01,-1.612626020364415769e-01
1.880000000000000000e+03,-3.169387226152193815e-01,-1.612452175777063235e-01
1.881000000000000000e+03,-3.159386456591635195e-01,-1.612278331189710423e-01
1.882000000000000000e+03,-3.149385687031078795e-01,-1.612104486602357889e-01
1.883000000000000000e+03,-3.139384917470520175e-01,-1.611930642015005355e-01
1.884000000000000000e+03,-3.129384147909965996e-01,-1.611756797427652821e-01
1.885000000000000000e+03,-3.119383378349407376e-01,-1.611582952840300009e-01
1.886000000000000000e+03,-3.109382608788850977e-01,-1.611409108252947475e-01
1.887000000000000000e+03,-3.099381839228292357e-01,-1.611235263665594664e-01
1.888000000000000000e+03,-3.089381069667733737e-01,-1.611061419078242130e-01
1.889000000000000000e+03,-3.079380300107177337e-01,-1.610887574490889596e-01
1.890000000000000000e+03,-3.069379530546618717e-01,-1.610713729903536784e-01
1.891000000000000000e+03,-3.059378760986064538e-01,-1.610539885316184250e-01
1.892000000000000000e+03,-3.049377991425508139e-01,-1.610366040728831716e-01
1.893000000000000000e+03,-3.039377221864949519e-01,-1.610192196141478904e-01
1.894000000000000000e+03,-3.029376452304390899e-01,-1.610018351554126370e-01
1.895000000000000000e+03,-3.019375682743832279e-01,-1.609844506966773836e-01
1.896000000000000000e+03,-3.009374913183275879e-01,-1.609670662379421024e-01
1.897000000000000000e+03,-2.999374143622717259e-01,-1.609496817792068490e-01
1.898000000000000000e+03,-2.989373374062163080e-01,-1.609322973204715956e-01
1.899000000000000000e+03,-2.979372604501606681e-01,-1.609149128617363422e-01
1.900000000000000000e+03,-2.969371834941048061e-01,-1.608975284030010611e-01
1.901000000000000000e+03,-2.959371065380489441e-01,-1.608801439442658077e-01
1.902000000000000000e+03,-2.949370295819930821e-01,-1.608627594855305265e-01
1.903000000000000000e+03,-2.939369526259374421e-01,-1.608453750267952731e-01
1.904000000000000000e+03,-2.929368756698815801e-01,-1.608279905680600197e-01
1.905000000000000000e+03,-2.919367987138261622e-01,-1.608106061093247663e-01
1.906000000000000000e+03,-2.909367217577705222e-01,-1.607932216505894851e-01
1.907000000000000000e+03,-2.899366448017146602e-01,-1.607758371918542317e-01
1.908000000000000000e+03,-2.889365678456587982e-01,-1.607584527331189506e-01
1.909000000000000000e+03,-2.879364908896031583e-01,-1.607410682743836972e-01
1.910000000000000000e+03,-2.869364139335472963e-01,-1.607236838156484438e-01
1.911000000000000000e+03,-2.859363369774914343e-01,-1.607062993569131626e-01
1.912000000000000000e+03,-2.849362600214360164e-01,-1.606889148981779369e-01
1.913000000000000000e+03,-2.839361830653803764e-01,-1.606715304394426558e-01
1.914000000000000000e+03,-2.829361061093245144e-01,-1.606541459807074024e-01
1.915000000000000000e+03,-2.819360291532686524e-01,-1.606367615219721212e-01
1.916000000000000000e+03,-2.809359521972130125e-01,-1.606193770632368678e-01
1.917000000000000000e+03,-2.799358752411571505e-01,-1.606019926045015866e-01
1.918000000000000000e+03,-2.789357982851012885e-01,-1.605846081457663332e-01
1.919000000000000000e+03,-2.779357213290458706e-01,-1.605672236870310798e-01
1.920000000000000000e+03,-2.769356443729902306e-01,-1.605498392282958264e-01
1.921000000000000000e+03,-2.759355674169343686e-01,-1.605324547695605453e-01
1.922000000000000000e+03,-2.749354904608785066e-01,-1.605150703108252919e-01
1.923000000000000000e+03,-2.739354135048228667e-01,-1.604976858520900107e-01
1.924000000000000000e+03,-2.729353365487670047e-01,-1.604803013933547573e-01
1.925000000000000000e+03,-2.719352595927111427e-01,-1.604629169346195039e-01
1.926000000000000000e+03,-2.709351826366557248e-01,-1.604455324758842505e-01
1.927000000000000000e+03,-2.699351056806000848e-01,-1.604281480171489971e-01
1.928000000000000000e+03,-2.689350287245442228e-01,-1.604107635584137159e-01
1.929000000000000000e+03,-2.679349517684883608e-01,-1.603933790996784625e-01
1.930000000000000000e+03,-2.669348748124327209e-01,-1.603759946409431814e-01
1.931000000000000000e+03,-2.659347978563768589e-01,-1.603586101822079280e-01
1.932000000000000000e+03,-2.649347209003209969e-01,-1.603412257234726468e-01
1.933000000000000000e+03,-2.639346439442655790e-01,-1.603238412647374211e-01
1.934000000000000000e+03,-2.629345669882099390e-01,-1.603064568060021400e-01
1.935000000000000000e+03,-2.619344900321540770e-01,-1.602890723472668866e-01
1.936000000000000000e+03,-2.609344130760982150e-01,-1.602716878885316054e-01
1.937000000000000000e+03,-2.599343361200425750e-01,-1.602543034297963520e-01
1.938000000000000000e+03,-2.589342591639867130e-01,-1.602369189710610708e-01
1.939000000000000000e+03,-2.579341822079308510e-01,-1.602195345123258174e-01
1.940000000000000000e+03,-2.569341052518754331e-01,-1.602021500535905640e-01
1.941000000000000000e+03,-2.559340282958197932e-01,-1.601847655948553106e-01
1.942000000000000000e+03,-2.549339513397639312e-01,-1.601673811361200572e-01
1.943000000000000000e+03,-2.539338743837080692e-01,-1.601499966773847761e-01
1.944000000000000000e+03,-2.529337974276524292e-01,-1.601326122186495227e-01
1.945000000000000000e+03,-2.519337204715965672e-01,-1.601152277599142415e-01
1.946000000000000000e+03,-2.509336435155407052e-01,-1.600978433011789881e-01
1.947000000000000000e+03,-2.499335665594855094e-01,-1.600804588424437347e-01
1.948000000000000000e+03,-2.489334896034296474e-01,-1.600630743837084813e-01
1.949000000000000000e+03,-2.479334126473737854e-01,-1.600456899249732001e-01
1.950000000000000000e+03,-2.469333356913179234e-01,-1.600283054662379467e-01
1.951000000000000000e+03,-2.459332587352622834e-01,-1.600109210075026656e-01
1.952000000000000000e+03,-2.449331817792064214e-01,-1.599935365487674122e-01
1.953000000000000000e+03,-2.439331048231505594e-01,-1.599761520900321310e-01
1.954000000000000000e+03,-2.429330278670953636e-01,-1.599587676312969053e-01
1.955000000000000000e+03,-2.419329509110395016e-01,-1.599413831725616242e-01
1.956000000000000000e+03,-2.409328739549836396e-01,-1.599239987138263708e-01
1.957000000000000000e+03,-2.399327969989277776e-01,-1.599066142550911174e-01
1.958000000000000000e+03,-2.389327200428721376e-01,-1.598892297963558362e-01
1.959000000000000000e+03,-2.379326430868162756e-01,-1.598718453376205828e-01
1.960000000000000000e+03,-2.369325661307604136e-01,-1.598544608788853016e-01
1.961000000000000000e+03,-2.359324891747052177e-01,-1.598370764201500482e-01
1.962000000000000000e+03,-2.349324122186493558e-01,-1.598196919614147948e-01
1.963000000000000000e+03,-2.339323352625934938e-01,-1.598023075026795414e-01
1.964000000000000000e+03,-2.329322583065378538e-01,-1.597849230439442603e-01
1.965000000000000000e+03,-2.319321813504819918e-01,-1.597675385852090069e-01
1.966000000000000000e+03,-2.309321043944261298e-01,-1.597501541264737257e-01
1.967000000000000000e+03,-2.299320274383702678e-01,-1.597327696677384723e-01
1.968000000000000000e+03,-2.289319504823150719e-01,-1.597153852090032189e-01
1.969000000000000000e+03,-2.279318735262592099e-01,-1.596980007502679655e-01
1.970000000000000000e+03,-2.269317965702033479e-01,-1.596806162915326843e-01
1.971000000000000000e+03,-2.259317196141477080e-01,-1.596632318327974309e-01
1.972000000000000000e+03,-2.249316426580918460e-01,-1.596458473740621775e-01
1.973000000000000000e+03,-2.239315657020359840e-01,-1.596284629153268964e-01
1.974000000000000000e+03,-2.229314887459801220e-01,-1.596110784565916429e-01
1.975000000000000000e+03,-2.219314117899249261e-01,-1.595936939978563895e-01
1.976000000000000000e+03,-2.209313348338690641e-01,-1.595763095391211084e-01
1.977000000000000000e+03,-2.199312578778132021e-01,-1.595589250803858550e-01
1.978000000000000000e+03,-2.189311809217575622e-01,-1.595415406216506016e-01
1.979000000000000000e+03,-2.179311039657017002e-01,-1.595241561629153204e-01
1.980000000000000000e+03,-2.169310270096458382e-01,-1.595067717041800670e-01
1.981000000000000000e+03,-2.159309500535901982e-01,-1.594893872454447858e-01
1.982000000000000000e+03,-2.149308730975347803e-01,-1.594720027867095324e-01
1.983000000000000000e+03,-2.139307961414789183e-01,-1.594546183279742790e-01
1.984000000000000000e+03,-2.129307191854230563e-01,-1.594372338692390256e-01
1.985000000000000000e+03,-2.119306422293674164e-01,-1.594198494105037445e-01
1.986000000000000000e+03,-2.109305652733115544e-01,-1.594024649517684911e-01
1.987000000000000000e+03,-2.099304883172556924e-01,-1.593850804930332377e-01
1.988000000000000000e+03,-2.089304113612000524e-01,-1.593676960342979565e-01
1.989000000000000000e+03,-2.079303344051446345e-01,-1.593503115755627031e-01
1.990000000000000000e+03,-2.069302574490887725e-01,-1.593329271168274497e-01
1.991000000000000000e+03,-2.059301804930329105e-01,-1.593155426580921685e-01
1.992000000000000000e+03,-2.049301035369772706e-01,-1.592981581993569151e-01
1.993000000000000000e+03,-2.039300265809214086e-01,-1.592807737406216617e-01
1.994000000000000000e+03,-2.029299496248655466e-01,-1.592633892818863806e-01
1.995000000000000000e+03,-2.019298726688099066e-01,-1.592460048231511271e-01
1.996000000000000000e+03,-2.009297957127544887e-01,-1.592286203644158737e-01
1.997000000000000000e+03,-1.999297187566986267e-01,-1.592112359056805926e-01
1.998000000000000000e+03,-1.989296418006427647e-01,-1.591938514469453392e-01
1.999000000000000000e+03,-1.979295648445871247e-01,-1.591764669882100858e-01
2.000000000000000000e+03,-1.969294878885312627e-01,-1.591590825294748046e-01
2.001000000000000000e+03,-1.959294109324756228e-01,-1.591416980707395512e-01
2.002000000000000000e+03,-1.949293339764195387e-01,-1.591243136120042978e-01
2.003000000000000000e+03,-1.939292570203643429e-01,-1.591069291532690166e-01
2.004000000000000000e+03,-1.929291800643087029e-01,-1.590895446945337632e-01
2.005000000000000000e+03,-1.919291031082526189e-01,-1.590721602357985098e-01
2.006000000000000000e+03,-1.909290261521969789e-01,-1.590547757770632287e-01
2.007000000000000000e+03,-1.899289491961413390e-01,-1.590373913183279753e-01
2.008000000000000000e+03,-1.889288722400852549e-01,-1.590200068595927219e-01
2.009000000000000000e+03,-1.879287952840296150e-01,-1.590026224008574407e-01
2.010000000000000000e+03,-1.869287183279739750e-01,-1.589852379421221873e-01
2.011000000000000000e+03,-1.859286413719183351e-01,-1.589678534833869339e-01
2.012000000000000000e+03,-1.849285644158626951e-01,-1.589504690246516527e-01
2.013000000000000000e+03,-1.839284874598066111e-01,-1.589330845659163993e-01
2.014000000000000000e+03,-1.829284105037509711e-01,-1.589157001071811459e-01
2.015000000000000000e+03,-1.819283335476953312e-01,-1.588983156484458648e-01
2.016000000000000000e+03,-1.809282565916392471e-01,-1.588809311897106114e-01
2.017000000000000000e+03,-1.799281796355840513e-01,-1.588635467309753579e-01
2.018000000000000000e+03,-1.789281026795284113e-01,-1.588461622722400768e-01
2.019000000000000000e+03,-1.779280257234723273e-01,-1.588287778135048234e-01
2.020000000000000000e+03,-1.769279487674166873e-01,-1.588113933547695700e-01
2.021000000000000000e+03,-1.759278718113610473e-01,-1.587940088960342888e-01
2.022000000000000000e+03,-1.749277948553049633e-01,-1.587766244372990354e-01
2.023000000000000000e+03,-1.739277178992493234e-01,-1.587592399785637820e-01
2.024000000000000000e+03,-1.729276409431936834e-01,-1.587418555198285008e-01
2.025000000000000000e+03,-1.719275639871380434e-01,-1.587244710610932474e-01
2.026000000000000000e+03,-1.709274870310824035e-01,-1.587070866023579940e-01
2.027000000000000000e+03,-1.699274100750263194e-01,-1.586897021436227129e-01
2.028000000000000000e+03,-1.689273331189706795e-01,-1.586723176848874595e-01
2.029000000000000000e+03,-1.679272561629150395e-01,-1.586549332261522061e-01
2.030000000000000000e+03,-1.669271792068589555e-01,-1.586375487674169249e-01
2.031000000000000000e+03,-1.659271022508037596e-01,-1.586201643086816715e-01
2.032000000000000000e+03,-1.649270252947481197e-01,-1.586027798499464181e-01
2.033000000000000000e+03,-1.639269483386920356e-01,-1.585853953912111369e-01
2.034000000000000000e+03,-1.629268713826363957e-01,-1.585680109324758835e-01
2.035000000000000000e+03,-1.619267944265807557e-01,-1.585506264737406301e-01
2.036000000000000000e+03,-1.609267174705246717e-01,-1.585332420150053490e-01
2.037000000000000000e+03,-1.599266405144690317e-01,-1.585158575562700956e-01
2.038000000000000000e+03,-1.589265635584133918e-01,-1.584984730975348421e-01
2.039000000000000000e+03,-1.579264866023577518e-01,-1.584810886387995610e-01
2.040000000000000000e+03,-1.569264096463021119e-01,-1.584637041800643076e-01
2.041000000000000000e+03,-1.559263326902460278e-01,-1.584463197213290542e-01
2.042000000000000000e+03,-1.549262557341903879e-01,-1.584289352625937730e-01
2.043000000000000000e+03,-1.539261787781347479e-01,-1.584115508038585196e-01
2.044000000000000000e+03,-1.529261018220786639e-01,-1.583941663451232662e-01
2.045000000000000000e+03,-1.519260248660234680e-01,-1.583767818863879850e-01
2.046000000000000000e+03,-1.509259479099678281e-01,-1.583593974276527316e-01
2.047000000000000000e+03,-1.499258709539117440e-01,-1.583420129689174782e-01
2.048000000000000000e+03,-1.489257939978561041e-01,-1.583246285101821971e-01
2.049000000000000000e+03,-1.479257170418004641e-01,-1.583072440514469437e-01
2.050000000000000000e+03,-1.469256400857443801e-01,-1.582898595927116903e-01
2.051000000000000000e+03,-1.459255631296887401e-01,-1.582724751339764091e-01
2.052000000000000000e+03,-1.449254861736335442e-01,-1.582550906752411557e-01
2.053000000000000000e+03,-1.439254092175774602e-01,-1.582377062165059023e-01
2.054000000000000000e+03,-1.429253322615218202e-01,-1.582203217577706211e-01
2.055000000000000000e+03,-1.419252553054657362e-01,-1.582029372990353677e-01
2.056000000000000000e+03,-1.409251783494100962e-01,-1.581855528403001143e-01
2.057000000000000000e+03,-1.399251013933544563e-01,-1.581681683815648332e-01
2.058000000000000000e+03,-1.389250244372983722e-01,-1.581507839228295798e-01
2.059000000000000000e+03,-1.379249474812431764e-01,-1.581333994640943263e-01
2.060000000000000000e+03,-1.369248705251875364e-01,-1.581160150053590452e-01
2.061000000000000000e+03,-1.359247935691314524e-01,-1.580986305466237918e-01
2.062000000000000000e+03,-1.349247166130758124e-01,-1.580812460878885384e-01
2.063000000000000000e+03,-1.339246396570201725e-01,-1.580638616291532572e-01
2.064000000000000000e+03,-1.329245627009640884e-01,-1.580464771704180038e-01
2.065000000000000000e+03,-1.319244857449084485e-01,-1.580290927116827504e-01
2.066000000000000000e+03,-1.309244087888532526e-01,-1.580117082529474692e-01
2.067000000000000000e+03,-1.299243318327971686e-01,-1.579943237942122158e-01
2.068000000000000000e+03,-1.289242548767415286e-01,-1.579769393354769624e-01
2.069000000000000000e+03,-1.279241779206858887e-01,-1.579595548767416813e-01
2.070000000000000000e+03,-1.269241009646298046e-01,-1.579421704180064279e-01
2.071000000000000000e+03,-1.259240240085741647e-01,-1.579247859592711745e-01
2.072000000000000000e+03,-1.249239470525180806e-01,-1.579074015005358933e-01
2.073000000000000000e+03,-1.239238700964628848e-01,-1.578900170418006399e-01
2.074000000000000000e+03,-1.229237931404072448e-01,-1.578726325830653865e-01
2.075000000000000000e+03,-1.219237161843511608e-01,-1.578552481243301053e-01
2.076000000000000000e+03,-1.209236392282955208e-01,-1.578378636655948519e-01
2.077000000000000000e+03,-1.199235622722398809e-01,-1.578204792068595985e-01
2.078000000000000000e+03,-1.189234853161837968e-01,-1.578030947481243174e-01
2.079000000000000000e+03,-1.179234083601281569e-01,-1.577857102893890640e-01
2.080000000000000000e+03,-1.169233314040729610e-01,-1.577683258306538105e-01
2.081000000000000000e+03,-1.159232544480168769e-01,-1.577509413719185294e-01
2.082000000000000000e+03,-1.149231774919612370e-01,-1.577335569131832760e-01
2.083000000000000000e+03,-1.139231005359055970e-01,-1.577161724544480226e-01
2.084000000000000000e+03,-1.129230235798495130e-01,-1.576987879957127414e-01
2.085000000000000000e+03,-1.119229466237938730e-01,-1.576814035369774880e-01
2.086000000000000000e+03,-1.109228696677382331e-01,-1.576640190782422346e-01
2.087000000000000000e+03,-1.099227927116825931e-01,-1.576466346195069534e-01
2.088000000000000000e+03,-1.089227157556269532e-01,-1.576292501607717000e-01
2.089000000000000000e+03,-1.079226387995708691e-01,-1.576118657020364466e-01
2.090000000000000000e+03,-1.069225618435152292e-01,-1.575944812433011655e-01
2.091000000000000000e+03,-1.059224848874595892e-01,-1.575770967845659121e-01
2.092000000000000000e+03,-1.049224079314035052e-01,-1.575597123258306587e-01
2.093000000000000000e+03,-1.039223309753478652e-01,-1.575423278670953775e-01
2.094000000000000000e+03,-1.029222540192926694e-01,-1.575249434083601241e-01
2.095000000000000000e+03,-1.019221770632365853e-01,-1.575075589496248707e-01
2.096000000000000000e+03,-1.009221001071809454e-01,-1.574901744908895895e-01
2.097000000000000000e+03,-9.992202315112530542e-02,-1.574727900321543361e-01
2.098000000000000000e+03,-9.892194619506922137e-02,-1.574554055734190827e-01
2.099000000000000000e+03,-9.792186923901358142e-02,-1.574380211146838016e-01
2.100000000000000000e+03,-9.692179228295794147e-02,-1.574206366559485482e-01
2.101000000000000000e+03,-9.592171532690230151e-02,-1.574032521972132947e-01
2.102000000000000000e+03,-9.492163837084666156e-02,-1.573858677384780136e-01
2.103000000000000000e+03,-9.392156141479057752e-02,-1.573684832797427602e-01
2.104000000000000000e+03,-9.292148445873493756e-02,-1.573510988210075068e-01
2.105000000000000000e+03,-9.192140750267929761e-02,-1.573337143622722256e-01
2.106000000000000000e+03,-9.092133054662321356e-02,-1.573163299035369722e-01
2.107000000000000000e+03,-8.992125359056757361e-02,-1.572989454448017188e-01
2.108000000000000000e+03,-8.892117663451237775e-02,-1.572815609860664376e-01
2.109000000000000000e+03,-8.792109967845629370e-02,-1.572641765273311842e-01
2.110000000000000000e+03,-8.692102272240065375e-02,-1.572467920685959308e-01
2.111000000000000000e+03,-8.592094576634501379e-02,-1.572294076098606497e-01
2.112000000000000000e+03,-8.492086881028892975e-02,-1.572120231511253963e-01
2.113000000000000000e+03,-8.392079185423328980e-02,-1.571946386923901429e-01
2.114000000000000000e+03,-8.292071489817764984e-02,-1.571772542336548617e-01
2.115000000000000000e+03,-8.192063794212200989e-02,-1.571598697749196083e-01
2.116000000000000000e+03,-8.092056098606636994e-02,-1.571424853161843549e-01
2.117000000000000000e+03,-7.992048403001072998e-02,-1.571251008574490737e-01
2.118000000000000000e+03,-7.892040707395464594e-02,-1.571077163987138203e-01
2.119000000000000000e+03,-7.792033011789900598e-02,-1.570903319399785669e-01
2.120000000000000000e+03,-7.692025316184292194e-02,-1.570729474812432858e-01
2.121000000000000000e+03,-7.592017620578728199e-02,-1.570555630225080324e-01
2.122000000000000000e+03,-7.492009924973208612e-02,-1.570381785637727790e-01
2.123000000000000000e+03,-7.392002229367600208e-02,-1.570207941050374978e-01
2.124000000000000000e+03,-7.291994533762036212e-02,-1.570034096463022444e-01
2.125000000000000000e+03,-7.191986838156472217e-02,-1.569860251875669910e-01
2.126000000000000000e+03,-7.091979142550863813e-02,-1.569686407288317098e-01
2.127000000000000000e+03,-6.991971446945299817e-02,-1.569512562700964564e-01
2.128000000000000000e+03,-6.891963751339735822e-02,-1.569338718113612030e-01
2.129000000000000000e+03,-6.791956055734171827e-02,-1.569164873526259218e-01
2.130000000000000000e+03,-6.691948360128607831e-02,-1.568991028938906684e-01
2.131000000000000000e+03,-6.591940664523043836e-02,-1.568817184351554150e-01
2.132000000000000000e+03,-6.491932968917435431e-02,-1.568643339764201339e-01
2.133000000000000000e+03,-6.391925273311871436e-02,-1.568469495176848805e-01
2.134000000000000000e+03,-6.291917577706307441e-02,-1.568295650589496271e-01
2.135000000000000000e+03,-6.191909882100699036e-02,-1.568121806002143459e-01
2.136000000000000000e+03,-6.091902186495179450e-02,-1.567947961414790925e-01
2.137000000000000000e+03,-5.991894490889571045e-02,-1.567774116827438391e-01
2.138000000000000000e+03,-5.891886795284007050e-02,-1.567600272240085579e-01
2.139000000000000000e+03,-5.791879099678443055e-02,-1.567426427652733045e-01
2.140000000000000000e+03,-5.691871404072834650e-02,-1.567252583065380511e-01
2.141000000000000000e+03,-5.591863708467270655e-02,-1.567078738478027700e-01
2.142000000000000000e+03,-5.491856012861706660e-02,-1.566904893890675166e-01
2.143000000000000000e+03,-5.391848317256142664e-02,-1.566731049303322632e-01
2.144000000000000000e+03,-5.291840621650578669e-02,-1.566557204715969820e-01
2.145000000000000000e+03,-5.191832926045014673e-02,-1.566383360128617286e-01
2.146000000000000000e+03,-5.091825230439406269e-02,-1.566209515541264752e-01
2.147000000000000000e+03,-4.991817534833842274e-02,-1.566035670953911940e-01
2.148000000000000000e+03,-4.891809839228278278e-02,-1.565861826366559406e-01
2.149000000000000000e+03,-4.791802143622669874e-02,-1.565687981779206872e-01
2.150000000000000000e+03,-4.691794448017150287e-02,-1.565514137191854338e-01
2.151000000000000000e+03,-4.591786752411541883e-02,-1.565340292604501526e-01
2.152000000000000000e+03,-4.491779056805977888e-02,-1.565166448017148992e-01
2.153000000000000000e+03,-4.391771361200413892e-02,-1.564992603429796181e-01
2.154000000000000000e+03,-4.291763665594805488e-02,-1.564818758842443647e-01
2.155000000000000000e+03,-4.191755969989241493e-02,-1.564644914255091113e-01
2.156000000000000000e+03,-4.091748274383677497e-02,-1.564471069667738301e-01
2.157000000000000000e+03,-3.991740578778113502e-02,-1.564297225080385767e-01
2.158000000000000000e+03,-3.891732883172549506e-02,-1.564123380493033233e-01
2.159000000000000000e+03,-3.791725187566985511e-02,-1.563949535905680421e-01
2.160000000000000000e+03,-3.691717491961377107e-02,-1.563775691318327887e-01
2.161000000000000000e+03,-3.591709796355813111e-02,-1.563601846730975353e-01
2.162000000000000000e+03,-3.491702100750249116e-02,-1.563428002143622542e-01
2.163000000000000000e+03,-3.391694405144640712e-02,-1.563254157556270008e-01
2.164000000000000000e+03,-3.291686709539121125e-02,-1.563080312968917474e-01
2.165000000000000000e+03,-3.191679013933512721e-02,-1.562906468381564939e-01
2.166000000000000000e+03,-3.091671318327948725e-02,-1.562732623794212128e-01
2.167000000000000000e+03,-2.991663622722384730e-02,-1.562558779206859594e-01
2.168000000000000000e+03,-2.891655927116776326e-02,-1.562384934619506782e-01
2.169000000000000000e+03,-2.791648231511212330e-02,-1.562211090032154248e-01
2.170000000000000000e+03,-2.691640535905648335e-02,-1.562037245444801714e-01
2.171000000000000000e+03,-2.591632840300084339e-02,-1.561863400857449180e-01
2.172000000000000000e+03,-2.491625144694520344e-02,-1.561689556270096368e-01
2.173000000000000000e+03,-2.391617449088956349e-02,-1.561515711682743834e-01
2.174000000000000000e+03,-2.291609753483347944e-02,-1.561341867095391023e-01
2.175000000000000000e+03,-2.191602057877783949e-02,-1.561168022508038489e-01
2.176000000000000000e+03,-2.091594362272219954e-02,-1.560994177920685955e-01
2.177000000000000000e+03,-1.991586666666611549e-02,-1.560820333333333143e-01
2.178000000000000000e+03,-1.891578971061091963e-02,-1.560646488745980887e-01
2.179000000000000000e+03,-1.791571275455527967e-02,-1.560472644158628075e-01
2.180000000000000000e+03,-1.691563579849919563e-02,-1.560298799571275541e-01
2.181000000000000000e+03,-1.591555884244355568e-02,-1.560124954983922729e-01
2.182000000000000000e+03,-1.491548188638747163e-02,-1.559951110396570195e-01
2.183000000000000000e+03,-1.391540493033183168e-02,-1.559777265809217384e-01
2.184000000000000000e+03,-1.291532797427619172e-02,-1.559603421221864850e-01
2.185000000000000000e+03,-1.191525101822055177e-02,-1.559429576634512316e-01
2.186000000000000000e+03,-1.091517406216491182e-02,-1.559255732047159781e-01
2.187000000000000000e+03,-9.915097106109271863e-03,-1.559081887459806970e-01
2.188000000000000000e+03,-8.915020150053187820e-03,-1.558908042872454436e-01
2.189000000000000000e+03,-7.914943193997547866e-03,-1.558734198285101624e-01
2.190000000000000000e+03,-6.914866237941907912e-03,-1.558560353697749090e-01
2.191000000000000000e+03,-5.914789281885823868e-03,-1.558386509110396556e-01
2.192000000000000000e+03,-4.914712325830628004e-03,-1.558212664523044022e-01
2.193000000000000000e+03,-3.914635369774988050e-03,-1.558038819935691488e-01
2.194000000000000000e+03,-2.914558413718904006e-03,-1.557864975348338676e-01
2.195000000000000000e+03,-1.914481457663264052e-03,-1.557691130760986142e-01
2.196000000000000000e+03,-9.144045016076240984e-04,-1.557517286173633331e-01
2.197000000000000000e+03,8.567245444845994484e-05,-1.557343441586280797e-01
2.198000000000000000e+03,1.085749410504099899e-03,-1.557169596998927985e-01
2.199000000000000000e+03,2.085826366559739853e-03,-1.556995752411575729e-01
2.200000000000000000e+03,3.085903322615379807e-03,-1.556821907824222917e-01
2.201000000000000000e+03,4.085980278671019761e-03,-1.556648063236870383e-01
2.202000000000000000e+03,5.086057234727103804e-03,-1.556474218649517571e-01
2.203000000000000000e+03,6.086134190782743758e-03,-1.556300374062165037e-01
2.204000000000000000e+03,7.086211146838383712e-03,-1.556126529474812226e-01
2.205000000000000000e+03,8.086288102894467755e-03,-1.555952684887459692e-01
2.206000000000000000e+03,9.086365058949663620e-03,-1.555778840300107158e-01
2.207000000000000000e+03,1.008644201500530357e-02,-1.555604995712754623e-01
2.208000000000000000e+03,1.108651897106138762e-02,-1.555431151125402089e-01
2.209000000000000000e+03,1.208659592711702757e-02,-1.555257306538049278e-01
2.210000000000000000e+03,1.308667288317266753e-02,-1.555083461950696744e-01
2.211000000000000000e+03,1.408674983922875157e-02,-1.554909617363343932e-01
2.212000000000000000e+03,1.508682679528439152e-02,-1.554735772775991398e-01
2.213000000000000000e+03,1.608690375134003148e-02,-1.554561928188638864e-01
2.214000000000000000e+03,1.708698070739567143e-02,-1.554388083601286330e-01
2.215000000000000000e+03,1.808705766345131138e-02,-1.554214239013933518e-01
2.216000000000000000e+03,1.908713461950739543e-02,-1.554040394426580984e-01
2.217000000000000000e+03,2.008721157556303538e-02,-1.553866549839228173e-01
2.218000000000000000e+03,2.108728853161867534e-02,-1.553692705251875639e-01
2.219000000000000000e+03,2.208736548767475938e-02,-1.553518860664522827e-01
2.220000000000000000e+03,2.308744244372995524e-02,-1.553345016077170571e-01
2.221000000000000000e+03,2.408751939978559520e-02,-1.553171171489817759e-01
2.222000000000000000e+03,2.508759635584167924e-02,-1.552997326902465225e-01
2.223000000000000000e+03,2.608767331189731919e-02,-1.552823482315112691e-01
2.224000000000000000e+03,2.708775026795295915e-02,-1.552649637727759879e-01
2.225000000000000000e+03,2.808782722400904319e-02,-1.552475793140407345e-01
2.226000000000000000e+03,2.908790418006468315e-02,-1.552301948553054534e-01
2.227000000000000000e+03,3.008798113612032310e-02,-1.552128103965702000e-01
2.228000000000000000e+03,3.108805809217596305e-02,-1.551954259378349466e-01
2.229000000000000000e+03,3.208813504823160301e-02,-1.551780414790996931e-01
2.230000000000000000e+03,3.308821200428768705e-02,-1.551606570203644120e-01
2.231000000000000000e+03,3.408828896034332701e-02,-1.551432725616291586e-01
2.232000000000000000e+03,3.508836591639896696e-02,-1.551258881028938774e-01
2.233000000000000000e+03,3.608844287245505100e-02,-1.551085036441586240e-01
2.234000000000000000e+03,3.708851982851024687e-02,-1.550911191854233706e-01
2.235000000000000000e+03,3.808859678456588682e-02,-1.550737347266881172e-01
2.236000000000000000e+03,3.908867374062197086e-02,-1.550563502679528360e-01
2.237000000000000000e+03,4.008875069667761082e-02,-1.550389658092175826e-01
2.238000000000000000e+03,4.108882765273325077e-02,-1.550215813504823292e-01
2.239000000000000000e+03,4.208890460878933482e-02,-1.550041968917470481e-01
2.240000000000000000e+03,4.308898156484497477e-02,-1.549868124330117947e-01
2.241000000000000000e+03,4.408905852090017063e-02,-1.549694279742765413e-01
2.242000000000000000e+03,4.508913547695625468e-02,-1.549520435155412601e-01
2.243000000000000000e+03,4.608921243301189463e-02,-1.549346590568060067e-01
2.244000000000000000e+03,4.708928938906797868e-02,-1.549172745980707533e-01
2.245000000000000000e+03,4.808936634512361863e-02,-1.548998901393354721e-01
2.246000000000000000e+03,4.908944330117925858e-02,-1.548825056806002187e-01
2.247000000000000000e+03,5.008952025723534263e-02,-1.548651212218649376e-01
2.248000000000000000e+03,5.108959721329053849e-02,-1.548477367631296842e-01
2.249000000000000000e+03,5.208967416934617845e-02,-1.548303523043944308e-01
2.250000000000000000e+03,5.308975112540226249e-02,-1.548129678456591773e-01
2.251000000000000000e+03,5.408982808145790244e-02,-1.547955833869238962e-01
2.252000000000000000e+03,5.508990503751354240e-02,-1.547781989281886428e-01
2.253000000000000000e+03,5.608998199356962644e-02,-1.547608144694533894e-01
2.254000000000000000e+03,5.709005894962526639e-02,-1.547434300107181082e-01
2.255000000000000000e+03,5.809013590568046226e-02,-1.547260455519828548e-01
2.256000000000000000e+03,5.909021286173654630e-02,-1.547086610932476014e-01
2.257000000000000000e+03,6.009028981779218626e-02,-1.546912766345123202e-01
2.258000000000000000e+03,6.109036677384782621e-02,-1.546738921757770668e-01
2.259000000000000000e+03,6.209044372990391025e-02,-1.546565077170418134e-01
2.260000000000000000e+03,6.309052068595955021e-02,-1.546391232583065323e-01
2.261000000000000000e+03,6.409059764201563425e-02,-1.546217387995712789e-01
2.262000000000000000e+03,6.509067459807083011e-02,-1.546043543408360255e-01
2.263000000000000000e+03,6.609075155412647007e-02,-1.545869698821007443e-01
2.264000000000000000e+03,6.709082851018255411e-02,-1.545695854233654909e-01
2.265000000000000000e+03,6.809090546623819407e-02,-1.545522009646302375e-01
2.266000000000000000e+03,6.909098242229383402e-02,-1.545348165058949563e-01
2.267000000000000000e+03,7.009105937834991806e-02,-1.545174320471597029e-01
2.268000000000000000e+03,7.109113633440555802e-02,-1.545000475884244495e-01
2.269000000000000000e+03,7.209121329046075388e-02,-1.544826631296891684e-01
2.270000000000000000e+03,7.309129024651683793e-02,-1.544652786709539150e-01
2.271000000000000000e+03,7.409136720257247788e-02,-1.544478942122186615e-01
2.272000000000000000e+03,7.509144415862811783e-02,-1.544305097534833804e-01
2.273000000000000000e+03,7.609152111468420188e-02,-1.544131252947481270e-01
2.274000000000000000e+03,7.709159807073984183e-02,-1.543957408360128736e-01
2.275000000000000000e+03,7.809167502679548178e-02,-1.543783563772775924e-01
2.276000000000000000e+03,7.909175198285112174e-02,-1.543609719185423390e-01
2.277000000000000000e+03,8.009182893890676169e-02,-1.543435874598070856e-01
2.278000000000000000e+03,8.109190589496284574e-02,-1.543262030010718044e-01
2.279000000000000000e+03,8.209198285101848569e-02,-1.543088185423365510e-01
2.280000000000000000e+03,8.309205980707412564e-02,-1.542914340836012976e-01
2.281000000000000000e+03,8.409213676313020969e-02,-1.542740496248660165e-01
2.282000000000000000e+03,8.509221371918584964e-02,-1.542566651661307631e-01
2.283000000000000000e+03,8.609229067524104551e-02,-1.542392807073955097e-01
2.284000000000000000e+03,8.709236763129712955e-02,-1.542218962486602285e-01
2.285000000000000000e+03,8.809244458735276950e-02,-1.542045117899249751e-01
2.286000000000000000e+03,8.909252154340840946e-02,-1.541871273311897217e-01
2.287000000000000000e+03,9.009259849946449350e-02,-1.541697428724544405e-01
2.288000000000000000e+03,9.109267545552013345e-02,-1.541523584137191871e-01
2.289000000000000000e+03,9.209275241157577341e-02,-1.541349739549839337e-01
2.290000000000000000e+03,9.309282936763141336e-02,-1.541175894962486526e-01
2.291000000000000000e+03,9.409290632368705332e-02,-1.541002050375133992e-01
2.292000000000000000e+03,9.509298327974313736e-02,-1.540828205787781457e-01
2.293000000000000000e+03,9.609306023579877731e-02,-1.540654361200428646e-01
2.294000000000000000e+03,9.709313719185441727e-02,-1.540480516613076112e-01
2.295000000000000000e+03,9.809321414791050131e-02,-1.540306672025723578e-01
2.296000000000000000e+03,9.909329110396614126e-02,-1.540132827438370766e-01
2.297000000000000000e+03,1.000933680600213371e-01,-1.539958982851018232e-01
2.298000000000000000e+03,1.010934450160774212e-01,-1.539785138263665698e-01
2.299000000000000000e+03,1.020935219721330611e-01,-1.539611293676312886e-01
2.300000000000000000e+03,1.030935989281887011e-01,-1.539437449088960352e-01
2.301000000000000000e+03,1.040936758842447851e-01,-1.539263604501607818e-01
2.302000000000000000e+03,1.050937528403004251e-01,-1.539089759914255007e-01
2.303000000000000000e+03,1.060938297963560650e-01,-1.538915915326902473e-01
2.304000000000000000e+03,1.070939067524121491e-01,-1.538742070739549939e-01
2.305000000000000000e+03,1.080939837084673449e-01,-1.538568226152197127e-01
2.306000000000000000e+03,1.090940606645229849e-01,-1.538394381564844593e-01
2.307000000000000000e+03,1.100941376205790689e-01,-1.538220536977492059e-01
2.308000000000000000e+03,1.110942145766347089e-01,-1.538046692390139247e-01
2.309000000000000000e+03,1.120942915326907929e-01,-1.537872847802786713e-01
2.310000000000000000e+03,1.130943684887464329e-01,-1.537699003215434179e-01
2.311000000000000000e+03,1.140944454448020728e-01,-1.537525158628081368e-01
2.312000000000000000e+03,1.150945224008577128e-01,-1.537351314040728834e-01
2.313000000000000000e+03,1.160945993569133528e-01,-1.537177469453376299e-01
2.314000000000000000e+03,1.170946763129689927e-01,-1.537003624866023488e-01
2.315000000000000000e+03,1.180947532690250767e-01,-1.536829780278670954e-01
2.316000000000000000e+03,1.190948302250807167e-01,-1.536655935691318420e-01
2.317000000000000000e+03,1.200949071811363567e-01,-1.536482091103965608e-01
2.318000000000000000e+03,1.210949841371924407e-01,-1.536308246516613074e-01
2.319000000000000000e+03,1.220950610932476366e-01,-1.536134401929260540e-01
2.320000000000000000e+03,1.230951380493032765e-01,-1.535960557341907728e-01
2.321000000000000000e+03,1.240952150053593606e-01,-1.535786712754555194e-01
2.322000000000000000e+03,1.250952919614150005e-01,-1.535612868167202660e-01
2.323000000000000000e+03,1.260953689174706405e-01,-1.535439023579849849e-01
2.324000000000000000e+03,1.270954458735267245e-01,-1.535265178992497315e-01
2.325000000000000000e+03,1.280955228295823645e-01,-1.535091334405144781e-01
2.326000000000000000e+03,1.290955997856380044e-01,-1.534917489817791969e-01
2.327000000000000000e+03,1.300956767416936444e-01,-1.534743645230439435e-01
2.328000000000000000e+03,1.310957536977492843e-01,-1.534569800643086901e-01
2.329000000000000000e+03,1.320958306538053684e-01,-1.534395956055734089e-01
2.330000000000000000e+03,1.330959076098610083e-01,-1.534222111468381555e-01
2.331000000000000000e+03,1.340959845659166483e-01,-1.534048266881029021e-01
2.332000000000000000e+03,1.350960615219727323e-01,-1.533874422293676210e-01
2.333000000000000000e+03,1.360961384780279282e-01,-1.533700577706323676e-01
2.334000000000000000e+03,1.370962154340835681e-01,-1.533526733118971142e-01
2.335000000000000000e+03,1.380962923901396522e-01,-1.533352888531618330e-01
2.336000000000000000e+03,1.390963693461952921e-01,-1.533179043944265796e-01
2.337000000000000000e+03,1.400964463022509321e-01,-1.533005199356913262e-01
2.338000000000000000e+03,1.410965232583070161e-01,-1.532831354769560450e-01
2.339000000000000000e+03,1.420966002143626561e-01,-1.532657510182207916e-01
2.340000000000000000e+03,1.430966771704182960e-01,-1.532483665594855382e-01
2.341000000000000000e+03,1.440967541264739360e-01,-1.532309821007502570e-01
2.342000000000000000e+03,1.450968310825295760e-01,-1.532135976420150036e-01
2.343000000000000000e+03,1.460969080385856600e-01,-1.531962131832797502e-01
2.344000000000000000e+03,1.470969849946412999e-01,-1.531788287245444691e-01
2.345000000000000000e+03,1.480970619506969399e-01,-1.531614442658092157e-01
2.346000000000000000e+03,1.490971389067530239e-01,-1.531440598070739623e-01
2.347000000000000000e+03,1.500972158628082198e-01,-1.531266753483386811e-01
2.348000000000000000e+03,1.510972928188638598e-01,-1.531092908896034277e-01
2.349000000000000000e+03,1.520973697749199438e-01,-1.530919064308681743e-01
2.350000000000000000e+03,1.530974467309755838e-01,-1.530745219721328931e-01
2.351000000000000000e+03,1.540975236870312237e-01,-1.530571375133976397e-01
2.352000000000000000e+03,1.550976006430873078e-01,-1.530397530546623863e-01
2.353000000000000000e+03,1.560976775991429477e-01,-1.530223685959271052e-01
2.354000000000000000e+03,1.570977545551985877e-01,-1.530049841371918518e-01
2.355000000000000000e+03,1.580978315112542276e-01,-1.529875996784565984e-01
2.356000000000000000e+03,1.590979084673098676e-01,-1.529702152197213172e-01
2.357000000000000000e+03,1.600979854233659516e-01,-1.529528307609860638e-01
2.358000000000000000e+03,1.610980623794215916e-01,-1.529354463022508104e-01
2.359000000000000000e+03,1.620981393354772315e-01,-1.529180618435155292e-01
2.360000000000000000e+03,1.630982162915333156e-01,-1.529006773847802758e-01
2.361000000000000000e+03,1.640982932475885114e-01,-1.528832929260450224e-01
2.362000000000000000e+03,1.650983702036441514e-01,-1.528659084673097412e-01
2.363000000000000000e+03,1.660984471597002354e-01,-1.528485240085744878e-01
2.364000000000000000e+03,1.670985241157558754e-01,-1.528311395498392344e-01
2.365000000000000000e+03,1.680986010718115153e-01,-1.528137550911039533e-01
2.366000000000000000e+03,1.690986780278675994e-01,-1.527963706323686999e-01
2.367000000000000000e+03,1.700987549839232393e-01,-1.527789861736334465e-01
2.368000000000000000e+03,1.710988319399784352e-01,-1.527616017148981653e-01
2.369000000000000000e+03,1.720989088960345192e-01,-1.527442172561629119e-01
2.370000000000000000e+03,1.730989858520901592e-01,-1.527268327974276585e-01
2.371000000000000000e+03,1.740990628081462432e-01,-1.527094483386923773e-01
2.372000000000000000e+03,1.750991397642018832e-01,-1.526920638799571239e-01
2.373000000000000000e+03,1.760992167202575231e-01,-1.526746794212218705e-01
2.374000000000000000e+03,1.770992936763136072e-01,-1.526572949624865894e-01
2.375000000000000000e+03,1.780993706323688031e-01,-1.526399105037513360e-01
2.376000000000000000e+03,1.790994475884244430e-01,-1.526225260450160826e-01
2.377000000000000000e+03,1.800995245444805271e-01,-1.526051415862808014e-01
2.378000000000000000e+03,1.810996015005361670e-01,-1.525877571275455480e-01
2.379000000000000000e+03,1.820996784565918070e-01,-1.525703726688102946e-01
2.380000000000000000e+03,1.830997554126478910e-01,-1.525529882100750134e-01
2.381000000000000000e+03,1.840998323687035310e-01,-1.525356037513397600e-01
2.382000000000000000e+03,1.850999093247587268e-01,-1.525182192926045066e-01
2.383000000000000000e+03,1.860999862808148109e-01,-1.525008348338692254e-01
2.384000000000000000e+03,1.871000632368704508e-01,-1.524834503751339720e-01
2.385000000000000000e+03,1.881001401929260908e-01,-1.524660659163987186e-01
2.386000000000000000e+03,1.891002171489821748e-01,-1.524486814576634375e-01
2.387000000000000000e+03,1.901002941050378148e-01,-1.524312969989281841e-01
2.388000000000000000e+03,1.911003710610938988e-01,-1.524139125401929307e-01
2.389000000000000000e+03,1.921004480171490947e-01,-1.523965280814576495e-01
2.390000000000000000e+03,1.931005249732047346e-01,-1.523791436227223961e-01
2.391000000000000000e+03,1.941006019292608187e-01,-1.523617591639871427e-01
2.392000000000000000e+03,1.951006788853164586e-01,-1.523443747052518615e-01
2.393000000000000000e+03,1.961007558413720986e-01,-1.523269902465166081e-01
2.394000000000000000e+03,1.971008327974281826e-01,-1.523096057877813547e-01
2.395000000000000000e+03,1.981009097534838226e-01,-1.522922213290460736e-01
2.396000000000000000e+03,1.991009867095390184e-01,-1.522748368703108202e-01
2.397000000000000000e+03,2.001010636655951025e-01,-1.522574524115755668e-01
2.398000000000000000e+03,2.011011406216507424e-01,-1.522400679528402856e-01
2.399000000000000000e+03,2.021012175777063824e-01,-1.522226834941050322e-01
2.400000000000000000e+03,2.031012945337624664e-01,-1.522052990353697788e-01
2.401000000000000000e+03,2.041013714898181064e-01,-1.521879145766344976e-01
2.402000000000000000e+03,2.051014484458737464e-01,-1.521705301178992442e-01
2.403000000000000000e+03,2.061015254019293863e-01,-1.521531456591639908e-01
2.404000000000000000e+03,2.071016023579850263e-01,-1.521357612004287096e-01
2.405000000000000000e+03,2.081016793140411103e-01,-1.521183767416934562e-01
2.406000000000000000e+03,2.091017562700967503e-01,-1.521009922829582028e-01
2.407000000000000000e+03,2.101018332261523902e-01,-1.520836078242229217e-01
2.408000000000000000e+03,2.111019101822084743e-01,-1.520662233654876683e-01
2.409000000000000000e+03,2.121019871382641142e-01,-1.520488389067524149e-01
2.410000000000000000e+03,2.131020640943193101e-01,-1.520314544480171337e-01
2.411000000000000000e+03,2.141021410503753941e-01,-1.520140699892818803e-01
2.412000000000000000e+03,2.151022180064310341e-01,-1.519966855305466269e-01
2.413000000000000000e+03,2.161022949624866740e-01,-1.519793010718113457e-01
2.414000000000000000e+03,2.171023719185427581e-01,-1.519619166130760923e-01
2.415000000000000000e+03,2.181024488745983980e-01,-1.519445321543408389e-01
2.416000000000000000e+03,2.191025258306540380e-01,-1.519271476956055578e-01
2.417000000000000000e+03,2.201026027867096779e-01,-1.519097632368703044e-01
2.418000000000000000e+03,2.211026797427653179e-01,-1.518923787781350510e-01
2.419000000000000000e+03,2.221027566988214019e-01,-1.518749943193997698e-01
2.420000000000000000e+03,2.231028336548770419e-01,-1.518576098606645164e-01
2.421000000000000000e+03,2.241029106109326818e-01,-1.518402254019292630e-01
2.422000000000000000e+03,2.251029875669887659e-01,-1.518228409431939818e-01
2.423000000000000000e+03,2.261030645230444058e-01,-1.518054564844587284e-01
2.424000000000000000e+03,2.271031414790996017e-01,-1.517880720257234750e-01
2.425000000000000000e+03,2.281032184351556857e-01,-1.517706875669881939e-01
2.426000000000000000e+03,2.291032953912113257e-01,-1.517533031082529404e-01
2.427000000000000000e+03,2.301033723472669656e-01,-1.517359186495176870e-01
2.428000000000000000e+03,2.311034493033230497e-01,-1.517185341907824059e-01
2.429000000000000000e+03,2.321035262593786896e-01,-1.517011497320471525e-01
2.430000000000000000e+03,2.331036032154343296e-01,-1.516837652733118991e-01
2.431000000000000000e+03,2.341036801714899696e-01,-1.516663808145766457e-01
2.432000000000000000e+03,2.351037571275456095e-01,-1.516489963558413645e-01
2.433000000000000000e+03,2.361038340836016935e-01,-1.516316118971061111e-01
2.434000000000000000e+03,2.371039110396573335e-01,-1.516142274383708299e-01
2.435000000000000000e+03,2.381039879957129735e-01,-1.515968429796355765e-01
2.436000000000000000e+03,2.391040649517690575e-01,-1.515794585209003231e-01
2.437000000000000000e+03,2.401041419078246975e-01,-1.515620740621650420e-01
2.438000000000000000e+03,2.411042188638798933e-01,-1.515446896034297886e-01
2.439000000000000000e+03,2.421042958199359774e-01,-1.515273051446945352e-01
2.440000000000000000e+03,2.431043727759916173e-01,-1.515099206859592540e-01
2.441000000000000000e+03,2.441044497320472573e-01,-1.514925362272240006e-01
2.442000000000000000e+03,2.451045266881033413e-01,-1.514751517684887472e-01
2.443000000000000000e+03,2.461046036441589813e-01,-1.514577673097534660e-01
2.444000000000000000e+03,2.471046806002146212e-01,-1.514403828510182126e-01
2.445000000000000000e+03,2.481047575562702612e-01,-1.514229983922829592e-01
2.446000000000000000e+03,2.491048345123259011e-01,-1.514056139335477058e-01
2.447000000000000000e+03,2.501049114683815411e-01,-1.513882294748124246e-01
2.448000000000000000e+03,2.511049884244376251e-01,-1.513708450160771712e-01
2.449000000000000000e+03,2.521050653804932651e-01,-1.513534605573418901e-01
2.450000000000000000e+03,2.531051423365493491e-01,-1.513360760986066367e-01
2.451000000000000000e+03,2.541052192926049891e-01,-1.513186916398713833e-01
2.452000000000000000e+03,2.551052962486601849e-01,-1.513013071811361299e-01
2.453000000000000000e+03,2.561053732047162690e-01,-1.512839227224008487e-01
2.454000000000000000e+03,2.571054501607719089e-01,-1.512665382636655953e-01
2.455000000000000000e+03,2.581055271168275489e-01,-1.512491538049303141e-01
2.456000000000000000e+03,2.591056040728836329e-01,-1.512317693461950607e-01
2.457000000000000000e+03,2.601056810289392729e-01,-1.512143848874598073e-01
2.458000000000000000e+03,2.611057579849949128e-01,-1.511970004287245262e-01
2.459000000000000000e+03,2.621058349410505528e-01,-1.511796159699893005e-01
2.460000000000000000e+03,2.631059118971061928e-01,-1.511622315112540194e-01
2.461000000000000000e+03,2.641059888531618327e-01,-1.511448470525187660e-01
2.462000000000000000e+03,2.651060658092179168e-01,-1.511274625937834848e-01
2.463000000000000000e+03,2.661061427652735567e-01,-1.511100781350482314e-01
2.464000000000000000e+03,2.671062197213291967e-01,-1.510926936763129502e-01
2.465000000000000000e+03,2.681062966773852807e-01,-1.510753092175776968e-01
2.466000000000000000e+03,2.691063736334404766e-01,-1.510579247588424434e-01
2.467000000000000000e+03,2.701064505894965606e-01,-1.510405403001071900e-01
2.468000000000000000e+03,2.711065275455522006e-01,-1.510231558413719088e-01
2.469000000000000000e+03,2.721066045016078405e-01,-1.510057713826366554e-01
2.470000000000000000e+03,2.731066814576639246e-01,-1.509883869239013743e-01
2.471000000000000000e+03,2.741067584137195645e-01,-1.509710024651661209e-01
2.472000000000000000e+03,2.751068353697752045e-01,-1.509536180064308675e-01
2.473000000000000000e+03,2.761069123258308444e-01,-1.509362335476956141e-01
2.474000000000000000e+03,2.771069892818864844e-01,-1.509188490889603607e-01
2.475000000000000000e+03,2.781070662379421243e-01,-1.509014646302250795e-01
2.476000000000000000e+03,2.791071431939982084e-01,-1.508840801714898261e-01
2.477000000000000000e+03,2.801072201500538483e-01,-1.508666957127545449e-01
2.478000000000000000e+03,2.811072971061094883e-01,-1.508493112540192915e-01
2.479000000000000000e+03,2.821073740621655723e-01,-1.508319267952840104e-01
2.480000000000000000e+03,2.831074510182207682e-01,-1.508145423365487847e-01
2.481000000000000000e+03,2.841075279742768522e-01,-1.507971578778135036e-01
2.482000000000000000e+03,2.851076049303324922e-01,-1.507797734190782502e-01
2.483000000000000000e+03,2.861076818863881321e-01,-1.507623889603429690e-01
2.484000000000000000e+03,2.871077588424442162e-01,-1.507450045016077156e-01
2.485000000000000000e+03,2.881078357984998561e-01,-1.507276200428724344e-01
2.486000000000000000e+03,2.891079127545554961e-01,-1.507102355841371810e-01
2.487000000000000000e+03,2.901079897106111360e-01,-1.506928511254019276e-01
2.488000000000000000e+03,2.911080666666667760e-01,-1.506754666666666742e-01
2.489000000000000000e+03,2.921081436227224160e-01,-1.506580822079314208e-01
2.490000000000000000e+03,2.931082205787785000e-01,-1.506406977491961396e-01
2.491000000000000000e+03,2.941082975348341400e-01,-1.506233132904608862e-01
2.492000000000000000e+03,2.951083744908897799e-01,-1.506059288317256051e-01
2.493000000000000000e+03,2.961084514469458639e-01,-1.505885443729903517e-01
2.494000000000000000e+03,2.971085284030010598e-01,-1.505711599142550983e-01
2.495000000000000000e+03,2.981086053590571439e-01,-1.505537754555198449e-01
2.496000000000000000e+03,2.991086823151127838e-01,-1.505363909967845637e-01
2.497000000000000000e+03,3.001087592711684238e-01,-1.505190065380493103e-01
2.498000000000000000e+03,3.011088362272245078e-01,-1.505016220793140291e-01
2.499000000000000000e+03,3.021089131832801478e-01,-1.504842376205787757e-01
2.500000000000000000e+03,3.031089901393357877e-01,-1.504668531618434946e-01
2.501000000000000000e+03,3.041090670953914277e-01,-1.504494687031082689e-01
2.502000000000000000e+03,3.051091440514470676e-01,-1.504320842443729878e-01
2.503000000000000000e+03,3.061092210075027076e-01,-1.504146997856377344e-01
2.504000000000000000e+03,3.071092979635587916e-01,-1.503973153269024809e-01
2.505000000000000000e+03,3.081093749196144316e-01,-1.503799308681671998e-01
2.506000000000000000e+03,3.091094518756700715e-01,-1.503625464094319464e-01
2.507000000000000000e+03,3.101095288317261556e-01,-1.503451619506966652e-01
2.508000000000000000e+03,3.111096057877813514e-01,-1.503277774919614118e-01
2.509000000000000000e+03,3.121096827438369914e-01,-1.503103930332261584e-01
2.510000000000000000e+03,3.131097596998930754e-01,-1.502930085744909050e-01
2.511000000000000000e+03,3.141098366559487154e-01,-1.502756241157556238e-01
2.512000000000000000e+03,3.151099136120047994e-01,-1.502582396570203704e-01
2.513000000000000000e+03,3.161099905680604394e-01,-1.502408551982850893e-01
2.514000000000000000e+03,3.171100675241160793e-01,-1.502234707395498359e-01
2.515000000000000000e+03,3.181101444801717193e-01,-1.502060862808145825e-01
2.516000000000000000e+03,3.191102214362273592e-01,-1.501887018220793291e-01
2.517000000000000000e+03,3.201102983922829992e-01,-1.501713173633440479e-01
2.518000000000000000e+03,3.211103753483390832e-01,-1.501539329046087945e-01
2.519000000000000000e+03,3.221104523043947232e-01,-1.501365484458735411e-01
2.520000000000000000e+03,3.231105292604503632e-01,-1.501191639871382599e-01
2.521000000000000000e+03,3.241106062165064472e-01,-1.501017795284030065e-01
2.522000000000000000e+03,3.251106831725616431e-01,-1.500843950696677531e-01
2.523000000000000000e+03,3.261107601286172830e-01,-1.500670106109324720e-01
2.524000000000000000e+03,3.271108370846733671e-01,-1.500496261521972186e-01
2.525000000000000000e+03,3.281109140407290070e-01,-1.500322416934619651e-01
2.526000000000000000e+03,3.291109909967846470e-01,-1.500148572347266840e-01
2.527000000000000000e+03,3.301110679528407310e-01,-1.499974727759914306e-01
2.528000000000000000e+03,3.311111449088963710e-01,-1.499800883172561494e-01
2.529000000000000000e+03,3.321112218649520109e-01,-1.499627038585208960e-01
2.530000000000000000e+03,3.331112988210076509e-01,-1.499453193997856426e-01
2.531000000000000000e+03,3.341113757770632908e-01,-1.499279349410503892e-01
2.532000000000000000e+03,3.351114527331193749e-01,-1.499105504823151080e-01
2.533000000000000000e+03,3.361115296891750148e-01,-1.498931660235798546e-01
2.534000000000000000e+03,3.371116066452306548e-01,-1.498757815648446012e-01
2.535000000000000000e+03,3.381116836012867388e-01,-1.498583971061093201e-01
2.536000000000000000e+03,3.391117605573419347e-01,-1.498410126473740667e-01
2.537000000000000000e+03,3.401118375133975746e-01,-1.498236281886388133e-01
2.538000000000000000e+03,3.411119144694536587e-01,-1.498062437299035321e-01
2.539000000000000000e+03,3.421119914255092986e-01,-1.497888592711682787e-01
2.540000000000000000e+03,3.431120683815649386e-01,-1.497714748124330253e-01
2.541000000000000000e+03,3.441121453376210226e-01,-1.497540903536977441e-01
2.542000000000000000e+03,3.451122222936766626e-01,-1.497367058949624907e-01
2.543000000000000000e+03,3.461122992497323025e-01,-1.497193214362272373e-01
2.544000000000000000e+03,3.471123762057879425e-01,-1.497019369774919562e-01
2.545000000000000000e+03,3.481124531618435824e-01,-1.496845525187567028e-01
2.546000000000000000e+03,3.491125301178996665e-01,-1.496671680600214493e-01
2.547000000000000000e+03,3.501126070739553064e-01,-1.496497836012861682e-01
2.548000000000000000e+03,3.511126840300109464e-01,-1.496323991425509148e-01
2.549000000000000000e+03,3.521127609860670304e-01,-1.496150146838156614e-01
2.550000000000000000e+03,3.531128379421222263e-01,-1.495976302250803802e-01
2.551000000000000000e+03,3.541129148981778663e-01,-1.495802457663451268e-01
2.552000000000000000e+03,3.551129918542339503e-01,-1.495628613076098734e-01
2.553000000000000000e+03,3.561130688102895903e-01,-1.495454768488745922e-01
2.554000000000000000e+03,3.571131457663452302e-01,-1.495280923901393388e-01
2.555000000000000000e+03,3.581132227224013143e-01,-1.495107079314040854e-01
2.556000000000000000e+03,3.591132996784569542e-01,-1.494933234726688043e-01
2.557000000000000000e+03,3.601133766345121501e-01,-1.494759390139335509e-01
2.558000000000000000e+03,3.611134535905682341e-01,-1.494585545551982975e-01
2.559000000000000000e+03,3.621135305466238741e-01,-1.494411700964630163e-01
2.560000000000000000e+03,3.631136075026799581e-01,-1.494237856377277629e-01
2.561000000000000000e+03,3.641136844587355981e-01,-1.494064011789925095e-01
2.562000000000000000e+03,3.651137614147912380e-01,-1.493890167202572283e-01
2.563000000000000000e+03,3.661138383708473221e-01,-1.493716322615219749e-01
2.564000000000000000e+03,3.671139153269025179e-01,-1.493542478027867215e-01
2.565000000000000000e+03,3.681139922829581579e-01,-1.493368633440514404e-01
2.566000000000000000e+03,3.691140692390142419e-01,-1.493194788853161870e-01
2.567000000000000000e+03,3.701141461950698819e-01,-1.493020944265809336e-01
2.568000000000000000e+03,3.711142231511255218e-01,-1.492847099678456524e-01
2.569000000000000000e+03,3.721143001071816059e-01,-1.492673255091103990e-01
2.570000000000000000e+03,3.731143770632372458e-01,-1.492499410503751456e-01
2.571000000000000000e+03,3.741144540192924417e-01,-1.492325565916398644e-01
2.572000000000000000e+03,3.751145309753485257e-01,-1.492151721329046110e-01
2.573000000000000000e+03,3.761146079314041657e-01,-1.491977876741693576e-01
2.574000000000000000e+03,3.771146848874598057e-01,-1.491804032154340764e-01
2.575000000000000000e+03,3.781147618435158897e-01,-1.491630187566988230e-01
2.576000000000000000e+03,3.791148387995715296e-01,-1.491456342979635696e-01
2.577000000000000000e+03,3.801149157556276137e-01,-1.491282498392282885e-01
2.578000000000000000e+03,3.811149927116828096e-01,-1.491108653804930351e-01
2.579000000000000000e+03,3.821150696677384495e-01,-1.490934809217577817e-01
2.580000000000000000e+03,3.831151466237945336e-01,-1.490760964630225005e-01
2.581000000000000000e+03,3.841152235798501735e-01,-1.490587120042872471e-01
2.582000000000000000e+03,3.851153005359058135e-01,-1.490413275455519937e-01
2.583000000000000000e+03,3.861153774919618975e-01,-1.490239430868167125e-01
2.584000000000000000e+03,3.871154544480175375e-01,-1.490065586280814591e-01
2.585000000000000000e+03,3.881155314040727333e-01,-1.489891741693462057e-01
2.586000000000000000e+03,3.891156083601288174e-01,-1.489717897106109246e-01
2.587000000000000000e+03,3.901156853161844573e-01,-1.489544052518756712e-01
2.588000000000000000e+03,3.911157622722400973e-01,-1.489370207931404178e-01
2.589000000000000000e+03,3.921158392282961813e-01,-1.489196363344051366e-01
2.590000000000000000e+03,3.931159161843518213e-01,-1.489022518756698832e-01
2.591000000000000000e+03,3.941159931404074612e-01,-1.488848674169346298e-01
2.592000000000000000e+03,3.951160700964631012e-01,-1.488674829581993486e-01
2.593000000000000000e+03,3.961161470525187411e-01,-1.488500984994640952e-01
2.594000000000000000e+03,3.971162240085748252e-01,-1.488327140407288418e-01
2.595000000000000000e+03,3.981163009646304651e-01,-1.488153295819935606e-01
2.596000000000000000e+03,3.991163779206861051e-01,-1.487979451232583072e-01
2.597000000000000000e+03,4.001164548767421891e-01,-1.487805606645230538e-01
2.598000000000000000e+03,4.011165318327978291e-01,-1.487631762057877727e-01
2.599000000000000000e+03,4.021166087888530249e-01,-1.487457917470525193e-01
2.600000000000000000e+03,4.031166857449091090e-01,-1.487284072883172659e-01
2.601000000000000000e+03,4.041167627009647489e-01,-1.487110228295819847e-01
2.602000000000000000e+03,4.051168396570203889e-01,-1.486936383708467313e-01
2.603000000000000000e+03,4.061169166130764729e-01,-1.486762539121114779e-01
2.604000000000000000e+03,4.071169935691321129e-01,-1.486588694533761967e-01
2.605000000000000000e+03,4.081170705251877528e-01,-1.486414849946409433e-01
2.606000000000000000e+03,4.091171474812433928e-01,-1.486241005359056899e-01
2.607000000000000000e+03,4.101172244372990328e-01,-1.486067160771704088e-01
2.608000000000000000e+03,4.111173013933551168e-01,-1.485893316184351554e-01
2.609000000000000000e+03,4.121173783494107568e-01,-1.485719471596999020e-01
2.610000000000000000e+03,4.131174553054663967e-01,-1.485545627009646208e-01
2.611000000000000000e+03,4.141175322615224808e-01,-1.485371782422293674e-01
2.612000000000000000e+03,4.151176092175781207e-01,-1.485197937834941140e-01
2.613000000000000000e+03,4.161176861736333166e-01,-1.485024093247588328e-01
2.614000000000000000e+03,4.171177631296894006e-01,-1.484850248660235794e-01
2.615000000000000000e+03,4.181178400857450406e-01,-1.484676404072883260e-01
2.616000000000000000e+03,4.191179170418006805e-01,-1.484502559485530448e-01
2.617000000000000000e+03,4.201179939978567646e-01,-1.484328714898177914e-01
2.618000000000000000e+03,4.211180709539124045e-01,-1.484154870310825380e-01
2.619000000000000000e+03,4.221181479099680445e-01,-1.483981025723472569e-01
2.620000000000000000e+03,4.231182248660236844e-01,-1.483807181136120035e-01
2.621000000000000000e+03,4.241183018220793244e-01,-1.483633336548767501e-01
2.622000000000000000e+03,4.251183787781354084e-01,-1.483459491961414689e-01
2.623000000000000000e+03,4.261184557341910484e-01,-1.483285647374062155e-01
2.624000000000000000e+03,4.271185326902466883e-01,-1.483111802786709621e-01
2.625000000000000000e+03,4.281186096463027724e-01,-1.482937958199356809e-01
2.626000000000000000e+03,4.291186866023584123e-01,-1.482764113612004275e-01
2.627000000000000000e+03,4.301187635584136082e-01,-1.482590269024651741e-01
2.628000000000000000e+03,4.311188405144696922e-01,-1.482416424437298930e-01
2.629000000000000000e+03,4.321189174705253322e-01,-1.482242579849946396e-01
2.630000000000000000e+03,4.331189944265809721e-01,-1.482068735262593862e-01
2.631000000000000000e+03,4.341190713826370562e-01,-1.481894890675241050e-01
2.632000000000000000e+03,4.351191483386926961e-01,-1.481721046087888516e-01
2.633000000000000000e+03,4.361192252947483361e-01,-1.481547201500535982e-01
2.634000000000000000e+03,4.371193022508039761e-01,-1.481373356913183170e-01
2.635000000000000000e+03,4.381193792068596160e-01,-1.481199512325830636e-01
2.636000000000000000e+03,4.391194561629152560e-01,-1.481025667738478102e-01
2.637000000000000000e+03,4.401195331189713400e-01,-1.480851823151125291e-01
2.638000000000000000e+03,4.411196100750269800e-01,-1.480677978563772756e-01
2.639000000000000000e+03,4.421196870310830640e-01,-1.480504133976420222e-01
2.640000000000000000e+03,4.431197639871387040e-01,-1.480330289389067411e-01
2.641000000000000000e+03,4.441198409431938998e-01,-1.480156444801714877e-01
2.642000000000000000e+03,4.451199178992499839e-01,-1.479982600214362343e-01
2.643000000000000000e+03,4.461199948553056238e-01,-1.479808755627009531e-01
2.644000000000000000e+03,4.471200718113612638e-01,-1.479634911039656997e-01
2.645000000000000000e+03,4.481201487674173478e-01,-1.479461066452304463e-01
2.646000000000000000e+03,4.491202257234729878e-01,-1.479287221864951651e-01
2.647000000000000000e+03,4.501203026795286277e-01,-1.479113377277599117e-01
2.648000000000000000e+03,4.511203796355842677e-01,-1.478939532690246583e-01
2.649000000000000000e+03,4.521204565916399076e-01,-1.478765688102893772e-01
2.650000000000000000e+03,4.531205335476955476e-01,-1.478591843515541238e-01
2.651000000000000000e+03,4.541206105037516316e-01,-1.478417998928188704e-01
2.652000000000000000e+03,4.551206874598072716e-01,-1.478244154340835892e-01
2.653000000000000000e+03,4.561207644158629115e-01,-1.478070309753483358e-01
2.654000000000000000e+03,4.571208413719189956e-01,-1.477896465166130824e-01
2.655000000000000000e+03,4.581209183279741914e-01,-1.477722620578778012e-01
2.656000000000000000e+03,4.591209952840302755e-01,-1.477548775991425478e-01
2.657000000000000000e+03,4.601210722400859154e-01,-1.477374931404072944e-01
2.658000000000000000e+03,4.611211491961415554e-01,-1.477201086816720133e-01
2.659000000000000000e+03,4.621212261521976394e-01,-1.477027242229367598e-01
2.660000000000000000e+03,4.631213031082532794e-01,-1.476853397642015064e-01
2.661000000000000000e+03,4.641213800643089193e-01,-1.476679553054662253e-01
2.662000000000000000e+03,4.651214570203645593e-01,-1.476505708467309719e-01
2.663000000000000000e+03,4.661215339764201993e-01,-1.476331863879957185e-01
2.664000000000000000e+03,4.671216109324758392e-01,-1.476158019292604373e-01
2.665000000000000000e+03,4.681216878885319232e-01,-1.475984174705251839e-01
2.666000000000000000e+03,4.691217648445875632e-01,-1.475810330117899305e-01
2.667000000000000000e+03,4.701218418006432032e-01,-1.475636485530546493e-01
2.668000000000000000e+03,4.711219187566992872e-01,-1.475462640943193959e-01
2.669000000000000000e+03,4.721219957127544831e-01,-1.475288796355841425e-01
2.670000000000000000e+03,4.731220726688105671e-01,-1.475114951768488614e-01
2.671000000000000000e+03,4.741221496248662071e-01,-1.474941107181136080e-01
2.672000000000000000e+03,4.751222265809218470e-01,-1.474767262593783546e-01
2.673000000000000000e+03,4.761223035369779311e-01,-1.474593418006430734e-01
2.674000000000000000e+03,4.771223804930335710e-01,-1.474419573419078200e-01
2.675000000000000000e+03,4.781224574490892110e-01,-1.474245728831725666e-01
2.676000000000000000e+03,4.791225344051448509e-01,-1.474071884244372854e-01
2.677000000000000000e+03,4.801226113612004909e-01,-1.473898039657020320e-01
2.678000000000000000e+03,4.811226883172561308e-01,-1.473724195069667786e-01
2.679000000000000000e+03,4.821227652733122149e-01,-1.473550350482314975e-01
2.680000000000000000e+03,4.831228422293678548e-01,-1.473376505894962440e-01
2.681000000000000000e+03,4.841229191854234948e-01,-1.473202661307609906e-01
2.682000000000000000e+03,4.851229961414795788e-01,-1.473028816720257095e-01
2.683000000000000000e+03,4.861230730975347747e-01,-1.472854972132904561e-01
2.684000000000000000e+03,4.871231500535908587e-01,-1.472681127545552027e-01
2.685000000000000000e+03,4.881232270096464987e-01,-1.472507282958199215e-01
2.686000000000000000e+03,4.891233039657021386e-01,-1.472333438370846681e-01
2.687000000000000000e+03,4.901233809217582227e-01,-1.472159593783494147e-01
2.688000000000000000e+03,4.911234578778138626e-01,-1.471985749196141335e-01
2.689000000000000000e+03,4.921235348338695026e-01,-1.471811904608788801e-01
2.690000000000000000e+03,4.931236117899251425e-01,-1.471638060021436267e-01
2.691000000000000000e+03,4.941236887459807825e-01,-1.471464215434083456e-01
2.692000000000000000e+03,4.951237657020364225e-01,-1.471290370846730922e-01
2.693000000000000000e+03,4.961238426580925065e-01,-1.471116526259378388e-01
2.694000000000000000e+03,4.971239196141481465e-01,-1.470942681672025576e-01
2.695000000000000000e+03,4.981239965702037864e-01,-1.470768837084673042e-01
2.696000000000000000e+03,4.991240735262598704e-01,-1.470594992497320508e-01
2.697000000000000000e+03,5.001241504823150663e-01,-1.470421147909967974e-01
2.698000000000000000e+03,5.011242274383707063e-01,-1.470247303322615162e-01
2.699000000000000000e+03,5.021243043944267903e-01,-1.470073458735262628e-01
2.700000000000000000e+03,5.031243813504824303e-01,-1.469899614147909817e-01
2.701000000000000000e+03,5.041244583065385143e-01,-1.469725769560557282e-01
2.702000000000000000e+03,5.051245352625941543e-01,-1.469551924973204748e-01
2.703000000000000000e+03,5.061246122186497942e-01,-1.469378080385851937e-01
2.704000000000000000e+03,5.071246891747054342e-01,-1.469204235798499403e-01
2.705000000000000000e+03,5.081247661307610741e-01,-1.469030391211146869e-01
2.706000000000000000e+03,5.091248430868167141e-01,-1.468856546623794057e-01
2.707000000000000000e+03,5.101249200428727981e-01,-1.468682702036441523e-01
2.708000000000000000e+03,5.111249969989284381e-01,-1.468508857449088989e-01
2.709000000000000000e+03,5.121250739549840780e-01,-1.468335012861736177e-01
2.710000000000000000e+03,5.131251509110401621e-01,-1.468161168274383643e-01
2.711000000000000000e+03,5.141252278670953579e-01,-1.467987323687031109e-01
2.712000000000000000e+03,5.151253048231509979e-01,-1.467813479099678575e-01
2.713000000000000000e+03,5.161253817792070819e-01,-1.467639634512325764e-01
2.714000000000000000e+03,5.171254587352627219e-01,-1.467465789924973230e-01
2.715000000000000000e+03,5.181255356913183618e-01,-1.467291945337620418e-01
2.716000000000000000e+03,5.191256126473744459e-01,-1.467118100750267884e-01
2.717000000000000000e+03,5.201256896034300858e-01,-1.466944256162915350e-01
2.718000000000000000e+03,5.211257665594857258e-01,-1.466770411575562816e-01
2.719000000000000000e+03,5.221258435155413657e-01,-1.466596566988210004e-01
2.720000000000000000e+03,5.231259204715970057e-01,-1.466422722400857470e-01
2.721000000000000000e+03,5.241259974276530897e-01,-1.466248877813504659e-01
2.722000000000000000e+03,5.251260743837087297e-01,-1.466075033226152124e-01
2.723000000000000000e+03,5.261261513397643697e-01,-1.465901188638799590e-01
2.724000000000000000e+03,5.271262282958204537e-01,-1.465727344051446779e-01
2.725000000000000000e+03,5.281263052518756496e-01,-1.465553499464094522e-01
2.726000000000000000e+03,5.291263822079312895e-01,-1.465379654876741711e-01
2.727000000000000000e+03,5.301264591639873736e-01,-1.465205810289389177e-01
2.728000000000000000e+03,5.311265361200430135e-01,-1.465031965702036365e-01
2.729000000000000000e+03,5.321266130760986535e-01,-1.464858121114683831e-01
2.730000000000000000e+03,5.331266900321547375e-01,-1.464684276527331019e-01
2.731000000000000000e+03,5.341267669882103775e-01,-1.464510431939978485e-01
2.732000000000000000e+03,5.351268439442660174e-01,-1.464336587352625951e-01
2.733000000000000000e+03,5.361269209003216574e-01,-1.464162742765273417e-01
2.734000000000000000e+03,5.371269978563772973e-01,-1.463988898177920606e-01
2.735000000000000000e+03,5.381270748124333814e-01,-1.463815053590568072e-01
2.736000000000000000e+03,5.391271517684890213e-01,-1.463641209003215260e-01
2.737000000000000000e+03,5.401272287245446613e-01,-1.463467364415862726e-01
2.738000000000000000e+03,5.411273056806007453e-01,-1.463293519828510192e-01
2.739000000000000000e+03,5.421273826366559412e-01,-1.463119675241157658e-01
2.740000000000000000e+03,5.431274595927115811e-01,-1.462945830653805124e-01
2.741000000000000000e+03,5.441275365487676652e-01,-1.462771986066452312e-01
2.742000000000000000e+03,5.451276135048233051e-01,-1.462598141479099778e-01
2.743000000000000000e+03,5.461276904608789451e-01,-1.462424296891746966e-01
2.744000000000000000e+03,5.471277674169350291e-01,-1.462250452304394432e-01
2.745000000000000000e+03,5.481278443729906691e-01,-1.462076607717041621e-01
2.746000000000000000e+03,5.491279213290458650e-01,-1.461902763129689364e-01
2.747000000000000000e+03,5.501279982851019490e-01,-1.461728918542336553e-01
2.748000000000000000e+03,5.511280752411575889e-01,-1.461555073954984019e-01
2.749000000000000000e+03,5.521281521972136730e-01,-1.461381229367631207e-01
2.750000000000000000e+03,5.531282291532693129e-01,-1.461207384780278673e-01
2.751000000000000000e+03,5.541283061093249529e-01,-1.461033540192925861e-01
2.752000000000000000e+03,5.551283830653810369e-01,-1.460859695605573327e-01
2.753000000000000000e+03,5.561284600214362328e-01,-1.460685851018220793e-01
2.754000000000000000e+03,5.571285369774918728e-01,-1.460512006430868259e-01
2.755000000000000000e+03,5.581286139335479568e-01,-1.460338161843515725e-01
2.756000000000000000e+03,5.591286908896035968e-01,-1.460164317256162914e-01
2.757000000000000000e+03,5.601287678456592367e-01,-1.459990472668810380e-01
2.758000000000000000e+03,5.611288448017153208e-01,-1.459816628081457568e-01
2.759000000000000000e+03,5.621289217577709607e-01,-1.459642783494105034e-01
2.760000000000000000e+03,5.631289987138261566e-01,-1.459468938906752500e-01
2.761000000000000000e+03,5.641290756698822406e-01,-1.459295094319399966e-01
2.762000000000000000e+03,5.651291526259378806e-01,-1.459121249732047154e-01
2.763000000000000000e+03,5.661292295819935205e-01,-1.458947405144694620e-01
2.764000000000000000e+03,5.671293065380496046e-01,-1.458773560557341809e-01
2.765000000000000000e+03,5.681293834941052445e-01,-1.458599715969989274e-01
2.766000000000000000e+03,5.691294604501613286e-01,-1.458425871382636463e-01
2.767000000000000000e+03,5.701295374062165244e-01,-1.458252026795284206e-01
2.768000000000000000e+03,5.711296143622721644e-01,-1.458078182207931395e-01
2.769000000000000000e+03,5.721296913183282484e-01,-1.457904337620578861e-01
2.770000000000000000e+03,5.731297682743838884e-01,-1.457730493033226327e-01
2.771000000000000000e+03,5.741298452304395283e-01,-1.457556648445873515e-01
2.772000000000000000e+03,5.751299221864956124e-01,-1.457382803858520981e-01
2.773000000000000000e+03,5.761299991425512523e-01,-1.457208959271168169e-01
2.774000000000000000e+03,5.771300760986064482e-01,-1.457035114683815635e-01
2.775000000000000000e+03,5.781301530546625322e-01,-1.456861270096463101e-01
2.776000000000000000e+03,5.791302300107181722e-01,-1.456687425509110567e-01
2.777000000000000000e+03,5.801303069667738121e-01,-1.456513580921757756e-01
2.778000000000000000e+03,5.811303839228298962e-01,-1.456339736334405222e-01
2.779000000000000000e+03,5.821304608788855361e-01,-1.456165891747052410e-01
2.780000000000000000e+03,5.831305378349411761e-01,-1.455992047159699876e-01
2.781000000000000000e+03,5.841306147909968161e-01,-1.455818202572347342e-01
2.782000000000000000e+03,5.851306917470524560e-01,-1.455644357984994808e-01
2.783000000000000000e+03,5.861307687031085401e-01,-1.455470513397641996e-01
2.784000000000000000e+03,5.871308456591641800e-01,-1.455296668810289462e-01
2.785000000000000000e+03,5.881309226152198200e-01,-1.455122824222936928e-01
2.786000000000000000e+03,5.891309995712759040e-01,-1.454948979635584116e-01
2.787000000000000000e+03,5.901310765273315440e-01,-1.454775135048231582e-01
2.788000000000000000e+03,5.911311534833867398e-01,-1.454601290460879048e-01
2.789000000000000000e+03,5.921312304394428239e-01,-1.454427445873526237e-01
2.790000000000000000e+03,5.931313073954984638e-01,-1.454253601286173703e-01
2.791000000000000000e+03,5.941313843515541038e-01,-1.454079756698821169e-01
2.792000000000000000e+03,5.951314613076101878e-01,-1.453905912111468357e-01
2.793000000000000000e+03,5.961315382636658278e-01,-1.453732067524115823e-01
2.794000000000000000e+03,5.971316152197214677e-01,-1.453558222936763011e-01
2.795000000000000000e+03,5.981316921757771077e-01,-1.453384378349410477e-01
2.796000000000000000e+03,5.991317691318327476e-01,-1.453210533762057943e-01
2.797000000000000000e+03,6.001318460878888317e-01,-1.453036689174705409e-01
2.798000000000000000e+03,6.011319230439444716e-01,-1.452862844587352598e-01
2.799000000000000000e+03,6.021320000000001116e-01,-1.452689000000000064e-01
2.800000000000000000e+03,6.031320769560561956e-01,-1.452515155412647530e-01
2.801000000000000000e+03,6.041321539121118356e-01,-1.452341310825294718e-01
2.802000000000000000e+03,6.051322308681670314e-01,-1.452167466237942184e-01
2.803000000000000000e+03,6.061323078242231155e-01,-1.451993621650589650e-01
2.804000000000000000e+03,6.071323847802787554e-01,-1.451819777063236838e-01
2.805000000000000000e+03,6.081324617363343954e-01,-1.451645932475884304e-01
2.806000000000000000e+03,6.091325386923904794e-01,-1.451472087888531770e-01
2.807000000000000000e+03,6.101326156484461194e-01,-1.451298243301178958e-01
2.808000000000000000e+03,6.111326926045017593e-01,-1.451124398713826424e-01
2.809000000000000000e+03,6.121327695605573993e-01,-1.450950554126473890e-01
2.810000000000000000e+03,6.131328465166130393e-01,-1.450776709539121079e-01
2.811000000000000000e+03,6.141329234726691233e-01,-1.450602864951768545e-01
2.812000000000000000e+03,6.151330004287247633e-01,-1.450429020364416011e-01
2.813000000000000000e+03,6.161330773847804032e-01,-1.450255175777063199e-01
2.814000000000000000e+03,6.171331543408364873e-01,-1.450081331189710665e-01
2.815000000000000000e+03,6.181332312968921272e-01,-1.449907486602358131e-01
2.816000000000000000e+03,6.191333082529473231e-01,-1.449733642015005319e-01
2.817000000000000000e+03,6.201333852090034071e-01,-1.449559797427652785e-01
2.818000000000000000e+03,6.211334621650590471e-01,-1.449385952840300251e-01
2.819000000000000000e+03,6.221335391211146870e-01,-1.449212108252947440e-01
2.820000000000000000e+03,6.231336160771707711e-01,-1.449038263665594906e-01
2.821000000000000000e+03,6.241336930332264110e-01,-1.448864419078242372e-01
2.822000000000000000e+03,6.251337699892820510e-01,-1.448690574490889560e-01
2.823000000000000000e+03,6.261338469453381350e-01,-1.448516729903537026e-01
2.824000000000000000e+03,6.271339239013933309e-01,-1.448342885316184492e-01
2.825000000000000000e+03,6.281340008574489708e-01,-1.448169040728831680e-01
2.826000000000000000e+03,6.291340778135050549e-01,-1.447995196141479146e-01
2.827000000000000000e+03,6.301341547695606948e-01,-1.447821351554126612e-01
2.828000000000000000e+03,6.311342317256167789e-01,-1.447647506966773800e-01
2.829000000000000000e+03,6.321343086816724188e-01,-1.447473662379421266e-01
2.830000000000000000e+03,6.331343856377280588e-01,-1.447299817792068732e-01
2.831000000000000000e+03,6.341344625937836987e-01,-1.447125973204715921e-01
2.832000000000000000e+03,6.351345395498393387e-01,-1.446952128617363387e-01
2.833000000000000000e+03,6.361346165058949786e-01,-1.446778284030010853e-01
2.834000000000000000e+03,6.371346934619510627e-01,-1.446604439442658041e-01
2.835000000000000000e+03,6.381347704180067026e-01,-1.446430594855305507e-01
2.836000000000000000e+03,6.391348473740623426e-01,-1.446256750267952973e-01
2.837000000000000000e+03,6.401349243301184266e-01,-1.446082905680600161e-01
2.838000000000000000e+03,6.411350012861736225e-01,-1.445909061093247627e-01
2.839000000000000000e+03,6.421350782422292625e-01,-1.445735216505895093e-01
2.840000000000000000e+03,6.431351551982853465e-01,-1.445561371918542282e-01
2.841000000000000000e+03,6.441352321543409865e-01,-1.445387527331189748e-01
2.842000000000000000e+03,6.451353091103966264e-01,-1.445213682743837214e-01
2.843000000000000000e+03,6.461353860664527105e-01,-1.445039838156484402e-01
2.844000000000000000e+03,6.471354630225083504e-01,-1.444865993569131868e-01
2.845000000000000000e+03,6.481355399785639904e-01,-1.444692148981779334e-01
2.846000000000000000e+03,6.491356169346196303e-01,-1.444518304394426522e-01
2.847000000000000000e+03,6.501356938906752703e-01,-1.444344459807073988e-01
2.848000000000000000e+03,6.511357708467313543e-01,-1.444170615219721454e-01
2.849000000000000000e+03,6.521358478027869943e-01,-1.443996770632368642e-01
2.850000000000000000e+03,6.531359247588426342e-01,-1.443822926045016108e-01
2.851000000000000000e+03,6.541360017148987183e-01,-1.443649081457663574e-01
2.852000000000000000e+03,6.551360786709539141e-01,-1.443475236870310763e-01
2.853000000000000000e+03,6.561361556270095541e-01,-1.443301392282958229e-01
2.854000000000000000e+03,6.571362325830656381e-01,-1.443127547695605695e-01
2.855000000000000000e+03,6.581363095391212781e-01,-1.442953703108252883e-01
2.856000000000000000e+03,6.591363864951769180e-01,-1.442779858520900349e-01
2.857000000000000000e+03,6.601364634512330021e-01,-1.442606013933547815e-01
2.858000000000000000e+03,6.611365404072886420e-01,-1.442432169346195003e-01
2.859000000000000000e+03,6.621366173633442820e-01,-1.442258324758842469e-01
2.860000000000000000e+03,6.631366943193999219e-01,-1.442084480171489935e-01
2.861000000000000000e+03,6.641367712754555619e-01,-1.441910635584137124e-01
2.862000000000000000e+03,6.651368482315116459e-01,-1.441736790996784590e-01
2.863000000000000000e+03,6.661369251875672859e-01,-1.441562946409432056e-01
2.864000000000000000e+03,6.671370021436229258e-01,-1.441389101822079244e-01
2.865000000000000000e+03,6.681370790996790099e-01,-1.441215257234726710e-01
2.866000000000000000e+03,6.691371560557342058e-01,-1.441041412647374176e-01
2.867000000000000000e+03,6.701372330117898457e-01,-1.440867568060021364e-01
2.868000000000000000e+03,6.711373099678459297e-01,-1.440693723472668830e-01
2.869000000000000000e+03,6.721373869239015697e-01,-1.440519878885316296e-01
2.870000000000000000e+03,6.731374638799572097e-01,-1.440346034297963485e-01
2.871000000000000000e+03,6.741375408360132937e-01,-1.440172189710610950e-01
2.872000000000000000e+03,6.751376177920689337e-01,-1.439998345123258416e-01
2.873000000000000000e+03,6.761376947481245736e-01,-1.439824500535905605e-01
2.874000000000000000e+03,6.771377717041802136e-01,-1.439650655948553071e-01
2.875000000000000000e+03,6.781378486602358535e-01,-1.439476811361200537e-01
2.876000000000000000e+03,6.791379256162919376e-01,-1.439302966773847725e-01
2.877000000000000000e+03,6.801380025723475775e-01,-1.439129122186495191e-01
2.878000000000000000e+03,6.811380795284032175e-01,-1.438955277599142657e-01
2.879000000000000000e+03,6.821381564844593015e-01,-1.438781433011789845e-01
2.880000000000000000e+03,6.831382334405144974e-01,-1.438607588424437311e-01
2.881000000000000000e+03,6.841383103965701373e-01,-1.438433743837084777e-01
2.882000000000000000e+03,6.851383873526262214e-01,-1.438259899249731966e-01
2.883000000000000000e+03,6.861384643086818613e-01,-1.438086054662379432e-01
2.884000000000000000e+03,6.871385412647375013e-01,-1.437912210075026898e-01
2.885000000000000000e+03,6.881386182207935853e-01,-1.437738365487674086e-01
2.886000000000000000e+03,6.891386951768492253e-01,-1.437564520900321552e-01
2.887000000000000000e+03,6.901387721329044211e-01,-1.437390676312969018e-01
2.888000000000000000e+03,6.911388490889605052e-01,-1.437216831725616206e-01
2.889000000000000000e+03,6.921389260450161451e-01,-1.437042987138263672e-01
2.890000000000000000e+03,6.931390030010722292e-01,-1.436869142550911138e-01
2.891000000000000000e+03,6.941390799571278691e-01,-1.436695297963558327e-01
2.892000000000000000e+03,6.951391569131835091e-01,-1.436521453376205792e-01
2.893000000000000000e+03,6.961392338692395931e-01,-1.436347608788853258e-01
2.894000000000000000e+03,6.971393108252947890e-01,-1.436173764201500447e-01
2.895000000000000000e+03,6.981393877813504290e-01,-1.435999919614147913e-01
2.896000000000000000e+03,6.991394647374065130e-01,-1.435826075026795379e-01
2.897000000000000000e+03,7.001395416934621529e-01,-1.435652230439442567e-01
2.898000000000000000e+03,7.011396186495177929e-01,-1.435478385852090033e-01
2.899000000000000000e+03,7.021396956055738769e-01,-1.435304541264737499e-01
2.900000000000000000e+03,7.031397725616295169e-01,-1.435130696677384687e-01
2.901000000000000000e+03,7.041398495176847128e-01,-1.434956852090032153e-01
2.902000000000000000e+03,7.051399264737407968e-01,-1.434783007502679619e-01
2.903000000000000000e+03,7.061400034297964368e-01,-1.434609162915326808e-01
2.904000000000000000e+03,7.071400803858520767e-01,-1.434435318327974274e-01
2.905000000000000000e+03,7.081401573419081608e-01,-1.434261473740621740e-01
2.906000000000000000e+03,7.091402342979638007e-01,-1.434087629153268928e-01
2.907000000000000000e+03,7.101403112540198848e-01,-1.433913784565916394e-01
2.908000000000000000e+03,7.111403882100750806e-01,-1.433739939978563860e-01
2.909000000000000000e+03,7.121404651661307206e-01,-1.433566095391211048e-01
2.910000000000000000e+03,7.131405421221868046e-01,-1.433392250803858514e-01
2.911000000000000000e+03,7.141406190782424446e-01,-1.433218406216505980e-01
2.912000000000000000e+03,7.151406960342980845e-01,-1.433044561629153169e-01
2.913000000000000000e+03,7.161407729903541686e-01,-1.432870717041800634e-01
2.914000000000000000e+03,7.171408499464098085e-01,-1.432696872454448100e-01
2.915000000000000000e+03,7.181409269024650044e-01,-1.432523027867095289e-01
2.916000000000000000e+03,7.191410038585210884e-01,-1.432349183279742755e-01
2.917000000000000000e+03,7.201410808145767284e-01,-1.432175338692390221e-01
2.918000000000000000e+03,7.211411577706323683e-01,-1.432001494105037409e-01
2.919000000000000000e+03,7.221412347266884524e-01,-1.431827649517684875e-01
2.920000000000000000e+03,7.231413116827440923e-01,-1.431653804930332341e-01
2.921000000000000000e+03,7.241413886387997323e-01,-1.431479960342979529e-01
2.922000000000000000e+03,7.251414655948553722e-01,-1.431306115755626995e-01
2.923000000000000000e+03,7.261415425509110122e-01,-1.431132271168274461e-01
2.924000000000000000e+03,7.271416195069670962e-01,-1.430958426580921650e-01
2.925000000000000000e+03,7.281416964630227362e-01,-1.430784581993569116e-01
2.926000000000000000e+03,7.291417734190783762e-01,-1.430610737406216582e-01
2.927000000000000000e+03,7.301418503751344602e-01,-1.430436892818863770e-01
2.928000000000000000e+03,7.311419273311901001e-01,-1.430263048231511236e-01
2.929000000000000000e+03,7.321420042872452960e-01,-1.430089203644158702e-01
2.930000000000000000e+03,7.331420812433013801e-01,-1.429915359056805890e-01
2.931000000000000000e+03,7.341421581993570200e-01,-1.429741514469453356e-01
2.932000000000000000e+03,7.351422351554126600e-01,-1.429567669882100822e-01
2.933000000000000000e+03,7.361423121114687440e-01,-1.429393825294748011e-01
2.934000000000000000e+03,7.371423890675243840e-01,-1.429219980707395476e-01
2.935000000000000000e+03,7.381424660235800239e-01,-1.429046136120042942e-01
2.936000000000000000e+03,7.391425429796356639e-01,-1.428872291532690131e-01
2.937000000000000000e+03,7.401426199356913038e-01,-1.428698446945337597e-01
2.938000000000000000e+03,7.411426968917473879e-01,-1.428524602357985063e-01
2.939000000000000000e+03,7.421427738478030278e-01,-1.428350757770632251e-01
2.940000000000000000e+03,7.431428508038586678e-01,-1.428176913183279717e-01
2.941000000000000000e+03,7.441429277599147518e-01,-1.428003068595927183e-01
2.942000000000000000e+03,7.451430047159703918e-01,-1.427829224008574371e-01
2.943000000000000000e+03,7.461430816720255876e-01,-1.427655379421221837e-01
2.944000000000000000e+03,7.471431586280816717e-01,-1.427481534833869303e-01
2.945000000000000000e+03,7.481432355841373116e-01,-1.427307690246516492e-01
2.946000000000000000e+03,7.491433125401929516e-01,-1.427133845659163958e-01
2.947000000000000000e+03,7.501433894962490356e-01,-1.426960001071811424e-01
2.948000000000000000e+03,7.511434664523046756e-01,-1.426786156484458612e-01
2.949000000000000000e+03,7.521435434083603155e-01,-1.426612311897106078e-01
2.950000000000000000e+03,7.531436203644159555e-01,-1.426438467309753544e-01
2.951000000000000000e+03,7.541436973204715954e-01,-1.426264622722400732e-01
2.952000000000000000e+03,7.551437742765276795e-01,-1.426090778135048198e-01
2.953000000000000000e+03,7.561438512325833194e-01,-1.425916933547695664e-01
2.954000000000000000e+03,7.571439281886389594e-01,-1.425743088960342853e-01
2.955000000000000000e+03,7.581440051446950434e-01,-1.425569244372990318e-01
2.956000000000000000e+03,7.591440821007506834e-01,-1.425395399785637784e-01
2.957000000000000000e+03,7.601441590568058793e-01,-1.425221555198284973e-01
2.958000000000000000e+03,7.611442360128619633e-01,-1.425047710610932439e-01
2.959000000000000000e+03,7.621443129689176033e-01,-1.424873866023579905e-01
2.960000000000000000e+03,7.631443899249732432e-01,-1.424700021436227093e-01
2.961000000000000000e+03,7.641444668810293273e-01,-1.424526176848874559e-01
2.962000000000000000e+03,7.651445438370849672e-01,-1.424352332261522025e-01
2.963000000000000000e+03,7.661446207931406072e-01,-1.424178487674169213e-01
2.964000000000000000e+03,7.671446977491962471e-01,-1.424004643086816679e-01
2.965000000000000000e+03,7.681447747052518871e-01,-1.423830798499464145e-01
2.966000000000000000e+03,7.691448516613075270e-01,-1.423656953912111334e-01
2.967000000000000000e+03,7.701449286173636111e-01,-1.423483109324758800e-01
2.968000000000000000e+03,7.711450055734192510e-01,-1.423309264737406266e-01
2.969000000000000000e+03,7.721450825294748910e-01,-1.423135420150053454e-01
2.970000000000000000e+03,7.731451594855309750e-01,-1.422961575562700920e-01
2.971000000000000000e+03,7.741452364415861709e-01,-1.422787730975348386e-01
2.972000000000000000e+03,7.751453133976422549e-01,-1.422613886387995574e-01
2.973000000000000000e+03,7.761453903536978949e-01,-1.422440041800643040e-01
2.974000000000000000e+03,7.771454673097535348e-01,-1.422266197213290506e-01
2.975000000000000000e+03,7.781455442658096189e-01,-1.422092352625937695e-01
2.976000000000000000e+03,7.791456212218652588e-01,-1.421918508038585161e-01
2.977000000000000000e+03,7.801456981779208988e-01,-1.421744663451232626e-01
2.978000000000000000e+03,7.811457751339765387e-01,-1.421570818863880092e-01
2.979000000000000000e+03,7.821458520900321787e-01,-1.421396974276527281e-01
2.980000000000000000e+03,7.831459290460878186e-01,-1.421223129689174747e-01
2.981000000000000000e+03,7.841460060021439027e-01,-1.421049285101821935e-01
2.982000000000000000e+03,7.851460829581995426e-01,-1.420875440514469401e-01
2.983000000000000000e+03,7.861461599142551826e-01,-1.420701595927116867e-01
2.984000000000000000e+03,7.871462368703112666e-01,-1.420527751339764055e-01
2.985000000000000000e+03,7.881463138263664625e-01,-1.420353906752411521e-01
2.986000000000000000e+03,7.891463907824225466e-01,-1.420180062165058987e-01
2.987000000000000000e+03,7.901464677384781865e-01,-1.420006217577706176e-01
2.988000000000000000e+03,7.911465446945338265e-01,-1.419832372990353642e-01
2.989000000000000000e+03,7.921466216505899105e-01,-1.419658528403001108e-01
2.990000000000000000e+03,7.931466986066455505e-01,-1.419484683815648296e-01
2.991000000000000000e+03,7.941467755627011904e-01,-1.419310839228295762e-01
2.992000000000000000e+03,7.951468525187568304e-01,-1.419136994640943228e-01
2.993000000000000000e+03,7.961469294748124703e-01,-1.418963150053590694e-01
2.994000000000000000e+03,7.971470064308681103e-01,-1.418789305466237882e-01
2.995000000000000000e+03,7.981470833869241943e-01,-1.418615460878885348e-01
2.996000000000000000e+03,7.991471603429798343e-01,-1.418441616291532537e-01
2.997000000000000000e+03,8.001472372990354742e-01,-1.418267771704180003e-01
2.998000000000000000e+03,8.011473142550915583e-01,-1.418093927116827468e-01
2.999000000000000000e+03,8.021473912111467541e-01,-1.417920082529474934e-01
3.000000000000000000e+03,8.031474681672028382e-01,-1.417746237942122123e-01
3.001000000000000000e+03,8.041475451232584781e-01,-1.417572393354769589e-01
3.002000000000000000e+03,8.051476220793141181e-01,-1.417398548767416777e-01
3.003000000000000000e+03,8.061476990353702021e-01,-1.417224704180064243e-01
3.004000000000000000e+03,8.071477759914258421e-01,-1.417050859592711709e-01
3.005000000000000000e+03,8.081478529474814820e-01,-1.416877015005358897e-01
3.006000000000000000e+03,8.091479299035371220e-01,-1.416703170418006641e-01
3.007000000000000000e+03,8.101480068595927619e-01,-1.416529325830653829e-01
3.008000000000000000e+03,8.111480838156484019e-01,-1.416355481243301295e-01
3.009000000000000000e+03,8.121481607717044859e-01,-1.416181636655948484e-01
3.010000000000000000e+03,8.131482377277601259e-01,-1.416007792068595950e-01
3.011000000000000000e+03,8.141483146838157658e-01,-1.415833947481243138e-01
3.012000000000000000e+03,8.151483916398718499e-01,-1.415660102893890604e-01
3.013000000000000000e+03,8.161484685959270458e-01,-1.415486258306538070e-01
3.014000000000000000e+03,8.171485455519826857e-01,-1.415312413719185536e-01
3.015000000000000000e+03,8.181486225080387698e-01,-1.415138569131832724e-01
3.016000000000000000e+03,8.191486994640944097e-01,-1.414964724544480190e-01
3.017000000000000000e+03,8.201487764201504937e-01,-1.414790879957127379e-01
3.018000000000000000e+03,8.211488533762061337e-01,-1.414617035369774845e-01
3.019000000000000000e+03,8.221489303322617737e-01,-1.414443190782422310e-01
3.020000000000000000e+03,8.231490072883174136e-01,-1.414269346195069776e-01
3.021000000000000000e+03,8.241490842443730536e-01,-1.414095501607717242e-01
3.022000000000000000e+03,8.251491612004286935e-01,-1.413921657020364431e-01
3.023000000000000000e+03,8.261492381564847776e-01,-1.413747812433011897e-01
3.024000000000000000e+03,8.271493151125404175e-01,-1.413573967845659085e-01
3.025000000000000000e+03,8.281493920685960575e-01,-1.413400123258306551e-01
3.026000000000000000e+03,8.291494690246521415e-01,-1.413226278670953739e-01
3.027000000000000000e+03,8.301495459807073374e-01,-1.413052434083601483e-01
3.028000000000000000e+03,8.311496229367629773e-01,-1.412878589496248671e-01
3.029000000000000000e+03,8.321496998928190614e-01,-1.412704744908896137e-01
3.030000000000000000e+03,8.331497768488747013e-01,-1.412530900321543326e-01
3.031000000000000000e+03,8.341498538049303413e-01,-1.412357055734190792e-01
3.032000000000000000e+03,8.351499307609864253e-01,-1.412183211146837980e-01
3.033000000000000000e+03,8.361500077170420653e-01,-1.412009366559485446e-01
3.034000000000000000e+03,8.371500846730977052e-01,-1.411835521972132912e-01
3.035000000000000000e+03,8.381501616291533452e-01,-1.411661677384780378e-01
3.036000000000000000e+03,8.391502385852089851e-01,-1.411487832797427844e-01
3.037000000000000000e+03,8.401503155412650692e-01,-1.411313988210075032e-01
3.038000000000000000e+03,8.411503924973207091e-01,-1.411140143622722498e-01
3.039000000000000000e+03,8.421504694533763491e-01,-1.410966299035369687e-01
3.040000000000000000e+03,8.431505464094324331e-01,-1.410792454448017152e-01
3.041000000000000000e+03,8.441506233654876290e-01,-1.410618609860664618e-01
3.042000000000000000e+03,8.451507003215432690e-01,-1.410444765273312084e-01
3.043000000000000000e+03,8.461507772775993530e-01,-1.410270920685959273e-01
3.044000000000000000e+03,8.471508542336549930e-01,-1.410097076098606739e-01
3.045000000000000000e+03,8.481509311897106329e-01,-1.409923231511253927e-01
3.046000000000000000e+03,8.491510081457667170e-01,-1.409749386923901393e-01
3.047000000000000000e+03,8.501510851018223569e-01,-1.409575542336548581e-01
3.048000000000000000e+03,8.511511620578779969e-01,-1.409401697749196325e-01
3.049000000000000000e+03,8.521512390139336368e-01,-1.409227853161843513e-01
3.050000000000000000e+03,8.531513159699892768e-01,-1.409054008574490979e-01
3.051000000000000000e+03,8.541513929260453608e-01,-1.408880163987138445e-01
3.052000000000000000e+03,8.551514698821010008e-01,-1.408706319399785634e-01
3.053000000000000000e+03,8.561515468381566407e-01,-1.408532474812433100e-01
3.054000000000000000e+03,8.571516237942127248e-01,-1.408358630225080288e-01
3.055000000000000000e+03,8.581517007502679206e-01,-1.408184785637727754e-01
3.056000000000000000e+03,8.591517777063235606e-01,-1.408010941050375220e-01
3.057000000000000000e+03,8.601518546623796446e-01,-1.407837096463022686e-01
3.058000000000000000e+03,8.611519316184352846e-01,-1.407663251875669874e-01
3.059000000000000000e+03,8.621520085744909245e-01,-1.407489407288317340e-01
3.060000000000000000e+03,8.631520855305470086e-01,-1.407315562700964529e-01
3.061000000000000000e+03,8.641521624866026485e-01,-1.407141718113611994e-01
3.062000000000000000e+03,8.651522394426582885e-01,-1.406967873526259460e-01
3.063000000000000000e+03,8.661523163987139284e-01,-1.406794028938906926e-01
3.064000000000000000e+03,8.671523933547695684e-01,-1.406620184351554115e-01
3.065000000000000000e+03,8.681524703108256524e-01,-1.406446339764201581e-01
3.066000000000000000e+03,8.691525472668812924e-01,-1.406272495176849047e-01
3.067000000000000000e+03,8.701526242229369323e-01,-1.406098650589496235e-01
3.068000000000000000e+03,8.711527011789930164e-01,-1.405924806002143701e-01
3.069000000000000000e+03,8.721527781350482122e-01,-1.405750961414791167e-01
3.070000000000000000e+03,8.731528550911038522e-01,-1.405577116827438355e-01
3.071000000000000000e+03,8.741529320471599362e-01,-1.405403272240085821e-01
3.072000000000000000e+03,8.751530090032155762e-01,-1.405229427652733287e-01
3.073000000000000000e+03,8.761530859592712162e-01,-1.405055583065380476e-01
3.074000000000000000e+03,8.771531629153273002e-01,-1.404881738478027942e-01
3.075000000000000000e+03,8.781532398713829402e-01,-1.404707893890675130e-01
3.076000000000000000e+03,8.791533168274381360e-01,-1.404534049303322596e-01
3.077000000000000000e+03,8.801533937834942201e-01,-1.404360204715970062e-01
3.078000000000000000e+03,8.811534707395498600e-01,-1.404186360128617528e-01
3.079000000000000000e+03,8.821535476956059441e-01,-1.404012515541264716e-01
3.080000000000000000e+03,8.831536246516615840e-01,-1.403838670953912182e-01
3.081000000000000000e+03,8.841537016077172240e-01,-1.403664826366559648e-01
3.082000000000000000e+03,8.851537785637733080e-01,-1.403490981779206836e-01
3.083000000000000000e+03,8.861538555198285039e-01,-1.403317137191854302e-01
3.084000000000000000e+03,8.871539324758841438e-01,-1.403143292604501768e-01
3.085000000000000000e+03,8.881540094319402279e-01,-1.402969448017148957e-01
3.086000000000000000e+03,8.891540863879958678e-01,-1.402795603429796423e-01
3.087000000000000000e+03,8.901541633440515078e-01,-1.402621758842443889e-01
3.088000000000000000e+03,8.911542403001075918e-01,-1.402447914255091077e-01
3.089000000000000000e+03,8.921543172561632318e-01,-1.402274069667738543e-01
3.090000000000000000e+03,8.931543942122184276e-01,-1.402100225080386009e-01
3.091000000000000000e+03,8.941544711682745117e-01,-1.401926380493033197e-01
3.092000000000000000e+03,8.951545481243301516e-01,-1.401752535905680663e-01
3.093000000000000000e+03,8.961546250803857916e-01,-1.401578691318328129e-01
3.094000000000000000e+03,8.971547020364418756e-01,-1.401404846730975318e-01
3.095000000000000000e+03,8.981547789924975156e-01,-1.401231002143622784e-01
3.096000000000000000e+03,8.991548559485535996e-01,-1.401057157556270250e-01
3.097000000000000000e+03,9.001549329046087955e-01,-1.400883312968917438e-01
3.098000000000000000e+03,9.011550098606644355e-01,-1.400709468381564904e-01
3.099000000000000000e+03,9.021550868167205195e-01,-1.400535623794212370e-01
3.100000000000000000e+03,9.031551637727761594e-01,-1.400361779206859558e-01
3.101000000000000000e+03,9.041552407288317994e-01,-1.400187934619507024e-01
3.102000000000000000e+03,9.051553176848878834e-01,-1.400014090032154490e-01
3.103000000000000000e+03,9.061553946409435234e-01,-1.399840245444801679e-01
3.104000000000000000e+03,9.071554715969987193e-01,-1.399666400857449144e-01
3.105000000000000000e+03,9.081555485530548033e-01,-1.399492556270096610e-01
3.106000000000000000e+03,9.091556255091104433e-01,-1.399318711682743799e-01
3.107000000000000000e+03,9.101557024651660832e-01,-1.399144867095391265e-01
3.108000000000000000e+03,9.111557794212221673e-01,-1.398971022508038731e-01
3.109000000000000000e+03,9.121558563772778072e-01,-1.398797177920685919e-01
3.110000000000000000e+03,9.131559333333334472e-01,-1.398623333333333385e-01
3.111000000000000000e+03,9.141560102893890871e-01,-1.398449488745980851e-01
3.112000000000000000e+03,9.151560872454447271e-01,-1.398275644158628039e-01
3.113000000000000000e+03,9.161561642015008111e-01,-1.398101799571275505e-01
3.114000000000000000e+03,9.171562411575564511e-01,-1.397927954983922971e-01
3.115000000000000000e+03,9.181563181136120910e-01,-1.397754110396570160e-01
3.116000000000000000e+03,9.191563950696681751e-01,-1.397580265809217626e-01
3.117000000000000000e+03,9.201564720257238150e-01,-1.397406421221865092e-01
3.118000000000000000e+03,9.211565489817790109e-01,-1.397232576634512280e-01
3.119000000000000000e+03,9.221566259378350949e-01,-1.397058732047159746e-01
3.120000000000000000e+03,9.231567028938907349e-01,-1.396884887459807212e-01
3.121000000000000000e+03,9.241567798499463748e-01,-1.396711042872454400e-01
3.122000000000000000e+03,9.251568568060024589e-01,-1.396537198285101866e-01
3.123000000000000000e+03,9.261569337620580988e-01,-1.396363353697749332e-01
3.124000000000000000e+03,9.271570107181137388e-01,-1.396189509110396521e-01
3.125000000000000000e+03,9.281570876741693787e-01,-1.396015664523043986e-01
3.126000000000000000e+03,9.291571646302250187e-01,-1.395841819935691452e-01
3.127000000000000000e+03,9.301572415862811027e-01,-1.395667975348338641e-01
3.128000000000000000e+03,9.311573185423367427e-01,-1.395494130760986107e-01
3.129000000000000000e+03,9.321573954983923826e-01,-1.395320286173633573e-01
3.130000000000000000e+03,9.331574724544484667e-01,-1.395146441586280761e-01
3.131000000000000000e+03,9.341575494105041066e-01,-1.394972596998928227e-01
3.132000000000000000e+03,9.351576263665593025e-01,-1.394798752411575693e-01
3.133000000000000000e+03,9.361577033226153866e-01,-1.394624907824222881e-01
3.134000000000000000e+03,9.371577802786710265e-01,-1.394451063236870347e-01
3.135000000000000000e+03,9.381578572347266665e-01,-1.394277218649517813e-01
3.136000000000000000e+03,9.391579341907827505e-01,-1.394103374062165002e-01
3.137000000000000000e+03,9.401580111468383905e-01,-1.393929529474812468e-01
3.138000000000000000e+03,9.411580881028940304e-01,-1.393755684887459934e-01
3.139000000000000000e+03,9.421581650589496704e-01,-1.393581840300107122e-01
3.140000000000000000e+03,9.431582420150053103e-01,-1.393407995712754588e-01
3.141000000000000000e+03,9.441583189710613944e-01,-1.393234151125402054e-01
3.142000000000000000e+03,9.451583959271170343e-01,-1.393060306538049242e-01
3.143000000000000000e+03,9.461584728831726743e-01,-1.392886461950696708e-01
3.144000000000000000e+03,9.471585498392287583e-01,-1.392712617363344174e-01
3.145000000000000000e+03,9.481586267952843983e-01,-1.392538772775991363e-01
3.146000000000000000e+03,9.491587037513395941e-01,-1.392364928188638828e-01
3.147000000000000000e+03,9.501587807073956782e-01,-1.392191083601286294e-01
3.148000000000000000e+03,9.511588576634513181e-01,-1.392017239013933483e-01
3.149000000000000000e+03,9.521589346195069581e-01,-1.391843394426580949e-01
3.150000000000000000e+03,9.531590115755630421e-01,-1.391669549839228415e-01
3.151000000000000000e+03,9.541590885316186821e-01,-1.391495705251875603e-01
3.152000000000000000e+03,9.551591654876743220e-01,-1.391321860664523069e-01
3.153000000000000000e+03,9.561592424437299620e-01,-1.391148016077170535e-01
3.154000000000000000e+03,9.571593193997856019e-01,-1.390974171489817723e-01
3.155000000000000000e+03,9.581593963558412419e-01,-1.390800326902465189e-01
3.156000000000000000e+03,9.591594733118973259e-01,-1.390626482315112655e-01
3.157000000000000000e+03,9.601595502679529659e-01,-1.390452637727759844e-01
3.158000000000000000e+03,9.611596272240090499e-01,-1.390278793140407310e-01
3.159000000000000000e+03,9.621597041800646899e-01,-1.390104948553054776e-01
3.160000000000000000e+03,9.631597811361198858e-01,-1.389931103965701964e-01
3.161000000000000000e+03,9.641598580921759698e-01,-1.389757259378349430e-01
3.162000000000000000e+03,9.651599350482316098e-01,-1.389583414790996896e-01
3.163000000000000000e+03,9.661600120042872497e-01,-1.389409570203644084e-01
3.164000000000000000e+03,9.671600889603433338e-01,-1.389235725616291550e-01
3.165000000000000000e+03,9.681601659163989737e-01,-1.389061881028939016e-01
3.166000000000000000e+03,9.691602428724546137e-01,-1.388888036441586205e-01
3.167000000000000000e+03,9.701603198285102536e-01,-1.388714191854233670e-01
3.168000000000000000e+03,9.711603967845658936e-01,-1.388540347266881136e-01
3.169000000000000000e+03,9.721604737406215335e-01,-1.388366502679528325e-01
3.170000000000000000e+03,9.731605506966776176e-01,-1.388192658092175791e-01
3.171000000000000000e+03,9.741606276527332575e-01,-1.388018813504823257e-01
3.172000000000000000e+03,9.751607046087888975e-01,-1.387844968917470445e-01
3.173000000000000000e+03,9.761607815648449815e-01,-1.387671124330117911e-01
3.174000000000000000e+03,9.771608585209001774e-01,-1.387497279742765377e-01
3.175000000000000000e+03,9.781609354769562614e-01,-1.387323435155412565e-01
3.176000000000000000e+03,9.791610124330119014e-01,-1.387149590568060031e-01
3.177000000000000000e+03,9.801610893890675413e-01,-1.386975745980707497e-01
3.178000000000000000e+03,9.811611663451236254e-01,-1.386801901393354686e-01
3.179000000000000000e+03,9.821612433011792653e-01,-1.386628056806002152e-01
3.180000000000000000e+03,9.831613202572349053e-01,-1.386454212218649618e-01
3.181000000000000000e+03,9.841613972132905452e-01,-1.386280367631296806e-01
3.182000000000000000e+03,9.851614741693461852e-01,-1.386106523043944272e-01
3.183000000000000000e+03,9.861615511254018251e-01,-1.385932678456591738e-01
3.184000000000000000e+03,9.871616280814579092e-01,-1.385758833869238926e-01
3.185000000000000000e+03,9.881617050375135491e-01,-1.385584989281886392e-01
3.186000000000000000e+03,9.891617819935691891e-01,-1.385411144694533858e-01
3.187000000000000000e+03,9.901618589496252731e-01,-1.385237300107181047e-01
3.188000000000000000e+03,9.911619359056804690e-01,-1.385063455519828512e-01
3.189000000000000000e+03,9.921620128617365530e-01,-1.384889610932475978e-01
3.190000000000000000e+03,9.931620898177921930e-01,-1.384715766345123167e-01
3.191000000000000000e+03,9.941621667738478330e-01,-1.384541921757770633e-01
3.192000000000000000e+03,9.951622437299039170e-01,-1.384368077170418099e-01
3.193000000000000000e+03,9.961623206859595570e-01,-1.384194232583065287e-01
3.194000000000000000e+03,9.971623976420151969e-01,-1.384020387995712753e-01
3.195000000000000000e+03,9.981624745980708369e-01,-1.383846543408360219e-01
3.196000000000000000e+03,9.991625515541264768e-01,-1.383672698821007407e-01
3.197000000000000000e+03,1.000162628510182117e+00,-1.383498854233654873e-01
3.198000000000000000e+03,1.001162705466238201e+00,-1.383325009646302339e-01
3.199000000000000000e+03,1.002162782422293841e+00,-1.383151165058949528e-01
3.200000000000000000e+03,1.003162859378349481e+00,-1.382977320471596994e-01
3.201000000000000000e+03,1.004162936334405565e+00,-1.382803475884244460e-01
3.202000000000000000e+03,1.005163013290460761e+00,-1.382629631296891648e-01
3.203000000000000000e+03,1.006163090246516401e+00,-1.382455786709539114e-01
3.204000000000000000e+03,1.007163167202572485e+00,-1.382281942122186580e-01
3.205000000000000000e+03,1.008163244158628125e+00,-1.382108097534833768e-01
3.206000000000000000e+03,1.009163321114684209e+00,-1.381934252947481234e-01
3.207000000000000000e+03,1.010163398070739849e+00,-1.381760408360128700e-01
3.208000000000000000e+03,1.011163475026795489e+00,-1.381586563772775889e-01
3.209000000000000000e+03,1.012163551982851128e+00,-1.381412719185423355e-01
3.210000000000000000e+03,1.013163628938906768e+00,-1.381238874598070820e-01
3.211000000000000000e+03,1.014163705894962408e+00,-1.381065030010718009e-01
3.212000000000000000e+03,1.015163782851018492e+00,-1.380891185423365475e-01
3.213000000000000000e+03,1.016163859807074132e+00,-1.380717340836012941e-01
3.214000000000000000e+03,1.017163936763129772e+00,-1.380543496248660129e-01
3.215000000000000000e+03,1.018164013719185856e+00,-1.380369651661307595e-01
3.216000000000000000e+03,1.019164090675241052e+00,-1.380195807073955061e-01
3.217000000000000000e+03,1.020164167631296692e+00,-1.380021962486602249e-01
3.218000000000000000e+03,1.021164244587352776e+00,-1.379848117899249715e-01
3.219000000000000000e+03,1.022164321543408416e+00,-1.379674273311897181e-01
3.220000000000000000e+03,1.023164398499464056e+00,-1.379500428724544370e-01
3.221000000000000000e+03,1.024164475455520140e+00,-1.379326584137191836e-01
3.222000000000000000e+03,1.025164552411575780e+00,-1.379152739549839302e-01
3.223000000000000000e+03,1.026164629367631420e+00,-1.378978894962486490e-01
3.224000000000000000e+03,1.027164706323687060e+00,-1.378805050375133956e-01
3.225000000000000000e+03,1.028164783279742700e+00,-1.378631205787781422e-01
3.226000000000000000e+03,1.029164860235798784e+00,-1.378457361200428610e-01
3.227000000000000000e+03,1.030164937191854424e+00,-1.378283516613076076e-01
3.228000000000000000e+03,1.031165014147910064e+00,-1.378109672025723542e-01
3.229000000000000000e+03,1.032165091103966148e+00,-1.377935827438370731e-01
3.230000000000000000e+03,1.033165168060021344e+00,-1.377761982851018197e-01
3.231000000000000000e+03,1.034165245016076984e+00,-1.377588138263665662e-01
3.232000000000000000e+03,1.035165321972133068e+00,-1.377414293676312851e-01
3.233000000000000000e+03,1.036165398928188708e+00,-1.377240449088960317e-01
3.234000000000000000e+03,1.037165475884244348e+00,-1.377066604501607783e-01
3.235000000000000000e+03,1.038165552840300432e+00,-1.376892759914254971e-01
3.236000000000000000e+03,1.039165629796356072e+00,-1.376718915326902437e-01
3.237000000000000000e+03,1.040165706752411712e+00,-1.376545070739549903e-01
3.238000000000000000e+03,1.041165783708467352e+00,-1.376371226152197091e-01
3.239000000000000000e+03,1.042165860664522992e+00,-1.376197381564844557e-01
3.240000000000000000e+03,1.043165937620579076e+00,-1.376023536977492023e-01
3.241000000000000000e+03,1.044166014576634716e+00,-1.375849692390139212e-01
3.242000000000000000e+03,1.045166091532690356e+00,-1.375675847802786678e-01
3.243000000000000000e+03,1.046166168488746440e+00,-1.375502003215434144e-01
3.244000000000000000e+03,1.047166245444801636e+00,-1.375328158628081610e-01
3.245000000000000000e+03,1.048166322400857275e+00,-1.375154314040728798e-01
3.246000000000000000e+03,1.049166399356913359e+00,-1.374980469453376264e-01
3.247000000000000000e+03,1.050166476312968999e+00,-1.374806624866023452e-01
3.248000000000000000e+03,1.051166553269024639e+00,-1.374632780278670918e-01
3.249000000000000000e+03,1.052166630225080723e+00,-1.374458935691318384e-01
3.250000000000000000e+03,1.053166707181136363e+00,-1.374285091103965573e-01
3.251000000000000000e+03,1.054166784137192003e+00,-1.374111246516613039e-01
3.252000000000000000e+03,1.055166861093247643e+00,-1.373937401929260504e-01
3.253000000000000000e+03,1.056166938049303283e+00,-1.373763557341907693e-01
3.254000000000000000e+03,1.057167015005359367e+00,-1.373589712754555159e-01
3.255000000000000000e+03,1.058167091961415007e+00,-1.373415868167202625e-01
3.256000000000000000e+03,1.059167168917470647e+00,-1.373242023579849813e-01
3.257000000000000000e+03,1.060167245873526731e+00,-1.373068178992497279e-01
3.258000000000000000e+03,1.061167322829581927e+00,-1.372894334405144745e-01
3.259000000000000000e+03,1.062167399785637567e+00,-1.372720489817792211e-01
3.260000000000000000e+03,1.063167476741693651e+00,-1.372546645230439399e-01
3.261000000000000000e+03,1.064167553697749291e+00,-1.372372800643086865e-01
3.262000000000000000e+03,1.065167630653804931e+00,-1.372198956055734054e-01
3.263000000000000000e+03,1.066167707609861015e+00,-1.372025111468381520e-01
3.264000000000000000e+03,1.067167784565916655e+00,-1.371851266881028986e-01
3.265000000000000000e+03,1.068167861521971851e+00,-1.371677422293676452e-01
3.266000000000000000e+03,1.069167938478027935e+00,-1.371503577706323640e-01
3.267000000000000000e+03,1.070168015434083575e+00,-1.371329733118971106e-01
3.268000000000000000e+03,1.071168092390139659e+00,-1.371155888531618294e-01
3.269000000000000000e+03,1.072168169346195299e+00,-1.370982043944265760e-01
3.270000000000000000e+03,1.073168246302250939e+00,-1.370808199356913226e-01
3.271000000000000000e+03,1.074168323258307023e+00,-1.370634354769560415e-01
3.272000000000000000e+03,1.075168400214362219e+00,-1.370460510182207881e-01
3.273000000000000000e+03,1.076168477170417859e+00,-1.370286665594855346e-01
3.274000000000000000e+03,1.077168554126473943e+00,-1.370112821007502812e-01
3.275000000000000000e+03,1.078168631082529583e+00,-1.369938976420150001e-01
3.276000000000000000e+03,1.079168708038585223e+00,-1.369765131832797467e-01
3.277000000000000000e+03,1.080168784994641307e+00,-1.369591287245444655e-01
3.278000000000000000e+03,1.081168861950696947e+00,-1.369417442658092121e-01
3.279000000000000000e+03,1.082168938906752143e+00,-1.369243598070739587e-01
3.280000000000000000e+03,1.083169015862808227e+00,-1.369069753483387053e-01
3.281000000000000000e+03,1.084169092818863867e+00,-1.368895908896034241e-01
3.282000000000000000e+03,1.085169169774919506e+00,-1.368722064308681707e-01
3.283000000000000000e+03,1.086169246730975591e+00,-1.368548219721328896e-01
3.284000000000000000e+03,1.087169323687031230e+00,-1.368374375133976362e-01
3.285000000000000000e+03,1.088169400643087315e+00,-1.368200530546623828e-01
3.286000000000000000e+03,1.089169477599142510e+00,-1.368026685959271294e-01
3.287000000000000000e+03,1.090169554555198150e+00,-1.367852841371918482e-01
3.288000000000000000e+03,1.091169631511254234e+00,-1.367678996784565948e-01
3.289000000000000000e+03,1.092169708467309874e+00,-1.367505152197213414e-01
3.290000000000000000e+03,1.093169785423365514e+00,-1.367331307609860602e-01
3.291000000000000000e+03,1.094169862379421598e+00,-1.367157463022508068e-01
3.292000000000000000e+03,1.095169939335477238e+00,-1.366983618435155257e-01
3.293000000000000000e+03,1.096170016291532434e+00,-1.366809773847803000e-01
3.294000000000000000e+03,1.097170093247588518e+00,-1.366635929260450188e-01
3.295000000000000000e+03,1.098170170203644158e+00,-1.366462084673097654e-01
3.296000000000000000e+03,1.099170247159699798e+00,-1.366288240085744843e-01
3.297000000000000000e+03,1.100170324115755882e+00,-1.366114395498392309e-01
3.298000000000000000e+03,1.101170401071811522e+00,-1.365940550911039497e-01
3.299000000000000000e+03,1.102170478027867162e+00,-1.365766706323686963e-01
3.300000000000000000e+03,1.103170554983922802e+00,-1.365592861736334429e-01
3.301000000000000000e+03,1.104170631939978442e+00,-1.365419017148981895e-01
3.302000000000000000e+03,1.105170708896034526e+00,-1.365245172561629083e-01
3.303000000000000000e+03,1.106170785852090166e+00,-1.365071327974276549e-01
3.304000000000000000e+03,1.107170862808145806e+00,-1.364897483386924015e-01
3.305000000000000000e+03,1.108170939764201890e+00,-1.364723638799571204e-01
3.306000000000000000e+03,1.109171016720257530e+00,-1.364549794212218670e-01
3.307000000000000000e+03,1.110171093676312726e+00,-1.364375949624866136e-01
3.308000000000000000e+03,1.111171170632368810e+00,-1.364202105037513602e-01
3.309000000000000000e+03,1.112171247588424450e+00,-1.364028260450160790e-01
3.310000000000000000e+03,1.113171324544480090e+00,-1.363854415862808256e-01
3.311000000000000000e+03,1.114171401500536174e+00,-1.363680571275455444e-01
3.312000000000000000e+03,1.115171478456591814e+00,-1.363506726688102910e-01
3.313000000000000000e+03,1.116171555412647454e+00,-1.363332882100750099e-01
3.314000000000000000e+03,1.117171632368703094e+00,-1.363159037513397842e-01
3.315000000000000000e+03,1.118171709324758734e+00,-1.362985192926045031e-01
3.316000000000000000e+03,1.119171786280814818e+00,-1.362811348338692496e-01
3.317000000000000000e+03,1.120171863236870458e+00,-1.362637503751339685e-01
3.318000000000000000e+03,1.121171940192926098e+00,-1.362463659163987151e-01
3.319000000000000000e+03,1.122172017148982182e+00,-1.362289814576634617e-01
3.320000000000000000e+03,1.123172094105037822e+00,-1.362115969989281805e-01
3.321000000000000000e+03,1.124172171061093017e+00,-1.361942125401929271e-01
3.322000000000000000e+03,1.125172248017149101e+00,-1.361768280814576737e-01
3.323000000000000000e+03,1.126172324973204741e+00,-1.361594436227224203e-01
3.324000000000000000e+03,1.127172401929260381e+00,-1.361420591639871391e-01
3.325000000000000000e+03,1.128172478885316465e+00,-1.361246747052518857e-01
3.326000000000000000e+03,1.129172555841372105e+00,-1.361072902465166046e-01
3.327000000000000000e+03,1.130172632797427745e+00,-1.360899057877813512e-01
3.328000000000000000e+03,1.131172709753483829e+00,-1.360725213290460700e-01
3.329000000000000000e+03,1.132172786709539025e+00,-1.360551368703108444e-01
3.330000000000000000e+03,1.133172863665595109e+00,-1.360377524115755632e-01
3.331000000000000000e+03,1.134172940621650749e+00,-1.360203679528403098e-01
3.332000000000000000e+03,1.135173017577706389e+00,-1.360029834941050286e-01
3.333000000000000000e+03,1.136173094533762473e+00,-1.359855990353697752e-01
3.334000000000000000e+03,1.137173171489818113e+00,-1.359682145766345218e-01
3.335000000000000000e+03,1.138173248445873753e+00,-1.359508301178992407e-01
3.336000000000000000e+03,1.139173325401929393e+00,-1.359334456591639873e-01
3.337000000000000000e+03,1.140173402357985033e+00,-1.359160612004287338e-01
3.338000000000000000e+03,1.141173479314040673e+00,-1.358986767416934804e-01
3.339000000000000000e+03,1.142173556270096757e+00,-1.358812922829581993e-01
3.340000000000000000e+03,1.143173633226152397e+00,-1.358639078242229459e-01
3.341000000000000000e+03,1.144173710182208037e+00,-1.358465233654876647e-01
3.342000000000000000e+03,1.145173787138264121e+00,-1.358291389067524113e-01
3.343000000000000000e+03,1.146173864094319317e+00,-1.358117544480171579e-01
3.344000000000000000e+03,1.147173941050374957e+00,-1.357943699892819045e-01
3.345000000000000000e+03,1.148174018006431041e+00,-1.357769855305466233e-01
3.346000000000000000e+03,1.149174094962486681e+00,-1.357596010718113699e-01
3.347000000000000000e+03,1.150174171918542765e+00,-1.357422166130760888e-01
3.348000000000000000e+03,1.151174248874598405e+00,-1.357248321543408354e-01
3.349000000000000000e+03,1.152174325830654045e+00,-1.357074476956055820e-01
3.350000000000000000e+03,1.153174402786709685e+00,-1.356900632368703286e-01
3.351000000000000000e+03,1.154174479742765325e+00,-1.356726787781350474e-01
3.352000000000000000e+03,1.155174556698820965e+00,-1.356552943193997940e-01
3.353000000000000000e+03,1.156174633654877049e+00,-1.356379098606645406e-01
3.354000000000000000e+03,1.157174710610932689e+00,-1.356205254019292594e-01
3.355000000000000000e+03,1.158174787566988329e+00,-1.356031409431940060e-01
3.356000000000000000e+03,1.159174864523044413e+00,-1.355857564844587249e-01
3.357000000000000000e+03,1.160174941479099608e+00,-1.355683720257234715e-01
3.358000000000000000e+03,1.161175018435155248e+00,-1.355509875669882180e-01
3.359000000000000000e+03,1.162175095391211332e+00,-1.355336031082529646e-01
3.360000000000000000e+03,1.163175172347266972e+00,-1.355162186495176835e-01
3.361000000000000000e+03,1.164175249303322612e+00,-1.354988341907824301e-01
3.362000000000000000e+03,1.165175326259378696e+00,-1.354814497320471489e-01
3.363000000000000000e+03,1.166175403215434336e+00,-1.354640652733118955e-01
3.364000000000000000e+03,1.167175480171489976e+00,-1.354466808145766421e-01
3.365000000000000000e+03,1.168175557127545616e+00,-1.354292963558413887e-01
3.366000000000000000e+03,1.169175634083601256e+00,-1.354119118971061075e-01
3.367000000000000000e+03,1.170175711039657340e+00,-1.353945274383708541e-01
3.368000000000000000e+03,1.171175787995712980e+00,-1.353771429796356007e-01
3.369000000000000000e+03,1.172175864951768620e+00,-1.353597585209003196e-01
3.370000000000000000e+03,1.173175941907824704e+00,-1.353423740621650662e-01
3.371000000000000000e+03,1.174176018863879900e+00,-1.353249896034298128e-01
3.372000000000000000e+03,1.175176095819935540e+00,-1.353076051446945316e-01
3.373000000000000000e+03,1.176176172775991624e+00,-1.352902206859592782e-01
3.374000000000000000e+03,1.177176249732047264e+00,-1.352728362272240248e-01
3.375000000000000000e+03,1.178176326688102904e+00,-1.352554517684887436e-01
3.376000000000000000e+03,1.179176403644158988e+00,-1.352380673097534902e-01
3.377000000000000000e+03,1.180176480600214628e+00,-1.352206828510182091e-01
3.378000000000000000e+03,1.181176557556270268e+00,-1.352032983922829557e-01
3.379000000000000000e+03,1.182176634512325908e+00,-1.351859139335477022e-01
3.380000000000000000e+03,1.183176711468381548e+00,-1.351685294748124488e-01
3.381000000000000000e+03,1.184176788424437632e+00,-1.351511450160771677e-01
3.382000000000000000e+03,1.185176865380493272e+00,-1.351337605573419143e-01
3.383000000000000000e+03,1.186176942336548912e+00,-1.351163760986066609e-01
3.384000000000000000e+03,1.187177019292604996e+00,-1.350989916398713797e-01
3.385000000000000000e+03,1.188177096248660192e+00,-1.350816071811361263e-01
3.386000000000000000e+03,1.189177173204715832e+00,-1.350642227224008729e-01
3.387000000000000000e+03,1.190177250160771916e+00,-1.350468382636655917e-01
3.388000000000000000e+03,1.191177327116827556e+00,-1.350294538049303383e-01
3.389000000000000000e+03,1.192177404072883196e+00,-1.350120693461950849e-01
3.390000000000000000e+03,1.193177481028939280e+00,-1.349946848874598038e-01
3.391000000000000000e+03,1.194177557984994920e+00,-1.349773004287245504e-01
3.392000000000000000e+03,1.195177634941050560e+00,-1.349599159699892970e-01
3.393000000000000000e+03,1.196177711897106200e+00,-1.349425315112540158e-01
3.394000000000000000e+03,1.197177788853161839e+00,-1.349251470525187624e-01
3.395000000000000000e+03,1.198177865809217923e+00,-1.349077625937835090e-01
3.396000000000000000e+03,1.199177942765273563e+00,-1.348903781350482278e-01
3.397000000000000000e+03,1.200178019721329203e+00,-1.348729936763129744e-01
3.398000000000000000e+03,1.201178096677385287e+00,-1.348556092175777210e-01
3.399000000000000000e+03,1.202178173633440483e+00,-1.348382247588424399e-01
3.400000000000000000e+03,1.203178250589496123e+00,-1.348208403001071864e-01
3.401000000000000000e+03,1.204178327545552207e+00,-1.348034558413719330e-01
3.402000000000000000e+03,1.205178404501607847e+00,-1.347860713826366519e-01
3.403000000000000000e+03,1.206178481457663487e+00,-1.347686869239013985e-01
3.404000000000000000e+03,1.207178558413719571e+00,-1.347513024651661451e-01
3.405000000000000000e+03,1.208178635369775211e+00,-1.347339180064308639e-01
3.406000000000000000e+03,1.209178712325830407e+00,-1.347165335476956105e-01
3.407000000000000000e+03,1.210178789281886491e+00,-1.346991490889603571e-01
3.408000000000000000e+03,1.211178866237942131e+00,-1.346817646302250759e-01
3.409000000000000000e+03,1.212178943193997771e+00,-1.346643801714898225e-01
3.410000000000000000e+03,1.213179020150053855e+00,-1.346469957127545691e-01
3.411000000000000000e+03,1.214179097106109495e+00,-1.346296112540192880e-01
3.412000000000000000e+03,1.215179174062165579e+00,-1.346122267952840346e-01
3.413000000000000000e+03,1.216179251018220775e+00,-1.345948423365487812e-01
3.414000000000000000e+03,1.217179327974276415e+00,-1.345774578778135000e-01
3.415000000000000000e+03,1.218179404930332499e+00,-1.345600734190782466e-01
3.416000000000000000e+03,1.219179481886388139e+00,-1.345426889603429932e-01
3.417000000000000000e+03,1.220179558842443779e+00,-1.345253045016077120e-01
3.418000000000000000e+03,1.221179635798499863e+00,-1.345079200428724586e-01
3.419000000000000000e+03,1.222179712754555503e+00,-1.344905355841372052e-01
3.420000000000000000e+03,1.223179789710610699e+00,-1.344731511254019241e-01
3.421000000000000000e+03,1.224179866666666783e+00,-1.344557666666666707e-01
3.422000000000000000e+03,1.225179943622722423e+00,-1.344383822079314172e-01
3.423000000000000000e+03,1.226180020578778063e+00,-1.344209977491961361e-01
3.424000000000000000e+03,1.227180097534834147e+00,-1.344036132904608827e-01
3.425000000000000000e+03,1.228180174490889787e+00,-1.343862288317256293e-01
3.426000000000000000e+03,1.229180251446945427e+00,-1.343688443729903481e-01
3.427000000000000000e+03,1.230180328403001067e+00,-1.343514599142550947e-01
3.428000000000000000e+03,1.231180405359056707e+00,-1.343340754555198413e-01
3.429000000000000000e+03,1.232180482315112791e+00,-1.343166909967845601e-01
3.430000000000000000e+03,1.233180559271168431e+00,-1.342993065380493067e-01
3.431000000000000000e+03,1.234180636227224070e+00,-1.342819220793140533e-01
3.432000000000000000e+03,1.235180713183280155e+00,-1.342645376205787722e-01
3.433000000000000000e+03,1.236180790139335794e+00,-1.342471531618435188e-01
3.434000000000000000e+03,1.237180867095390990e+00,-1.342297687031082654e-01
3.435000000000000000e+03,1.238180944051447074e+00,-1.342123842443729842e-01
3.436000000000000000e+03,1.239181021007502714e+00,-1.341949997856377308e-01
3.437000000000000000e+03,1.240181097963558354e+00,-1.341776153269024774e-01
3.438000000000000000e+03,1.241181174919614438e+00,-1.341602308681671962e-01
3.439000000000000000e+03,1.242181251875670078e+00,-1.341428464094319428e-01
3.440000000000000000e+03,1.243181328831725718e+00,-1.341254619506966894e-01
3.441000000000000000e+03,1.244181405787781358e+00,-1.341080774919614083e-01
3.442000000000000000e+03,1.245181482743836998e+00,-1.340906930332261549e-01
3.443000000000000000e+03,1.246181559699893082e+00,-1.340733085744909014e-01
3.444000000000000000e+03,1.247181636655948722e+00,-1.340559241157556203e-01
3.445000000000000000e+03,1.248181713612004362e+00,-1.340385396570203669e-01
3.446000000000000000e+03,1.249181790568060446e+00,-1.340211551982851135e-01
3.447000000000000000e+03,1.250181867524116086e+00,-1.340037707395498323e-01
3.448000000000000000e+03,1.251181944480171282e+00,-1.339863862808145789e-01
3.449000000000000000e+03,1.252182021436227366e+00,-1.339690018220793255e-01
3.450000000000000000e+03,1.253182098392283006e+00,-1.339516173633440443e-01
3.451000000000000000e+03,1.254182175348338646e+00,-1.339342329046087909e-01
3.452000000000000000e+03,1.255182252304394730e+00,-1.339168484458735375e-01
3.453000000000000000e+03,1.256182329260450370e+00,-1.338994639871382564e-01
3.454000000000000000e+03,1.257182406216506010e+00,-1.338820795284030030e-01
3.455000000000000000e+03,1.258182483172561650e+00,-1.338646950696677496e-01
3.456000000000000000e+03,1.259182560128617290e+00,-1.338473106109324684e-01
3.457000000000000000e+03,1.260182637084673374e+00,-1.338299261521972150e-01
3.458000000000000000e+03,1.261182714040729014e+00,-1.338125416934619616e-01
3.459000000000000000e+03,1.262182790996784654e+00,-1.337951572347266804e-01
3.460000000000000000e+03,1.263182867952840738e+00,-1.337777727759914270e-01
3.461000000000000000e+03,1.264182944908896378e+00,-1.337603883172561736e-01
3.462000000000000000e+03,1.265183021864951574e+00,-1.337430038585208925e-01
3.463000000000000000e+03,1.266183098821007658e+00,-1.337256193997856391e-01
3.464000000000000000e+03,1.267183175777063298e+00,-1.337082349410503856e-01
3.465000000000000000e+03,1.268183252733118938e+00,-1.336908504823151045e-01
3.466000000000000000e+03,1.269183329689175022e+00,-1.336734660235798511e-01
3.467000000000000000e+03,1.270183406645230662e+00,-1.336560815648445977e-01
3.468000000000000000e+03,1.271183483601286301e+00,-1.336386971061093165e-01
3.469000000000000000e+03,1.272183560557341941e+00,-1.336213126473740631e-01
3.470000000000000000e+03,1.273183637513397581e+00,-1.336039281886388097e-01
3.471000000000000000e+03,1.274183714469453221e+00,-1.335865437299035285e-01
3.472000000000000000e+03,1.275183791425509305e+00,-1.335691592711682751e-01
3.473000000000000000e+03,1.276183868381564945e+00,-1.335517748124330217e-01
3.474000000000000000e+03,1.277183945337621029e+00,-1.335343903536977406e-01
3.475000000000000000e+03,1.278184022293676669e+00,-1.335170058949624872e-01
3.476000000000000000e+03,1.279184099249731865e+00,-1.334996214362272338e-01
3.477000000000000000e+03,1.280184176205787949e+00,-1.334822369774919526e-01
3.478000000000000000e+03,1.281184253161843589e+00,-1.334648525187566992e-01
3.479000000000000000e+03,1.282184330117899229e+00,-1.334474680600214458e-01
3.480000000000000000e+03,1.283184407073955313e+00,-1.334300836012861646e-01
3.481000000000000000e+03,1.284184484030010953e+00,-1.334126991425509112e-01
3.482000000000000000e+03,1.285184560986066593e+00,-1.333953146838156578e-01
3.483000000000000000e+03,1.286184637942122233e+00,-1.333779302250803767e-01
3.484000000000000000e+03,1.287184714898177873e+00,-1.333605457663451233e-01
3.485000000000000000e+03,1.288184791854233513e+00,-1.333431613076098698e-01
3.486000000000000000e+03,1.289184868810289597e+00,-1.333257768488745887e-01
3.487000000000000000e+03,1.290184945766345237e+00,-1.333083923901393353e-01
3.488000000000000000e+03,1.291185022722400877e+00,-1.332910079314040819e-01
3.489000000000000000e+03,1.292185099678456961e+00,-1.332736234726688007e-01
3.490000000000000000e+03,1.293185176634512157e+00,-1.332562390139335473e-01
3.491000000000000000e+03,1.294185253590568241e+00,-1.332388545551982939e-01
3.492000000000000000e+03,1.295185330546623881e+00,-1.332214700964630127e-01
3.493000000000000000e+03,1.296185407502679521e+00,-1.332040856377277593e-01
3.494000000000000000e+03,1.297185484458735605e+00,-1.331867011789925059e-01
3.495000000000000000e+03,1.298185561414791245e+00,-1.331693167202572248e-01
3.496000000000000000e+03,1.299185638370846885e+00,-1.331519322615219714e-01
3.497000000000000000e+03,1.300185715326902525e+00,-1.331345478027867180e-01
3.498000000000000000e+03,1.301185792282958165e+00,-1.331171633440514368e-01
3.499000000000000000e+03,1.302185869239013805e+00,-1.330997788853161834e-01
3.500000000000000000e+03,1.303185946195069889e+00,-1.330823944265809300e-01
3.501000000000000000e+03,1.304186023151125529e+00,-1.330650099678456488e-01
3.502000000000000000e+03,1.305186100107181169e+00,-1.330476255091103954e-01
3.503000000000000000e+03,1.306186177063237253e+00,-1.330302410503751420e-01
3.504000000000000000e+03,1.307186254019292448e+00,-1.330128565916398609e-01
3.505000000000000000e+03,1.308186330975348532e+00,-1.329954721329046075e-01
3.506000000000000000e+03,1.309186407931404172e+00,-1.329780876741693540e-01
3.507000000000000000e+03,1.310186484887459812e+00,-1.329607032154340729e-01
3.508000000000000000e+03,1.311186561843515896e+00,-1.329433187566988195e-01
3.509000000000000000e+03,1.312186638799571536e+00,-1.329259342979635661e-01
3.510000000000000000e+03,1.313186715755627176e+00,-1.329085498392282849e-01
3.511000000000000000e+03,1.314186792711682816e+00,-1.328911653804930315e-01
3.512000000000000000e+03,1.315186869667738456e+00,-1.328737809217577781e-01
3.513000000000000000e+03,1.316186946623794096e+00,-1.328563964630224969e-01
3.514000000000000000e+03,1.317187023579850180e+00,-1.328390120042872435e-01
3.515000000000000000e+03,1.318187100535905820e+00,-1.328216275455519901e-01
3.516000000000000000e+03,1.319187177491961460e+00,-1.328042430868167090e-01
3.517000000000000000e+03,1.320187254448017544e+00,-1.327868586280814556e-01
3.518000000000000000e+03,1.321187331404072740e+00,-1.327694741693462022e-01
3.519000000000000000e+03,1.322187408360128824e+00,-1.327520897106109210e-01
3.520000000000000000e+03,1.323187485316184464e+00,-1.327347052518756676e-01
3.521000000000000000e+03,1.324187562272240104e+00,-1.327173207931404142e-01
3.522000000000000000e+03,1.325187639228296188e+00,-1.326999363344051330e-01
3.523000000000000000e+03,1.326187716184351828e+00,-1.326825518756698796e-01
3.524000000000000000e+03,1.327187793140407468e+00,-1.326651674169346262e-01
3.525000000000000000e+03,1.328187870096463108e+00,-1.326477829581993728e-01
3.526000000000000000e+03,1.329187947052518748e+00,-1.326303984994640917e-01
3.527000000000000000e+03,1.330188024008574388e+00,-1.326130140407288382e-01
3.528000000000000000e+03,1.331188100964630472e+00,-1.325956295819935571e-01
3.529000000000000000e+03,1.332188177920686112e+00,-1.325782451232583037e-01
3.530000000000000000e+03,1.333188254876741752e+00,-1.325608606645230503e-01
3.531000000000000000e+03,1.334188331832797836e+00,-1.325434762057877691e-01
3.532000000000000000e+03,1.335188408788853032e+00,-1.325260917470525157e-01
3.533000000000000000e+03,1.336188485744908672e+00,-1.325087072883172623e-01
3.534000000000000000e+03,1.337188562700964756e+00,-1.324913228295819811e-01
3.535000000000000000e+03,1.338188639657020396e+00,-1.324739383708467277e-01
3.536000000000000000e+03,1.339188716613076480e+00,-1.324565539121114743e-01
3.537000000000000000e+03,1.340188793569132120e+00,-1.324391694533761932e-01
3.538000000000000000e+03,1.341188870525187760e+00,-1.324217849946409398e-01
3.539000000000000000e+03,1.342188947481243400e+00,-1.324044005359056864e-01
3.540000000000000000e+03,1.343189024437299040e+00,-1.323870160771704330e-01
3.541000000000000000e+03,1.344189101393354679e+00,-1.323696316184351518e-01
3.542000000000000000e+03,1.345189178349410764e+00,-1.323522471596998984e-01
3.543000000000000000e+03,1.346189255305466403e+00,-1.323348627009646172e-01
3.544000000000000000e+03,1.347189332261522043e+00,-1.323174782422293638e-01
3.545000000000000000e+03,1.348189409217578127e+00,-1.323000937834941104e-01
3.546000000000000000e+03,1.349189486173633323e+00,-1.322827093247588570e-01
3.547000000000000000e+03,1.350189563129688963e+00,-1.322653248660235759e-01
3.548000000000000000e+03,1.351189640085745047e+00,-1.322479404072883225e-01
3.549000000000000000e+03,1.352189717041800687e+00,-1.322305559485530413e-01
3.550000000000000000e+03,1.353189793997856327e+00,-1.322131714898177879e-01
3.551000000000000000e+03,1.354189870953912411e+00,-1.321957870310825345e-01
3.552000000000000000e+03,1.355189947909968051e+00,-1.321784025723472533e-01
3.553000000000000000e+03,1.356190024866023691e+00,-1.321610181136119999e-01
3.554000000000000000e+03,1.357190101822079331e+00,-1.321436336548767465e-01
3.555000000000000000e+03,1.358190178778134971e+00,-1.321262491961414931e-01
3.556000000000000000e+03,1.359190255734191055e+00,-1.321088647374062119e-01
3.557000000000000000e+03,1.360190332690246695e+00,-1.320914802786709585e-01
3.558000000000000000e+03,1.361190409646302335e+00,-1.320740958199356774e-01
3.559000000000000000e+03,1.362190486602358419e+00,-1.320567113612004240e-01
3.560000000000000000e+03,1.363190563558413615e+00,-1.320393269024651706e-01
3.561000000000000000e+03,1.364190640514469255e+00,-1.320219424437299172e-01
3.562000000000000000e+03,1.365190717470525339e+00,-1.320045579849946360e-01
3.563000000000000000e+03,1.366190794426580979e+00,-1.319871735262593826e-01
3.564000000000000000e+03,1.367190871382636619e+00,-1.319697890675241014e-01
3.565000000000000000e+03,1.368190948338692703e+00,-1.319524046087888480e-01
3.566000000000000000e+03,1.369191025294748343e+00,-1.319350201500535946e-01
3.567000000000000000e+03,1.370191102250803983e+00,-1.319176356913183412e-01
3.568000000000000000e+03,1.371191179206859623e+00,-1.319002512325830601e-01
3.569000000000000000e+03,1.372191256162915263e+00,-1.318828667738478067e-01
3.570000000000000000e+03,1.373191333118971347e+00,-1.318654823151125532e-01
3.571000000000000000e+03,1.374191410075026987e+00,-1.318480978563772721e-01
3.572000000000000000e+03,1.375191487031082627e+00,-1.318307133976420187e-01
3.573000000000000000e+03,1.376191563987138711e+00,-1.318133289389067375e-01
3.574000000000000000e+03,1.377191640943193907e+00,-1.317959444801715119e-01
3.575000000000000000e+03,1.378191717899249547e+00,-1.317785600214362307e-01
3.576000000000000000e+03,1.379191794855305631e+00,-1.317611755627009773e-01
3.577000000000000000e+03,1.380191871811361271e+00,-1.317437911039656961e-01
3.578000000000000000e+03,1.381191948767416910e+00,-1.317264066452304427e-01
3.579000000000000000e+03,1.382192025723472995e+00,-1.317090221864951616e-01
3.580000000000000000e+03,1.383192102679528634e+00,-1.316916377277599082e-01
3.581000000000000000e+03,1.384192179635584274e+00,-1.316742532690246548e-01
3.582000000000000000e+03,1.385192256591639914e+00,-1.316568688102894014e-01
3.583000000000000000e+03,1.386192333547695554e+00,-1.316394843515541202e-01
3.584000000000000000e+03,1.387192410503751638e+00,-1.316220998928188668e-01
3.585000000000000000e+03,1.388192487459807278e+00,-1.316047154340836134e-01
3.586000000000000000e+03,1.389192564415862918e+00,-1.315873309753483322e-01
3.587000000000000000e+03,1.390192641371919002e+00,-1.315699465166130788e-01
3.588000000000000000e+03,1.391192718327974198e+00,-1.315525620578778254e-01
3.589000000000000000e+03,1.392192795284029838e+00,-1.315351775991425720e-01
3.590000000000000000e+03,1.393192872240085922e+00,-1.315177931404072909e-01
3.591000000000000000e+03,1.394192949196141562e+00,-1.315004086816720374e-01
3.592000000000000000e+03,1.395193026152197202e+00,-1.314830242229367563e-01
3.593000000000000000e+03,1.396193103108253286e+00,-1.314656397642015029e-01
3.594000000000000000e+03,1.397193180064308926e+00,-1.314482553054662217e-01
3.595000000000000000e+03,1.398193257020364122e+00,-1.314308708467309961e-01
3.596000000000000000e+03,1.399193333976420206e+00,-1.314134863879957149e-01
3.597000000000000000e+03,1.400193410932475846e+00,-1.313961019292604337e-01
3.598000000000000000e+03,1.401193487888531930e+00,-1.313787174705252081e-01
3.599000000000000000e+03,1.402193564844587570e+00,-1.313613330117899269e-01
3.600000000000000000e+03,1.403193641800643210e+00,-1.313439485530546458e-01
3.601000000000000000e+03,1.404193718756699294e+00,-1.313265640943194201e-01
3.602000000000000000e+03,1.405193795712754490e+00,-1.313091796355841390e-01
3.603000000000000000e+03,1.406193872668810130e+00,-1.312917951768488856e-01
3.604000000000000000e+03,1.407193949624866214e+00,-1.312744107181136322e-01
3.605000000000000000e+03,1.408194026580921854e+00,-1.312570262593783510e-01
3.606000000000000000e+03,1.409194103536977494e+00,-1.312396418006430698e-01
3.607000000000000000e+03,1.410194180493033578e+00,-1.312222573419078442e-01
3.608000000000000000e+03,1.411194257449089218e+00,-1.312048728831725630e-01
3.609000000000000000e+03,1.412194334405144414e+00,-1.311874884244373096e-01
3.610000000000000000e+03,1.413194411361200498e+00,-1.311701039657020562e-01
3.611000000000000000e+03,1.414194488317256138e+00,-1.311527195069667751e-01
3.612000000000000000e+03,1.415194565273311778e+00,-1.311353350482314939e-01
3.613000000000000000e+03,1.416194642229367862e+00,-1.311179505894962682e-01
3.614000000000000000e+03,1.417194719185423502e+00,-1.311005661307609871e-01
3.615000000000000000e+03,1.418194796141479586e+00,-1.310831816720257059e-01
3.616000000000000000e+03,1.419194873097534781e+00,-1.310657972132904803e-01
3.617000000000000000e+03,1.420194950053590421e+00,-1.310484127545551991e-01
3.618000000000000000e+03,1.421195027009646505e+00,-1.310310282958199457e-01
3.619000000000000000e+03,1.422195103965702145e+00,-1.310136438370846923e-01
3.620000000000000000e+03,1.423195180921757785e+00,-1.309962593783494111e-01
3.621000000000000000e+03,1.424195257877813869e+00,-1.309788749196141300e-01
3.622000000000000000e+03,1.425195334833869509e+00,-1.309614904608789043e-01
3.623000000000000000e+03,1.426195411789924705e+00,-1.309441060021436232e-01
3.624000000000000000e+03,1.427195488745980789e+00,-1.309267215434083698e-01
3.625000000000000000e+03,1.428195565702036429e+00,-1.309093370846731164e-01
3.626000000000000000e+03,1.429195642658092069e+00,-1.308919526259378352e-01
3.627000000000000000e+03,1.430195719614148153e+00,-1.308745681672025540e-01
3.628000000000000000e+03,1.431195796570203793e+00,-1.308571837084673284e-01
3.629000000000000000e+03,1.432195873526259433e+00,-1.308397992497320472e-01
3.630000000000000000e+03,1.433195950482315073e+00,-1.308224147909967938e-01
3.631000000000000000e+03,1.434196027438370713e+00,-1.308050303322615404e-01
3.632000000000000000e+03,1.435196104394426797e+00,-1.307876458735262593e-01
3.633000000000000000e+03,1.436196181350482437e+00,-1.307702614147910058e-01
3.634000000000000000e+03,1.437196258306538077e+00,-1.307528769560557524e-01
3.635000000000000000e+03,1.438196335262594161e+00,-1.307354924973204713e-01
3.636000000000000000e+03,1.439196412218649801e+00,-1.307181080385851901e-01
3.637000000000000000e+03,1.440196489174704997e+00,-1.307007235798499645e-01
3.638000000000000000e+03,1.441196566130761081e+00,-1.306833391211146833e-01
3.639000000000000000e+03,1.442196643086816721e+00,-1.306659546623794299e-01
3.640000000000000000e+03,1.443196720042872361e+00,-1.306485702036441765e-01
3.641000000000000000e+03,1.444196796998928445e+00,-1.306311857449088953e-01
3.642000000000000000e+03,1.445196873954984085e+00,-1.306138012861736142e-01
3.643000000000000000e+03,1.446196950911039725e+00,-1.305964168274383885e-01
3.644000000000000000e+03,1.447197027867095365e+00,-1.305790323687031074e-01
3.645000000000000000e+03,1.448197104823151005e+00,-1.305616479099678540e-01
3.646000000000000000e+03,1.449197181779207089e+00,-1.305442634512326006e-01
3.647000000000000000e+03,1.450197258735262729e+00,-1.305268789924973194e-01
3.648000000000000000e+03,1.451197335691318369e+00,-1.305094945337620660e-01
3.649000000000000000e+03,1.452197412647374453e+00,-1.304921100750268126e-01
3.650000000000000000e+03,1.453197489603430093e+00,-1.304747256162915314e-01
3.651000000000000000e+03,1.454197566559485288e+00,-1.304573411575562780e-01
3.652000000000000000e+03,1.455197643515541372e+00,-1.304399566988210246e-01
3.653000000000000000e+03,1.456197720471597012e+00,-1.304225722400857435e-01
3.654000000000000000e+03,1.457197797427652652e+00,-1.304051877813504901e-01
3.655000000000000000e+03,1.458197874383708736e+00,-1.303878033226152366e-01
3.656000000000000000e+03,1.459197951339764376e+00,-1.303704188638799555e-01
3.657000000000000000e+03,1.460198028295820016e+00,-1.303530344051446743e-01
3.658000000000000000e+03,1.461198105251875656e+00,-1.303356499464094487e-01
3.659000000000000000e+03,1.462198182207931296e+00,-1.303182654876741675e-01
3.660000000000000000e+03,1.463198259163986936e+00,-1.303008810289389141e-01
3.661000000000000000e+03,1.464198336120043020e+00,-1.302834965702036607e-01
3.662000000000000000e+03,1.465198413076098660e+00,-1.302661121114683795e-01
3.663000000000000000e+03,1.466198490032154744e+00,-1.302487276527331261e-01
3.664000000000000000e+03,1.467198566988210384e+00,-1.302313431939978727e-01
3.665000000000000000e+03,1.468198643944265580e+00,-1.302139587352625916e-01
3.666000000000000000e+03,1.469198720900321664e+00,-1.301965742765273382e-01
3.667000000000000000e+03,1.470198797856377304e+00,-1.301791898177920848e-01
3.668000000000000000e+03,1.471198874812432944e+00,-1.301618053590568036e-01
3.669000000000000000e+03,1.472198951768489028e+00,-1.301444209003215502e-01
3.670000000000000000e+03,1.473199028724544668e+00,-1.301270364415862968e-01
3.671000000000000000e+03,1.474199105680600308e+00,-1.301096519828510156e-01
3.672000000000000000e+03,1.475199182636655948e+00,-1.300922675241157622e-01
3.673000000000000000e+03,1.476199259592711588e+00,-1.300748830653805088e-01
3.674000000000000000e+03,1.477199336548767228e+00,-1.300574986066452277e-01
3.675000000000000000e+03,1.478199413504823312e+00,-1.300401141479099743e-01
3.676000000000000000e+03,1.479199490460878952e+00,-1.300227296891747208e-01
3.677000000000000000e+03,1.480199567416934592e+00,-1.300053452304394397e-01
3.678000000000000000e+03,1.481199644372990676e+00,-1.299879607717041863e-01
3.679000000000000000e+03,1.482199721329045872e+00,-1.299705763129689329e-01
3.680000000000000000e+03,1.483199798285101956e+00,-1.299531918542336517e-01
3.681000000000000000e+03,1.484199875241157596e+00,-1.299358073954983983e-01
3.682000000000000000e+03,1.485199952197213236e+00,-1.299184229367631449e-01
3.683000000000000000e+03,1.486200029153269320e+00,-1.299010384780278637e-01
3.684000000000000000e+03,1.487200106109324960e+00,-1.298836540192926103e-01
3.685000000000000000e+03,1.488200183065380600e+00,-1.298662695605573569e-01
3.686000000000000000e+03,1.489200260021436240e+00,-1.298488851018220758e-01
3.687000000000000000e+03,1.490200336977491880e+00,-1.298315006430868224e-01
3.688000000000000000e+03,1.491200413933547519e+00,-1.298141161843515690e-01
3.689000000000000000e+03,1.492200490889603604e+00,-1.297967317256162878e-01
3.690000000000000000e+03,1.493200567845659243e+00,-1.297793472668810344e-01
3.691000000000000000e+03,1.494200644801714883e+00,-1.297619628081457810e-01
3.692000000000000000e+03,1.495200721757770967e+00,-1.297445783494104998e-01
3.693000000000000000e+03,1.496200798713826163e+00,-1.297271938906752464e-01
3.694000000000000000e+03,1.497200875669882247e+00,-1.297098094319399930e-01
3.695000000000000000e+03,1.498200952625937887e+00,-1.296924249732047119e-01
3.696000000000000000e+03,1.499201029581993527e+00,-1.296750405144694585e-01
3.697000000000000000e+03,1.500201106538049611e+00,-1.296576560557342050e-01
3.698000000000000000e+03,1.501201183494105251e+00,-1.296402715969989239e-01
3.699000000000000000e+03,1.502201260450160891e+00,-1.296228871382636705e-01
3.700000000000000000e+03,1.503201337406216531e+00,-1.296055026795284171e-01
3.701000000000000000e+03,1.504201414362272171e+00,-1.295881182207931359e-01
3.702000000000000000e+03,1.505201491318327811e+00,-1.295707337620578825e-01
3.703000000000000000e+03,1.506201568274383895e+00,-1.295533493033226291e-01
3.704000000000000000e+03,1.507201645230439535e+00,-1.295359648445873479e-01
3.705000000000000000e+03,1.508201722186495175e+00,-1.295185803858520945e-01
3.706000000000000000e+03,1.509201799142551259e+00,-1.295011959271168411e-01
3.707000000000000000e+03,1.510201876098606455e+00,-1.294838114683815600e-01
3.708000000000000000e+03,1.511201953054662539e+00,-1.294664270096463066e-01
3.709000000000000000e+03,1.512202030010718179e+00,-1.294490425509110532e-01
3.710000000000000000e+03,1.513202106966773819e+00,-1.294316580921757720e-01
3.711000000000000000e+03,1.514202183922829903e+00,-1.294142736334405186e-01
3.712000000000000000e+03,1.515202260878885543e+00,-1.293968891747052652e-01
3.713000000000000000e+03,1.516202337834941183e+00,-1.293795047159699840e-01
3.714000000000000000e+03,1.517202414790996823e+00,-1.293621202572347306e-01
3.715000000000000000e+03,1.518202491747052463e+00,-1.293447357984994772e-01
3.716000000000000000e+03,1.519202568703108103e+00,-1.293273513397641961e-01
3.717000000000000000e+03,1.520202645659164187e+00,-1.293099668810289427e-01
3.718000000000000000e+03,1.521202722615219827e+00,-1.292925824222936892e-01
3.719000000000000000e+03,1.522202799571275467e+00,-1.292751979635584081e-01
3.720000000000000000e+03,1.523202876527331551e+00,-1.292578135048231547e-01
3.721000000000000000e+03,1.524202953483386747e+00,-1.292404290460879013e-01
3.722000000000000000e+03,1.525203030439442387e+00,-1.292230445873526201e-01
3.723000000000000000e+03,1.526203107395498471e+00,-1.292056601286173667e-01
3.724000000000000000e+03,1.527203184351554111e+00,-1.291882756698821133e-01
3.725000000000000000e+03,1.528203261307610195e+00,-1.291708912111468321e-01
3.726000000000000000e+03,1.529203338263665835e+00,-1.291535067524115787e-01
3.727000000000000000e+03,1.530203415219721474e+00,-1.291361222936763253e-01
3.728000000000000000e+03,1.531203492175777114e+00,-1.291187378349410442e-01
3.729000000000000000e+03,1.532203569131832754e+00,-1.291013533762057908e-01
3.730000000000000000e+03,1.533203646087888394e+00,-1.290839689174705374e-01
3.731000000000000000e+03,1.534203723043944478e+00,-1.290665844587352562e-01
